ma,specialty,y,within,within_sd,mu_cold,sd_cold,aact
aact_diabetesme_purines,clinical_medicine,1.4648744612427478,0.441745218824896,0.7061134467731763,0.855467738652902,0.7308736274260917,True
aact_diabetesme_purines,clinical_medicine,1.0780693874367804,0.45392527651701453,0.7173211476301598,0.8627433912835791,0.7312606934473043,True
aact_diabetesme_purines,clinical_medicine,0.9270328284060572,0.44878134054348534,0.7231068601274238,0.8374119078044695,0.7301148162696199,True
aact_diabetesme_purines,clinical_medicine,1.0539635369992275,0.44785001082794496,0.7195349717219607,0.8279866474902315,0.7306594187567605,True
aact_diabetesme_purines,clinical_medicine,-0.4246479275249383,0.6144971688091334,0.666426922619746,0.6684330475349911,0.7329134971411422,True
aact_diabetesme_purines,clinical_medicine,1.4019216170055897,0.45286326472533983,0.7103230297265706,0.8875885961464631,0.73219901543179,True
aact_diabetesme_purines,clinical_medicine,1.339726725303556,0.4431060459492983,0.7109006558790067,0.8381293832052109,0.7309571086183466,True
aact_diabetesme_purines,clinical_medicine,1.4804675311371402,0.4342589034965613,0.703659546725893,0.8282312445526725,0.7306649014521173,True
aact_diabetesme_purines,clinical_medicine,-0.2033409240180301,0.46759099492643263,0.7160801019147307,0.7252493947183404,0.7604631727810993,True
aact_diabetesme_purines,clinical_medicine,1.603419840108537,0.4600766774235573,0.7107315568445458,0.8846008782471756,0.737288891770603,True
aact_diabetesme_purines,clinical_medicine,1.03992329231943,0.444846578565769,0.7182995096655496,0.8637858686099444,0.7301286515875087,True
aact_diabetesme_purines,clinical_medicine,1.0299764962779716,0.4540203513394597,0.7189853431037533,0.8469574166637518,0.7313886429033181,True
aact_diabetesme_purines,clinical_medicine,1.2587450401729154,0.4482420011950831,0.713912967560142,0.8454624362647577,0.7312989554176947,True
aact_diabetesme_purines,clinical_medicine,1.2513333756857736,0.44358221234793777,0.7111438665843954,0.8712394252846686,0.7303363796362637,True
aact_diabetesme_purines,clinical_medicine,1.634130525024472,0.43211510490907845,0.6973373953479789,0.8329634692160656,0.7307860244465214,True
aact_diabetesme_purines,clinical_medicine,2.118542055301751,0.4459562220895462,0.6932210485736915,0.8909957660225217,0.7330737142507581,True
aact_diabetesme_purines,clinical_medicine,2.921816590603823,0.45885211874014514,0.7069276304182281,0.7691789998161113,0.7487983068333781,True
aact_diabetesme_purines,clinical_medicine,1.3166762942390209,0.42669597665159315,0.7027246275304329,0.8757212120786826,0.7304490118499887,True
aact_diabetesme_purines,clinical_medicine,0.5838901946229957,0.4710344728167744,0.71486118503964,0.9736339545446718,0.734848420536957,True
aact_diabetesme_purines,clinical_medicine,0.009950330853168,0.8354455035277635,0.7854417444990461,0.5193872181171831,0.7418340634929004,True
aact_diabetesme_glucagon-l,clinical_medicine,3.779405480813307,2.69377888322971,0.8853032159428064,0.8169670820883811,0.5081654318075882,True
aact_diabetesme_glucagon-l,clinical_medicine,3.805773205585436,2.6966229768280088,0.8839728641626489,0.8181952802363952,0.5084116424929909,True
aact_diabetesme_glucagon-l,clinical_medicine,2.222459048514761,2.9049451072660957,0.9568000794214735,0.6621483952748403,0.5073735615061656,True
aact_diabetesme_glucagon-l,clinical_medicine,3.4326960487215263,2.761642219889642,0.899548900377431,0.698305934747313,0.5283923004540579,True
aact_diabetesme_glucagon-l,clinical_medicine,4.034948352265444,2.7547767743629827,0.8941696789200668,0.4753093936498263,0.5404922354681551,True
aact_diabetesme_glucagon-l,clinical_medicine,1.1085626195212777,3.0759782519632797,0.5920798336109412,0.7241409208826807,0.5075317712845083,True
aact_diabetesme_glucagon-l,clinical_medicine,3.393837027255863,2.681310944536073,0.9252580364125487,0.7650037613301092,0.5072399524056053,True
aact_diabetesme_glucagon-l,clinical_medicine,2.73046379593911,2.7739598404190584,0.9052416463419335,0.7069656071391167,0.5256431966265919,True
aact_diabetesme_glucagon-l,clinical_medicine,3.5319332036512097,2.6812318006161404,0.9069534504460953,0.801809984782423,0.5092867239120931,True
aact_diabetesme_glucagon-l,clinical_medicine,3.6958550678503617,2.7591367191159613,0.8971106567715454,0.5329798930176878,0.5374953054050926,True
aact_diabetesme_glucagon-l,clinical_medicine,2.827313621929028,2.757056424895248,0.9963167362485988,0.6907878022126482,0.509053119452896,True
aact_diabetesme_glucagon-l,clinical_medicine,3.631515136724365,2.737778903811384,0.898186551406589,0.7838423320887417,0.5131788050272755,True
aact_carcinoma_taxoids,oncology,2.0844290831908747,0.4127293676350078,0.4321263303595695,0.3968083212711746,0.7461797849010973,True
aact_carcinoma_taxoids,oncology,-0.3011050927839216,0.5116515297814351,0.49547498588162187,0.3816198139492236,0.7445078943573102,True
aact_carcinoma_taxoids,oncology,1.5432981099295553,0.39396244809416714,0.49652902376402097,0.3648435212450788,0.7472343645435399,True
aact_carcinoma_taxoids,oncology,0.5158131652770298,0.47567609324839616,0.48040469774567046,0.21825054329982752,0.7425378149135484,True
aact_carcinoma_taxoids,oncology,-0.3147107448397002,0.5170098632585731,0.5077300809739962,0.3774493996453291,0.7449496882597961,True
aact_carcinoma_taxoids,oncology,0.5653138090500605,0.46980595077648035,0.5438496502211432,0.305108579391526,0.7433250373895585,True
aact_carcinoma_taxoids,oncology,-0.2613647641344075,0.5351797184124929,0.5591419223789352,0.3729074203955184,0.7488810979601823,True
aact_carcinoma_taxoids,oncology,0.4762341789963717,0.4799245722746252,0.5290499642944122,0.29667643251081477,0.7426112536089554,True
aact_carcinoma_taxoids,oncology,0.494696241836107,0.4706292985822529,0.6247619211243886,0.13503872536941663,0.747372077349416,True
aact_carcinoma_taxoids,oncology,-0.1278333715098848,0.5187859748464587,0.5501934616677078,0.36769968980643264,0.74664796062021,True
aact_neoplasmsb_antibodies,oncology,-0.843970070294529,0.34914464713653026,0.5046297596604807,0.31818043689833564,0.7456476983501764,True
aact_neoplasmsb_antibodies,oncology,1.1346227261911428,0.17229974349291682,0.5725190439628003,0.40483735310633473,0.7491479207007048,True
aact_neoplasmsb_antibodies,oncology,-0.4462871026284195,0.2695651200612316,0.5937426165754797,0.40372868121358185,0.7480214242638353,True
aact_neoplasmsb_antibodies,oncology,1.0581374561023913,0.11619498038632838,0.5445358218792018,0.28971855947714287,0.7462054242896764,True
aact_neoplasmsb_antibodies,oncology,0.2390169004704999,0.23258389466098142,0.6050740852482845,0.41003709387116327,0.7498103342012277,True
aact_neoplasmsb_antibodies,oncology,0.5822156198526637,0.152947759340552,0.6341154493975688,0.258149342671685,0.746382174231984,True
aact_neoplasmsb_antibodies,oncology,-0.616186139423817,0.33718276707354705,0.5475887444645027,0.30330673577425893,0.7458226966267983,True
aact_neoplasmsb_antibodies,oncology,0.2851789422336624,0.20237209284242455,0.7380273296798803,0.19471421300278502,0.7491448053844378,True
aact_neoplasmsb_antibodies,oncology,0.245296355955343,0.23128825083822097,0.6022571536424943,0.43781752444481825,0.7523982108759323,True
aact_neoplasmsb_antibodies,oncology,0.7542422799197561,0.2186702141846596,0.598328622749214,0.4246037647118497,0.7500662931290711,True
aact_diabetesme_insulin,clinical_medicine,1.7227665977411035,0.04801425024918379,0.6055445404360442,0.9380322138525352,0.7552890996842029,True
aact_diabetesme_insulin,clinical_medicine,0.6729444732424258,0.013850275812671398,0.6547366850061281,0.8916227078697986,0.755329570684153,True
aact_diabetesme_insulin,clinical_medicine,-0.0408219945202551,0.12271842977778034,0.7051558868667304,0.7045383627097042,0.7572519254833675,True
aact_diabetesme_insulin,clinical_medicine,-0.8255363686056909,0.07215912647391728,0.6556961200941269,1.039576335681809,0.757572234567037,True
aact_diabetesme_insulin,clinical_medicine,0.9516578757114464,0.09971877826198101,0.6623049710488303,0.7929225919687597,0.7560270056802718,True
aact_diabetesme_insulin,clinical_medicine,0.5877866649021191,0.08469857168674477,0.6795178394953336,0.8425007462911015,0.7555849207783343,True
aact_diabetesme_insulin,clinical_medicine,0.0582689081239758,0.04370488113388367,0.6724835808582321,0.8644262971760782,0.755447189756846,True
aact_diabetesme_insulin,clinical_medicine,-0.3285040669720361,0.10967769085583702,0.7010564868350067,0.5554858512668616,0.7607330801558542,True
aact_diabetesme_insulin,clinical_medicine,2.0268315914075385,0.09135135534015577,0.588025027606892,0.9563869179868589,0.7553455704478643,True
aact_diabetesme_insulin,clinical_medicine,0.9321640810304452,0.03154710687987036,0.6493881163679006,0.8981387074309609,0.7553107856563536,True
aact_carcinoma_guanine,oncology,1.5690324977990613,0.28225108867860943,0.2964691067048771,0.2812420889349408,0.7394211533716455,True
aact_carcinoma_guanine,oncology,1.8562979903656265,0.3837214745170058,0.43529585242627084,0.3452842440768624,0.7513824769510277,True
aact_carcinoma_guanine,oncology,0.5364933705145685,0.39092468366890604,0.48401199538980294,0.28951123875068807,0.7398395479140275,True
aact_carcinoma_guanine,oncology,0.2546422183735807,0.45583046052394727,0.5383881909312869,0.22767962651069548,0.7408826907699966,True
aact_carcinoma_guanine,oncology,0.9162907318741552,0.3909103796823674,0.46764114807810975,0.3225802794493269,0.7472956678921376,True
aact_carcinoma_guanine,oncology,0.4762341789963717,0.39305331920156944,0.5077836169808234,0.28290512677632773,0.7426336429926637,True
aact_carcinoma_guanine,oncology,-0.0408219945202551,0.525414965549019,0.4587778403651394,0.24046920326700358,0.7402920646968276,True
aact_carcinoma_guanine,oncology,0.29266961396282,0.40790193601315583,0.48454528929868823,0.2858810734132321,0.7401786185781614,True
aact_carcinoma_guanine,oncology,0.5068176023684519,0.394057371853896,0.4826877687849484,0.294143421375588,0.740085775614513,True
aact_carcinoma_guanine,oncology,0.2070141693843261,0.4261317803119595,0.4859062617040117,0.29555464407795007,0.7405107305210197,True
aact_intestinal_antibodies,oncology,1.673351238177753,0.2891364142331038,0.2685188085489209,0.2834075934166679,0.7405859094727735,True
aact_intestinal_antibodies,oncology,0.1397619423751586,0.4341314248833733,0.4603192310588584,0.21192145538279306,0.7420797177130914,True
aact_intestinal_antibodies,oncology,-0.8915981192837836,0.42471370577374046,0.38009459594405226,0.3796192257053834,0.7419460853897305,True
aact_intestinal_antibodies,oncology,0.5709795465857378,0.3506133788970539,0.4609546477002896,0.24801694704101365,0.7450572536045866,True
aact_intestinal_antibodies,oncology,0.2758118998812936,0.3942177660413524,0.45069556931654137,0.2918833772197865,0.7404216257218788,True
aact_intestinal_antibodies,oncology,0.62057648772511,0.37836527731418257,0.4415611251477855,0.370612840694463,0.7419643385606852,True
aact_intestinal_antibodies,oncology,0.7371640659767196,0.3763660671310922,0.4354939148252664,0.39582954725517105,0.7424617672830727,True
aact_intestinal_antibodies,oncology,0.3364722366212129,0.4098645795992031,0.5339299442368219,0.14079395913200213,0.7462582223753332,True
aact_intestinal_antibodies,oncology,0.0769610411361284,0.3977493608052464,0.43961949828519375,0.3575895347036785,0.7412239471909797,True
aact_intestinal_antibodies,oncology,0.3001045924503381,0.40210333420986627,0.47597030249037103,0.2015064090181415,0.7419409027140549,True
aact_hepatitisc_ribonucleo,infectious_disease,0.494696241836107,0.01257960110114301,0.36058528543036455,-0.18263244783012314,0.7414822808918744,True
aact_hepatitisc_ribonucleo,infectious_disease,0.0769610411361284,0.08052053606478876,0.45361871893024397,-0.08072441207264502,0.7510149206353338,True
aact_hepatitisc_ribonucleo,infectious_disease,0.5359084041334539,0.06774202934603146,0.37114737777943624,-0.406486212000868,0.7338733627876614,True
aact_hepatitisc_ribonucleo,infectious_disease,-0.3856624808119846,0.09776615691320832,0.3700811858409842,-0.3661887119935078,0.736662222583359,True
aact_hepatitisc_ribonucleo,infectious_disease,0.1397619423751586,0.07809079643253744,0.3814323312035154,-0.34884944628960346,0.735204354500301,True
aact_hepatitisc_ribonucleo,infectious_disease,0.6931471805599453,0.05115205014106614,0.3581534641810432,-0.35937040128819864,0.7326141536951079,True
aact_hepatitisc_ribonucleo,infectious_disease,0.0382587121170902,0.08965706418643983,0.4088409986194361,-0.1421384658201037,0.746225546038714,True
aact_hepatitisc_ribonucleo,infectious_disease,-0.4307829160924542,0.21436132124274734,0.29905613924494895,-0.13630301754861612,0.7447391563684375,True
aact_hepatitisc_ribonucleo,infectious_disease,1.3937663759585917,0.07298588484808981,0.35682970802409275,-0.5526073470821362,0.7412856955730545,True
aact_hepatitisc_ribonucleo,infectious_disease,0.9501122803496656,0.058561352587979475,0.351767969194,-0.42218010494165537,0.733619086165514,True
aact_spondylart_secukinuma,clinical_medicine,1.175573329804238,1.1901046020490746,0.5491534006632822,1.0081908648986804,0.7133130159165416,True
aact_spondylart_secukinuma,clinical_medicine,2.2669579153508947,1.1462490019785594,0.49258113516162216,1.1178252479907065,0.7164643617409135,True
aact_spondylart_secukinuma,clinical_medicine,1.5496879080283263,1.1506492112812639,0.5398738822937966,0.9956353698830703,0.7135783010950256,True
aact_spondylart_secukinuma,clinical_medicine,1.7101878155342434,1.113131906043483,0.5207530056688626,0.844705033950495,0.7119885332999951,True
aact_spondylart_secukinuma,clinical_medicine,1.5216989981260935,1.097501468767904,0.561391182780253,0.7815339688332092,0.7136760130899535,True
aact_spondylart_secukinuma,clinical_medicine,0.7701082216960737,1.2492808448562074,0.5381687139328754,0.9225820597017803,0.7134489312469129,True
aact_spondylart_secukinuma,clinical_medicine,0.904218150639886,1.2506949232461366,0.5642267538279809,0.8378088396419285,0.7137998260011438,True
aact_spondylart_secukinuma,clinical_medicine,-0.5108256237659907,1.2374233647496133,0.44550099081809136,1.1302647490222242,0.7179953528660364,True
aact_spondylart_secukinuma,clinical_medicine,0.4885800148186709,1.243260540225701,0.5079524745020515,1.0335122414968931,0.7138925743265724,True
aact_spondylart_secukinuma,clinical_medicine,1.0681530811834012,1.196913607693331,0.5350699958754537,1.0800669073756188,0.7155964582887131,True
aact_carcinoma_antibodies,oncology,1.7404661748405046,0.22174746422176506,0.557314937808629,0.3167079264926525,0.7490897660581263,True
aact_carcinoma_antibodies,oncology,0.262364264467491,0.3583531000761094,0.6911837373160643,0.37718753215461426,0.7559722202487695,True
aact_carcinoma_antibodies,oncology,-0.2107210313156525,0.3930095213955011,0.6846859343346458,0.31331399021141376,0.7477484995657614,True
aact_carcinoma_antibodies,oncology,0.4382549309311553,0.3212281912516798,0.7932890006624392,0.25152128007327357,0.7499662075466155,True
aact_carcinoma_antibodies,oncology,0.2390169004704999,0.3657703171064363,0.7202997058012084,0.3047247797555805,0.7489250695999483,True
aact_carcinoma_antibodies,oncology,0.1484200051182732,0.3293084930900206,0.6887095232224526,0.3348261253275624,0.7478022739031944,True
aact_carcinoma_antibodies,oncology,-0.3566749439387324,0.48455656529251373,0.6570107221524856,0.2779149306076179,0.7480272217436996,True
aact_carcinoma_antibodies,oncology,0.009950330853168,0.405888125882371,0.720264324748438,0.2868403197124919,0.7485725116600924,True
aact_carcinoma_antibodies,oncology,1.8931119634883424,0.24861397409242664,0.5658884027004039,0.3297426001766333,0.7503807565533523,True
aact_diabetesme_insulin,clinical_medicine,-0.2107210313156525,0.16144999532727577,0.6833241903666463,0.9447505869281467,0.7553041314689309,True
aact_diabetesme_insulin,clinical_medicine,-0.2231435513142097,0.15824230215563578,0.6808422837931359,0.9860904098931559,0.7555703953783761,True
aact_diabetesme_insulin,clinical_medicine,0.1043600153242428,0.18270181736865826,0.7209551613918151,0.7174436046781367,0.7570377069013555,True
aact_diabetesme_insulin,clinical_medicine,-0.6296091597559575,0.10730458983897194,0.6606226106801165,0.9189195687990979,0.7552780048754062,True
aact_diabetesme_insulin,clinical_medicine,-0.0725706928348353,0.0742035063862781,0.6692574240593333,0.9796455583220411,0.7555031337045086,True
aact_diabetesme_insulin,clinical_medicine,-0.1053605156578262,0.08018004015579117,0.6777664706080679,0.8615791455676758,0.7554629557784409,True
aact_diabetesme_insulin,clinical_medicine,0.0198026272961797,0.157841649482352,0.6984241840645227,0.8198747423013755,0.7557647204748992,True
aact_diabetesme_insulin,clinical_medicine,-0.2231435513142097,0.07631968577650898,0.6663239763561881,1.008593283687963,0.7559312290966573,True
aact_diabetesme_insulin,clinical_medicine,-0.8603830999358592,0.14006146104187192,0.608133379518471,0.7237350240496683,0.7569370572396035,True
aact_diabetesme_triazoles,clinical_medicine,1.3862943611198906,0.605032935891353,0.52482295915641,0.7188570711344524,0.7523621674010489,True
aact_diabetesme_triazoles,clinical_medicine,1.2809338454620642,0.6692064721324937,0.5512973589297613,0.8264268805921705,0.752292133857904,True
aact_diabetesme_triazoles,clinical_medicine,-0.4004775665971252,0.8905512193122178,0.33621710818361267,0.6823264813015423,0.7528381376695528,True
aact_diabetesme_triazoles,clinical_medicine,2.0001277349601105,0.6753538253537205,0.5239567566061332,0.9235064114067308,0.7536317968601285,True
aact_diabetesme_triazoles,clinical_medicine,0.6931471805599453,0.699818237805358,0.5921627205770648,0.7125799958655423,0.7524360583157642,True
aact_diabetesme_triazoles,clinical_medicine,1.0818051703517284,0.6625475984514889,0.5712850558717371,0.7976703163848081,0.752100520333068,True
aact_diabetesme_triazoles,clinical_medicine,0.5877866649021191,0.7257843117775463,0.6083086560529959,0.6663133078844422,0.7531844382638976,True
aact_diabetesme_triazoles,clinical_medicine,0.7466879474879751,0.6790462559072111,0.6505225882135768,0.55370134597115,0.7553224020008814,True
aact_depressive_piperazine,psychiatry,-0.7550225842780328,0.5895734732664392,0.38175713980029846,0.2771954706841212,0.7695452835804542,True
aact_depressive_piperazine,psychiatry,0.2231435513142097,0.5335596366793064,0.5471341984724102,0.12676213238374012,0.7729940048013472,True
aact_depressive_piperazine,psychiatry,0.5810976767513224,0.472645993224608,0.5452535132559788,0.15129523927732352,0.7740330501903137,True
aact_depressive_piperazine,psychiatry,0.29266961396282,0.5058828908519211,0.5500524498910869,0.20196451819878586,0.7698309700462541,True
aact_depressive_piperazine,psychiatry,0.6043159668533296,0.4565946427467897,0.565413669597102,0.10398290318332903,0.7737807054271145,True
aact_depressive_piperazine,psychiatry,1.1410330045520618,0.3989587696806323,0.48724121965848477,0.19684940504825113,0.7710816833849143,True
aact_depressive_piperazine,psychiatry,1.2119409739751128,0.38610190810326,0.47248660420179567,0.19891697947754286,0.7705966171894327,True
aact_depressive_piperazine,psychiatry,0.208638865111328,0.5151262224795428,0.5382455912021439,0.20973968425604328,0.7704541165527855,True
aact_diabetesme_thiophenes,clinical_medicine,1.2178757094949273,1.6672703095169559,0.49807141217172063,0.8645068161965708,0.7234807392534465,True
aact_diabetesme_thiophenes,clinical_medicine,1.4996230464268938,1.6653685862989787,0.5481566385829626,0.7059635046305212,0.7227383391365463,True
aact_diabetesme_thiophenes,clinical_medicine,2.174751721484161,1.562418917390366,0.48133986766616277,0.8111568350899135,0.7229494550504866,True
aact_diabetesme_thiophenes,clinical_medicine,1.682688374173693,1.6263555188357988,0.5154722122082468,0.8459610509929365,0.7233636889326848,True
aact_diabetesme_thiophenes,clinical_medicine,1.1908875647772803,1.6948934902744255,0.4960883067741645,0.8039335020665874,0.7228098441002807,True
aact_diabetesme_thiophenes,clinical_medicine,2.681706225762608,1.4937156370938467,0.33394286718833727,0.8067878949433709,0.7229155793698856,True
aact_diabetesme_thiophenes,clinical_medicine,1.47932922708708,1.672069045044077,0.5482291754846335,0.7003328142994447,0.7227535851123951,True
aact_diabetesme_thiophenes,clinical_medicine,0.9895411936137476,1.6722647573502283,0.48018062282830903,0.8808468940335386,0.7242941360180327,True
