ma,family,specialty,yi,se,year
assink2016,SMD,psych_criminology,0.9066,0.2720294101747089,4.5
assink2016,SMD,psych_criminology,0.4295,0.19949937343260005,4.5
assink2016,SMD,psych_criminology,0.2679,0.2193171219946131,4.5
assink2016,SMD,psych_criminology,0.2078,0.15459624833740307,4.5
assink2016,SMD,psych_criminology,0.0526,0.1819340539866025,4.5
assink2016,SMD,psych_criminology,-0.0507,0.2976575213227443,4.5
assink2016,SMD,psych_criminology,0.5117,0.10723805294763608,1.5
assink2016,SMD,psych_criminology,0.4738,0.08717797887081347,1.5
assink2016,SMD,psych_criminology,0.3544,0.0806225774829855,1.5
assink2016,SMD,psych_criminology,2.2844,0.5766281297335398,-8.5
assink2016,SMD,psych_criminology,2.1771,0.5543464620614079,-8.5
assink2016,SMD,psych_criminology,1.7777,0.5193264869039514,-8.5
assink2016,SMD,psych_criminology,1.548,0.6732755750805163,-8.5
assink2016,SMD,psych_criminology,1.4855,0.3416138170507744,-6.5
assink2016,SMD,psych_criminology,1.4836,0.4130375285612677,-6.5
assink2016,SMD,psych_criminology,1.2777,0.39217343102255153,-8.5
assink2016,SMD,psych_criminology,1.0311,0.5596427431853289,-8.5
assink2016,SMD,psych_criminology,0.9409,0.3856163896931768,-6.5
assink2016,SMD,psych_criminology,0.6263,0.4624932431938871,-6.5
assink2016,SMD,psych_criminology,-0.0447,0.1819340539866025,-7.5
assink2016,SMD,psych_criminology,1.549,0.3720215047547655,-11.5
assink2016,SMD,psych_criminology,0.7516,0.21840329667841554,5.5
assink2016,SMD,psych_criminology,0.3979,0.21189620100417092,5.5
assink2016,SMD,psych_criminology,0.2062,0.5943904440685432,5.5
assink2016,SMD,psych_criminology,-0.2927,0.2753179979587241,5.5
assink2016,SMD,psych_criminology,-0.5067,0.1772004514666935,5.5
assink2016,SMD,psych_criminology,1.7083,0.27,3.5
assink2016,SMD,psych_criminology,0.8003,0.28548204847240394,3.5
assink2016,SMD,psych_criminology,0.7268,0.3733630940518894,3.5
assink2016,SMD,psych_criminology,0.6569,0.30708305065568176,3.5
assink2016,SMD,psych_criminology,0.5569,0.36810324638611924,3.5
assink2016,SMD,psych_criminology,0.3504,0.27622454633866267,3.5
assink2016,SMD,psych_criminology,0.3695,0.14106735979665885,1.5
assink2016,SMD,psych_criminology,0.1048,0.1819340539866025,5.5
assink2016,SMD,psych_criminology,0.1748,0.18601075237738274,5.5
assink2016,SMD,psych_criminology,0.4549,0.16673332000533067,4.5
assink2016,SMD,psych_criminology,0.3161,0.13601470508735444,4.5
assink2016,SMD,psych_criminology,0.0826,0.18110770276274835,4.5
assink2016,SMD,psych_criminology,0.0221,0.24738633753705963,4.5
assink2016,SMD,psych_criminology,-0.0199,0.11269427669584645,4.5
assink2016,SMD,psych_criminology,2.358,0.35014282800023194,-6.5
assink2016,SMD,psych_criminology,2.358,0.35014282800023194,-6.5
assink2016,SMD,psych_criminology,2.3157,0.4915282290977803,-6.5
assink2016,SMD,psych_criminology,2.0765,0.290516780926679,-6.5
assink2016,SMD,psych_criminology,2.0034,0.2792848008753788,-6.5
assink2016,SMD,psych_criminology,1.7716,0.26888659319497504,-6.5
assink2016,SMD,psych_criminology,1.4918,0.26476404589747454,-6.5
assink2016,SMD,psych_criminology,1.4476,0.2054263858417414,-6.5
assink2016,SMD,psych_criminology,1.2897,0.25748786379167465,-6.5
assink2016,SMD,psych_criminology,1.2637,0.3057776970284131,-6.5
assink2016,SMD,psych_criminology,1.2423,0.1979898987322333,-6.5
assink2016,SMD,psych_criminology,1.1769,0.19672315572906002,-6.5
assink2016,SMD,psych_criminology,1.076,0.1977371993328519,-6.5
assink2016,SMD,psych_criminology,1.0653,0.19493588689617927,-6.5
assink2016,SMD,psych_criminology,1.0379,0.40632499307820086,-6.5
assink2016,SMD,psych_criminology,1.0101,0.2420743687382041,-6.5
assink2016,SMD,psych_criminology,1.0087,0.19646882704388502,-6.5
assink2016,SMD,psych_criminology,0.8765,0.2988310559496787,-6.5
assink2016,SMD,psych_criminology,0.8615,0.3988734135035826,-6.5
assink2016,SMD,psych_criminology,0.8531,0.18708286933869708,-6.5
assink2016,SMD,psych_criminology,0.6999,0.18788294228055935,-6.5
assink2016,SMD,psych_criminology,0.6947,0.18788294228055935,-6.5
assink2016,SMD,psych_criminology,0.2994,0.06403124237432849,4.5
assink2016,SMD,psych_criminology,0.2992,0.0648074069840786,4.5
assink2016,SMD,psych_criminology,0.2989,0.06403124237432849,4.5
assink2016,SMD,psych_criminology,0.291,0.0648074069840786,4.5
assink2016,SMD,psych_criminology,0.217,0.06403124237432849,4.5
assink2016,SMD,psych_criminology,0.3874,0.1174734012447073,-3.5
assink2016,SMD,psych_criminology,0.2178,0.11704699910719625,-3.5
assink2016,SMD,psych_criminology,0.4571,0.1,-1.5
assink2016,SMD,psych_criminology,0.1947,0.07681145747868608,-1.5
assink2016,SMD,psych_criminology,0.0239,0.05,-1.5
assink2016,SMD,psych_criminology,-0.0575,0.0565685424949238,-1.5
assink2016,SMD,psych_criminology,-0.119,0.28089143810376277,-1.5
assink2016,SMD,psych_criminology,-0.2945,0.13379088160259653,-1.5
assink2016,SMD,psych_criminology,0.713,0.3920459156782532,-13.5
assink2016,SMD,psych_criminology,0.399,0.4831148931672465,-13.5
assink2016,SMD,psych_criminology,-0.7645,0.40914545090957566,-13.5
assink2016,SMD,psych_criminology,0.7156,0.3023243291566195,2.5
assink2016,SMD,psych_criminology,0.7067,0.2958039891549808,2.5
assink2016,SMD,psych_criminology,0.6475,0.1816590212458495,2.5
assink2016,SMD,psych_criminology,0.6428,0.2934280150224242,2.5
assink2016,SMD,psych_criminology,0.6271,0.2,2.5
assink2016,SMD,psych_criminology,0.6238,0.260768096208106,2.5
assink2016,SMD,psych_criminology,0.6025,0.358747822293042,2.5
assink2016,SMD,psych_criminology,0.5763,0.18220867158288598,2.5
assink2016,SMD,psych_criminology,0.5171,0.22737634001804147,2.5
assink2016,SMD,psych_criminology,-0.3797,0.19748417658131498,2.5
assink2016,SMD,psych_criminology,-0.4228,0.25768197453450253,2.5
assink2016,SMD,psych_criminology,-0.4245,0.2844292530665578,2.5
assink2016,SMD,psych_criminology,-0.4671,0.25826343140289915,2.5
assink2016,SMD,psych_criminology,-0.523,0.31432467291003424,2.5
assink2016,SMD,psych_criminology,-0.5675,0.18439088914585774,2.5
assink2016,SMD,psych_criminology,-0.7586,0.20904544960366872,2.5
assink2016,SMD,psych_criminology,0.3453,0.18439088914585774,5.5
assink2016,SMD,psych_criminology,0.1221,0.12569805089976535,5.5
assink2016,SMD,psych_criminology,0.0906,0.10344080432788601,5.5
assink2016,SMD,psych_criminology,0.004,0.14422205101855956,5.5
assink2016,SMD,psych_criminology,-0.0207,0.11090536506409417,5.5
assink2016,SMD,psych_criminology,-0.066,0.1,5.5
kalaian1996,SMD,education,0.22,0.28583211855912904,1980.0
kalaian1996,SMD,education,0.09,0.22516660498395405,1980.0
kalaian1996,SMD,education,0.14,0.3232645975048923,1980.0
kalaian1996,SMD,education,0.14,0.2102379604162864,1980.0
kalaian1996,SMD,education,-0.01,0.23130067012440755,1980.0
kalaian1996,SMD,education,0.14,0.23600847442411893,1980.0
kalaian1996,SMD,education,0.18,0.2368543856465402,1980.0
kalaian1996,SMD,education,0.01,0.3392639090737475,1980.0
kalaian1996,SMD,education,0.13,0.12124355652982141,1973.0
kalaian1996,SMD,education,0.12,0.12124355652982141,1973.0
kalaian1996,SMD,education,0.25,0.147648230602334,1973.0
kalaian1996,SMD,education,0.06,0.14696938456699069,1973.0
kalaian1996,SMD,education,0.31,0.14866068747318506,1973.0
kalaian1996,SMD,education,0.09,0.14798648586948743,1973.0
kalaian1996,SMD,education,0.0,0.38522720568516444,1986.0
kalaian1996,SMD,education,0.07,0.38522720568516444,1986.0
kalaian1996,SMD,education,0.01,0.22427661492005804,1966.0
kalaian1996,SMD,education,0.67,0.3695943722515266,1966.0
kalaian1996,SMD,education,-0.38,0.3950949253027682,1966.0
kalaian1996,SMD,education,-0.24,0.36633318168028406,1966.0
kalaian1996,SMD,education,0.29,0.24899799195977465,1966.0
kalaian1996,SMD,education,0.26,0.25865034312755125,1966.0
kalaian1996,SMD,education,-0.41,0.3676955262170047,1966.0
kalaian1996,SMD,education,0.08,0.36013886210738216,1966.0
kalaian1996,SMD,education,0.3,0.27055498516937365,1966.0
kalaian1996,SMD,education,-0.53,0.38496753109840315,1966.0
kalaian1996,SMD,education,0.13,0.3687817782917155,1966.0
kalaian1996,SMD,education,0.26,0.3666060555964672,1966.0
kalaian1996,SMD,education,0.47,0.3609709129556009,1966.0
kalaian1996,SMD,education,0.13,0.34871191548325386,1988.0
kalaian1996,SMD,education,0.48,0.35327043465311386,1988.0
kalaian1996,SMD,education,0.5,0.2872281323269014,1986.0
kalaian1996,SMD,education,0.74,0.2924038303442689,1986.0
kalaian1996,SMD,education,-0.23,0.5016971197844372,1987.0
kalaian1996,SMD,education,0.33,0.5033885179461288,1987.0
kalaian1996,SMD,education,0.13,0.3054504869860253,1985.0
kalaian1996,SMD,education,0.13,0.3054504869860253,1985.0
kalaian1996,SMD,education,0.13,0.21095023109728986,1960.0
kalaian1996,SMD,education,0.34,0.21236760581595301,1960.0
kalaian1996,SMD,education,0.06,0.22956480566497992,1979.0
kalaian1996,SMD,education,0.09,0.19621416870348585,1962.0
kalaian1996,SMD,education,-0.11,0.20024984394500786,1962.0
kalaian1996,SMD,education,-0.1,0.32649655434629016,1988.0
kalaian1996,SMD,education,-0.08,0.3263433774416144,1988.0
kalaian1996,SMD,education,-0.14,0.31733263305244863,1988.0
kalaian1996,SMD,education,-0.29,0.31859064644147983,1988.0
kalaian1996,SMD,education,-0.16,0.33045423283716613,1988.0
kalaian1996,SMD,education,-0.34,0.332264954516723,1988.0
kalaian1996,SMD,education,-0.07,0.33,1988.0
kalaian1996,SMD,education,-0.06,0.33,1988.0
kalaian1996,SMD,education,-0.02,0.13638181696985854,1958.0
kalaian1996,SMD,education,0.21,0.13638181696985854,1958.0
kalaian1996,SMD,education,0.06,0.09797958971132711,1953.0
kalaian1996,SMD,education,0.17,0.09848857801796104,1953.0
kalaian1996,SMD,education,0.06,0.12409673645990857,1955.0
kalaian1996,SMD,education,0.2,0.11224972160321824,1955.0
kalaian1996,SMD,education,0.15,0.0818535277187245,1978.0
kalaian1996,SMD,education,0.03,0.0818535277187245,1978.0
kalaian1996,SMD,education,0.17,0.3207802986469088,1976.0
kalaian1996,SMD,education,-0.19,0.3207802986469088,1976.0
kalaian1996,SMD,education,0.02,0.19621416870348585,1961.0
kalaian1996,SMD,education,0.1,0.19646882704388502,1961.0
kalaian1996,SMD,education,-0.04,0.17888543819998318,1987.0
kalaian1996,SMD,education,0.6,0.1824828759089466,1987.0
kalaian1996,SMD,education,0.4,0.41218927691049895,1992.0
kalaian1996,SMD,education,0.54,0.2823118842698621,1988.0
kalaian1996,SMD,education,0.57,0.282842712474619,1988.0
konstantopoulos2011,SMD,education,-0.18,0.34351128074635334,1976.0
konstantopoulos2011,SMD,education,-0.22,0.34351128074635334,1976.0
konstantopoulos2011,SMD,education,0.23,0.3794733192202055,1976.0
konstantopoulos2011,SMD,education,-0.3,0.3794733192202055,1976.0
konstantopoulos2011,SMD,education,0.13,0.11832159566199232,1989.0
konstantopoulos2011,SMD,education,-0.26,0.11832159566199232,1989.0
konstantopoulos2011,SMD,education,0.19,0.1224744871391589,1989.0
konstantopoulos2011,SMD,education,0.32,0.15491933384829668,1989.0
konstantopoulos2011,SMD,education,0.45,0.15165750888103102,1994.0
konstantopoulos2011,SMD,education,0.38,0.2073644135332772,1994.0
konstantopoulos2011,SMD,education,0.29,0.10954451150103323,1994.0
konstantopoulos2011,SMD,education,0.16,0.1414213562373095,1976.0
konstantopoulos2011,SMD,education,0.65,0.06324555320336758,1976.0
konstantopoulos2011,SMD,education,0.36,0.06324555320336758,1976.0
konstantopoulos2011,SMD,education,0.6,0.08366600265340755,1976.0
konstantopoulos2011,SMD,education,0.08,0.13784048752090222,1997.0
konstantopoulos2011,SMD,education,0.04,0.08366600265340755,1997.0
konstantopoulos2011,SMD,education,0.19,0.07071067811865475,1997.0
konstantopoulos2011,SMD,education,-0.06,0.06324555320336758,1997.0
konstantopoulos2011,SMD,education,-0.18,0.1414213562373095,1976.0
konstantopoulos2011,SMD,education,0.0,0.1341640786499874,1976.0
konstantopoulos2011,SMD,education,0.0,0.13784048752090222,1976.0
konstantopoulos2011,SMD,education,-0.28,0.14832396974191325,1976.0
konstantopoulos2011,SMD,education,-0.04,0.1414213562373095,1976.0
konstantopoulos2011,SMD,education,-0.3,0.14491376746189438,1976.0
konstantopoulos2011,SMD,education,0.07,0.07745966692414834,1976.0
konstantopoulos2011,SMD,education,0.0,0.08366600265340755,1976.0
konstantopoulos2011,SMD,education,0.05,0.08366600265340755,1976.0
konstantopoulos2011,SMD,education,-0.08,0.08366600265340755,1976.0
konstantopoulos2011,SMD,education,-0.09,0.08366600265340755,1976.0
konstantopoulos2011,SMD,education,0.3,0.1224744871391589,1997.0
konstantopoulos2011,SMD,education,0.98,0.10488088481701516,1997.0
konstantopoulos2011,SMD,education,1.19,0.1,1997.0
konstantopoulos2011,SMD,education,-0.07,0.03162277660168379,1997.0
konstantopoulos2011,SMD,education,-0.05,0.03162277660168379,1997.0
konstantopoulos2011,SMD,education,-0.01,0.03162277660168379,1997.0
konstantopoulos2011,SMD,education,0.02,0.03162277660168379,1997.0
konstantopoulos2011,SMD,education,-0.03,0.03162277660168379,1997.0
konstantopoulos2011,SMD,education,0.0,0.03162277660168379,1997.0
konstantopoulos2011,SMD,education,0.01,0.03162277660168379,1997.0
konstantopoulos2011,SMD,education,-0.1,0.03162277660168379,1997.0
konstantopoulos2011,SMD,education,0.5,0.1,2000.0
konstantopoulos2011,SMD,education,0.66,0.10488088481701516,2000.0
konstantopoulos2011,SMD,education,0.2,0.1,2000.0
konstantopoulos2011,SMD,education,0.0,0.09486832980505137,2000.0
konstantopoulos2011,SMD,education,0.05,0.11401754250991379,2000.0
konstantopoulos2011,SMD,education,0.07,0.11401754250991379,2000.0
konstantopoulos2011,SMD,education,-0.52,0.17606816861659008,2000.0
konstantopoulos2011,SMD,education,0.7,0.17606816861659008,2000.0
konstantopoulos2011,SMD,education,-0.03,0.17320508075688773,2000.0
konstantopoulos2011,SMD,education,0.27,0.17320508075688773,2000.0
konstantopoulos2011,SMD,education,-0.34,0.17320508075688773,2000.0
konstantopoulos2011,SMD,education,0.12,0.2949576240750525,1995.0
konstantopoulos2011,SMD,education,0.61,0.2863564212655271,1995.0
konstantopoulos2011,SMD,education,0.04,0.2588435821108957,1994.0
konstantopoulos2011,SMD,education,-0.05,0.2588435821108957,1994.0
raudenbush1985,SMD,education,0.03,0.12489995996796796,1974.0
raudenbush1985,SMD,education,0.12,0.14696938456699069,1968.0
raudenbush1985,SMD,education,-0.14,0.16703293088490065,1971.0
raudenbush1985,SMD,education,1.18,0.3729611239794303,1972.0
raudenbush1985,SMD,education,0.26,0.36905284174491865,1972.0
raudenbush1985,SMD,education,-0.06,0.10295630140987,1969.0
raudenbush1985,SMD,education,-0.02,0.10295630140987,1971.0
raudenbush1985,SMD,education,-0.32,0.22,1969.0
raudenbush1985,SMD,education,0.27,0.16401219466856726,1969.0
raudenbush1985,SMD,education,0.8,0.25099800796022265,1970.0
raudenbush1985,SMD,education,0.54,0.30199337741083,1970.0
raudenbush1985,SMD,education,0.18,0.22293496809607954,1966.0
raudenbush1985,SMD,education,-0.02,0.2889636655359978,1970.0
raudenbush1985,SMD,education,0.23,0.29,1970.0
raudenbush1985,SMD,education,-0.18,0.15905973720586866,1972.0
raudenbush1985,SMD,education,-0.06,0.16703293088490065,1970.0
raudenbush1985,SMD,education,0.3,0.13892443989449804,1968.0
raudenbush1985,SMD,education,0.07,0.0938083151964686,1971.0
raudenbush1985,SMD,education,-0.07,0.17406895185529211,1970.0
bangertdrowns2004,SMD,education,0.65,0.2645751311064591,1992.0
bangertdrowns2004,SMD,education,-0.75,0.35496478698597694,1993.0
bangertdrowns2004,SMD,education,-0.21,0.20493901531919198,1990.0
bangertdrowns2004,SMD,education,-0.04,0.13784048752090222,1994.0
bangertdrowns2004,SMD,education,0.23,0.14832396974191325,1992.0
bangertdrowns2004,SMD,education,0.03,0.09486832980505137,1996.0
bangertdrowns2004,SMD,education,0.26,0.3255764119219941,1985.0
bangertdrowns2004,SMD,education,0.06,0.08366600265340755,1994.0
bangertdrowns2004,SMD,education,0.06,0.2,1986.0
bangertdrowns2004,SMD,education,0.12,0.22803508501982758,1990.0
bangertdrowns2004,SMD,education,0.77,0.32710854467592254,1996.0
bangertdrowns2004,SMD,education,0.0,0.14491376746189438,1994.0
bangertdrowns2004,SMD,education,0.52,0.19235384061671346,1994.0
bangertdrowns2004,SMD,education,0.54,0.28809720581775866,1989.0
bangertdrowns2004,SMD,education,0.2,0.29325756597230357,1996.0
bangertdrowns2004,SMD,education,0.2,0.30166206257996714,1998.0
bangertdrowns2004,SMD,education,-0.16,0.408656334834051,1991.0
bangertdrowns2004,SMD,education,0.42,0.22803508501982758,1992.0
bangertdrowns2004,SMD,education,0.6,0.30166206257996714,1992.0
bangertdrowns2004,SMD,education,0.51,0.25495097567963926,1985.0
bangertdrowns2004,SMD,education,0.58,0.2701851217221259,1992.0
bangertdrowns2004,SMD,education,0.54,0.2469817807045694,1991.0
bangertdrowns2004,SMD,education,0.09,0.31622776601683794,1998.0
bangertdrowns2004,SMD,education,0.37,0.2449489742783178,1993.0
bangertdrowns2004,SMD,education,-0.01,0.28809720581775866,1990.0
bangertdrowns2004,SMD,education,-0.13,0.19235384061671346,1987.0
bangertdrowns2004,SMD,education,0.18,0.26267851073127396,1987.0
bangertdrowns2004,SMD,education,0.27,0.1341640786499874,1993.0
bangertdrowns2004,SMD,education,-0.02,0.09486832980505137,1980.0
bangertdrowns2004,SMD,education,0.33,0.23021728866442676,1993.0
bangertdrowns2004,SMD,education,0.59,0.130384048104053,1994.0
bangertdrowns2004,SMD,education,0.84,0.3346640106136302,1994.0
bangertdrowns2004,SMD,education,-0.32,0.2449489742783178,1991.0
bangertdrowns2004,SMD,education,0.12,0.20976176963403032,1997.0
bangertdrowns2004,SMD,education,1.12,0.35916569992135944,1995.0
bangertdrowns2004,SMD,education,-0.12,0.15165750888103102,1991.0
bangertdrowns2004,SMD,education,-0.44,0.4527692569068708,1996.0
bangertdrowns2004,SMD,education,-0.07,0.1816590212458495,1996.0
bangertdrowns2004,SMD,education,0.7,0.51478150704935,1994.0
bangertdrowns2004,SMD,education,0.49,0.19748417658131498,1987.0
bangertdrowns2004,SMD,education,0.2,0.14491376746189438,1992.0
bangertdrowns2004,SMD,education,0.58,0.2588435821108957,1992.0
bangertdrowns2004,SMD,education,0.15,0.11832159566199232,1926.0
bangertdrowns2004,SMD,education,0.63,0.40987803063838396,1980.0
bangertdrowns2004,SMD,education,0.04,0.12649110640673517,1986.0
bangertdrowns2004,SMD,education,1.46,0.31464265445104544,1988.0
bangertdrowns2004,SMD,education,0.04,0.2949576240750525,1988.0
bangertdrowns2004,SMD,education,0.25,0.2683281572999748,1989.0
tannersmith2016,SMD,clinical_behavioral,-0.06,0.03162277660168379,
tannersmith2016,SMD,clinical_behavioral,-0.05,0.03162277660168379,
tannersmith2016,SMD,clinical_behavioral,-0.05,0.03162277660168379,
tannersmith2016,SMD,clinical_behavioral,-0.05,0.03162277660168379,
tannersmith2016,SMD,clinical_behavioral,-0.01,0.07745966692414834,
tannersmith2016,SMD,clinical_behavioral,0.03,0.07745966692414834,
tannersmith2016,SMD,clinical_behavioral,0.1,0.07745966692414834,
tannersmith2016,SMD,clinical_behavioral,0.141,0.08366600265340755,
tannersmith2016,SMD,clinical_behavioral,0.11,0.08366600265340755,
tannersmith2016,SMD,clinical_behavioral,0.213,0.08366600265340755,
tannersmith2016,SMD,clinical_behavioral,0.245,0.07745966692414834,
tannersmith2016,SMD,clinical_behavioral,0.299,0.07745966692414834,
tannersmith2016,SMD,clinical_behavioral,0.266,0.07745966692414834,
tannersmith2016,SMD,clinical_behavioral,0.141,0.08366600265340755,
tannersmith2016,SMD,clinical_behavioral,0.182,0.08366600265340755,
tannersmith2016,SMD,clinical_behavioral,0.03,0.08366600265340755,
tannersmith2016,SMD,clinical_behavioral,0.117,0.08944271909999159,
tannersmith2016,SMD,clinical_behavioral,0.048,0.08944271909999159,
tannersmith2016,SMD,clinical_behavioral,0.189,0.08944271909999159,
tannersmith2016,SMD,clinical_behavioral,0.032,0.08944271909999159,
tannersmith2016,SMD,clinical_behavioral,0.246,0.08944271909999159,
tannersmith2016,SMD,clinical_behavioral,0.125,0.08944271909999159,
tannersmith2016,SMD,clinical_behavioral,0.065,0.08944271909999159,
tannersmith2016,SMD,clinical_behavioral,0.068,0.08944271909999159,
tannersmith2016,SMD,clinical_behavioral,-0.003,0.08944271909999159,
tannersmith2016,SMD,clinical_behavioral,0.377,0.08366600265340755,
tannersmith2016,SMD,clinical_behavioral,0.121,0.08366600265340755,
tannersmith2016,SMD,clinical_behavioral,-0.006,0.08366600265340755,
tannersmith2016,SMD,clinical_behavioral,0.13,0.08366600265340755,
tannersmith2016,SMD,clinical_behavioral,-0.007,0.08366600265340755,
tannersmith2016,SMD,clinical_behavioral,0.016,0.08366600265340755,
tannersmith2016,SMD,clinical_behavioral,0.279,0.08366600265340755,
tannersmith2016,SMD,clinical_behavioral,0.036,0.08366600265340755,
tannersmith2016,SMD,clinical_behavioral,0.026,0.08366600265340755,
tannersmith2016,SMD,clinical_behavioral,0.14,0.08366600265340755,
tannersmith2016,SMD,clinical_behavioral,0.176,0.08366600265340755,
tannersmith2016,SMD,clinical_behavioral,0.175,0.08366600265340755,
tannersmith2016,SMD,clinical_behavioral,0.214,0.08366600265340755,
tannersmith2016,SMD,clinical_behavioral,0.144,0.08366600265340755,
tannersmith2016,SMD,clinical_behavioral,0.068,0.08366600265340755,
tannersmith2016,SMD,clinical_behavioral,0.201,0.08366600265340755,
tannersmith2016,SMD,clinical_behavioral,0.163,0.08366600265340755,
tannersmith2016,SMD,clinical_behavioral,0.208,0.08366600265340755,
tannersmith2016,SMD,clinical_behavioral,0.194,0.08366600265340755,
tannersmith2016,SMD,clinical_behavioral,0.107,0.08366600265340755,
tannersmith2016,SMD,clinical_behavioral,0.28,0.08366600265340755,
tannersmith2016,SMD,clinical_behavioral,0.149,0.08944271909999159,
tannersmith2016,SMD,clinical_behavioral,0.198,0.08944271909999159,
tannersmith2016,SMD,clinical_behavioral,0.231,0.08944271909999159,
tannersmith2016,SMD,clinical_behavioral,0.189,0.08944271909999159,
tannersmith2016,SMD,clinical_behavioral,0.216,0.08944271909999159,
tannersmith2016,SMD,clinical_behavioral,0.327,0.08944271909999159,
tannersmith2016,SMD,clinical_behavioral,0.221,0.08944271909999159,
tannersmith2016,SMD,clinical_behavioral,0.122,0.08944271909999159,
tannersmith2016,SMD,clinical_behavioral,0.076,0.08944271909999159,
tannersmith2016,SMD,clinical_behavioral,0.137,0.08944271909999159,
tannersmith2016,SMD,clinical_behavioral,0.182,0.08944271909999159,
tannersmith2016,SMD,clinical_behavioral,0.205,0.08944271909999159,
tannersmith2016,SMD,clinical_behavioral,0.12,0.08944271909999159,
tannersmith2016,SMD,clinical_behavioral,0.174,0.08944271909999159,
tannersmith2016,SMD,clinical_behavioral,0.033,0.08944271909999159,
tannersmith2016,SMD,clinical_behavioral,-0.006,0.08944271909999159,
tannersmith2016,SMD,clinical_behavioral,0.153,0.08944271909999159,
tannersmith2016,SMD,clinical_behavioral,-0.002,0.08944271909999159,
tannersmith2016,SMD,clinical_behavioral,0.119,0.08944271909999159,
tannersmith2016,SMD,clinical_behavioral,0.053,0.08944271909999159,
tannersmith2016,SMD,clinical_behavioral,0.068,0.08944271909999159,
tannersmith2016,SMD,clinical_behavioral,0.141,0.08944271909999159,
tannersmith2016,SMD,clinical_behavioral,0.135,0.08944271909999159,
tannersmith2016,SMD,clinical_behavioral,0.17,0.08944271909999159,
tannersmith2016,SMD,clinical_behavioral,0.014,0.08944271909999159,
tannersmith2016,SMD,clinical_behavioral,0.029,0.08944271909999159,
tannersmith2016,SMD,clinical_behavioral,-0.119,0.08944271909999159,
tannersmith2016,SMD,clinical_behavioral,0.139,0.08944271909999159,
tannersmith2016,SMD,clinical_behavioral,-0.049,0.08944271909999159,
tannersmith2016,SMD,clinical_behavioral,0.083,0.08944271909999159,
tannersmith2016,SMD,clinical_behavioral,0.098,0.11832159566199232,
tannersmith2016,SMD,clinical_behavioral,0.078,0.11832159566199232,
tannersmith2016,SMD,clinical_behavioral,-0.117,0.11832159566199232,
tannersmith2016,SMD,clinical_behavioral,0.122,0.11832159566199232,
tannersmith2016,SMD,clinical_behavioral,-0.097,0.11832159566199232,
tannersmith2016,SMD,clinical_behavioral,-0.131,0.11832159566199232,
tannersmith2016,SMD,clinical_behavioral,-0.078,0.11832159566199232,
tannersmith2016,SMD,clinical_behavioral,-0.09,0.11832159566199232,
tannersmith2016,SMD,clinical_behavioral,-0.022,0.11832159566199232,
tannersmith2016,SMD,clinical_behavioral,0.0,0.044721359549995794,
tannersmith2016,SMD,clinical_behavioral,0.0,0.044721359549995794,
tannersmith2016,SMD,clinical_behavioral,0.152,0.03162277660168379,
tannersmith2016,SMD,clinical_behavioral,0.151,0.03162277660168379,
tannersmith2016,SMD,clinical_behavioral,0.09,0.03162277660168379,
tannersmith2016,SMD,clinical_behavioral,0.141,0.03162277660168379,
tannersmith2016,SMD,clinical_behavioral,0.077,0.03162277660168379,
tannersmith2016,SMD,clinical_behavioral,0.06,0.03162277660168379,
tannersmith2016,SMD,clinical_behavioral,0.09,0.03162277660168379,
tannersmith2016,SMD,clinical_behavioral,0.191,0.03162277660168379,
tannersmith2016,SMD,clinical_behavioral,0.213,0.03162277660168379,
tannersmith2016,SMD,clinical_behavioral,0.09,0.03162277660168379,
tannersmith2016,SMD,clinical_behavioral,0.151,0.03162277660168379,
tannersmith2016,SMD,clinical_behavioral,0.077,0.03162277660168379,
tannersmith2016,SMD,clinical_behavioral,0.01,0.07071067811865475,
tannersmith2016,SMD,clinical_behavioral,0.03,0.07071067811865475,
tannersmith2016,SMD,clinical_behavioral,0.251,0.06324555320336758,
tannersmith2016,SMD,clinical_behavioral,0.09,0.07071067811865475,
tannersmith2016,SMD,clinical_behavioral,0.161,0.07071067811865475,
tannersmith2016,SMD,clinical_behavioral,0.213,0.07071067811865475,
tannersmith2016,SMD,clinical_behavioral,0.363,0.06324555320336758,
tannersmith2016,SMD,clinical_behavioral,0.121,0.07071067811865475,
tannersmith2016,SMD,clinical_behavioral,0.383,0.06324555320336758,
tannersmith2016,SMD,clinical_behavioral,0.06,0.07071067811865475,
tannersmith2016,SMD,clinical_behavioral,0.07,0.07071067811865475,
tannersmith2016,SMD,clinical_behavioral,0.514,0.06324555320336758,
tannersmith2016,SMD,clinical_behavioral,0.234,0.07071067811865475,
tannersmith2016,SMD,clinical_behavioral,0.161,0.07071067811865475,
normand1999,SMD,clinical_medicine,-0.3551697577480042,0.11430081222339233,
normand1999,SMD,clinical_medicine,-0.34794301670862476,0.25390725203151426,
normand1999,SMD,clinical_medicine,-2.317572689223328,0.21403776839538244,
normand1999,SMD,clinical_medicine,-1.8880355422451065,0.4007749127347054,
normand1999,SMD,clinical_medicine,-0.384,0.45324820359923557,
normand1999,SMD,clinical_medicine,0.17214914553711952,0.19212123972343567,
normand1999,SMD,clinical_medicine,0.2720541325192515,0.24549365408424526,
normand1999,SMD,clinical_medicine,-0.42459642939157743,0.12191406255050095,
normand1999,SMD,clinical_medicine,0.28955698810118097,0.19045140093416255,
gibson2002,SMD,clinical_medicine,-0.23613383018823686,0.19694311749075422,1997.0
gibson2002,SMD,clinical_medicine,-0.5105297216251758,0.12234366887290025,1998.0
gibson2002,SMD,clinical_medicine,0.3209026358135907,0.31198681760716945,1996.0
gibson2002,SMD,clinical_medicine,-0.10379516581035135,0.14483017274057317,1999.0
gibson2002,SMD,clinical_medicine,-0.7803726230669411,0.24797726610708803,1995.0
gibson2002,SMD,clinical_medicine,-0.1929779512419614,0.20147020338593033,1998.0
gibson2002,SMD,clinical_medicine,-0.2444844351567845,0.18725964978818505,1996.0
gibson2002,SMD,clinical_medicine,-0.4978251793521012,0.3210885763538807,1995.0
gibson2002,SMD,clinical_medicine,-0.15035228913656806,0.12184914907829292,1991.0
gibson2002,SMD,clinical_medicine,0.04843988166777094,0.13567873257331883,1994.0
gibson2002,SMD,clinical_medicine,-0.2589313565686009,0.24913603616079055,1996.0
gibson2002,SMD,clinical_medicine,0.19372117023622953,0.14740688045782624,1986.0
gibson2002,SMD,clinical_medicine,-0.32771803526879123,0.2876848552825053,1999.0
senn2013,SMD,clinical_medicine,-1.2090778416453551,0.10246803915343071,
senn2013,SMD,clinical_medicine,-1.4683696774336417,0.28079528871523446,
senn2013,SMD,clinical_medicine,-1.2197551128774096,0.14268989980231336,
senn2013,SMD,clinical_medicine,-1.305683515992265,0.10723544693212128,
senn2013,SMD,clinical_medicine,-0.6596529304500817,0.12372753422048226,
senn2013,SMD,clinical_medicine,-0.21608039221342037,0.23825952180804624,
senn2013,SMD,clinical_medicine,-0.6042147439961455,0.14045978623507727,
senn2013,SMD,clinical_medicine,-0.698683635672706,0.18011690603475494,
senn2013,SMD,clinical_medicine,-1.2975677705916082,0.20131373750927897,
senn2013,SMD,clinical_medicine,-0.5143714707137392,0.22674605047106314,
senn2013,SMD,clinical_medicine,-0.8032381913912487,0.11734939982879183,
senn2013,SMD,clinical_medicine,-1.0727284499372511,0.11226939658949103,
senn2013,SMD,clinical_medicine,-0.7572513336627235,0.0988092327604788,
senn2013,SMD,clinical_medicine,-0.8322574612295509,0.11710656828454426,
senn2013,SMD,clinical_medicine,-0.8884770984178317,0.1946678247554019,
senn2013,SMD,clinical_medicine,-0.17171472729036605,0.26325236608774283,
senn2013,SMD,clinical_medicine,-0.8272847703596791,0.2736156392244084,
senn2013,SMD,clinical_medicine,-0.546572937215605,0.2631165893685842,
senn2013,SMD,clinical_medicine,-0.9933535289937198,0.10949192901337207,
senn2013,SMD,clinical_medicine,-1.0569454292886242,0.12672388206845067,
crede2010,COR,education,1.4030075073994537,0.11704114719613055,2009.0
crede2010,COR,education,0.30951960420311175,0.05832118435198043,1975.0
crede2010,COR,education,0.9076449833191245,0.07293249574894728,2007.0
crede2010,COR,education,0.5165075030911482,0.06178020632152155,1989.0
crede2010,COR,education,0.34732377796759,0.08137884587711594,1989.0
crede2010,COR,education,0.7169234506844864,0.07930515857181442,2008.0
crede2010,COR,education,0.14602922352578987,0.2,1999.0
crede2010,COR,education,0.2341894667593668,0.18257418583505536,1999.0
crede2010,COR,education,0.27686382265510007,0.15075567228888181,1999.0
crede2010,COR,education,-0.022803952016723077,0.21320071635561044,1999.0
crede2010,COR,education,0.4586704841369286,0.14907119849998599,1999.0
crede2010,COR,education,0.3643046069995933,0.16666666666666666,1999.0
crede2010,COR,education,0.22365610902183242,0.16222142113076254,1999.0
crede2010,COR,education,0.3529622529197431,0.1767766952966369,1999.0
crede2010,COR,education,0.4809448625545745,0.15249857033260467,1999.0
crede2010,COR,education,0.34507433878184446,0.05368281270950189,2007.0
crede2010,COR,education,0.4248399741107789,0.05368281270950189,2007.0
crede2010,COR,education,0.22365610902183242,0.048911598804451846,2003.0
crede2010,COR,education,0.271478450974392,0.053916386601719206,2006.0
crede2010,COR,education,-0.38842309971829614,0.058025885318565944,2006.0
crede2010,COR,education,0.6041556029622671,0.058025885318565944,2006.0
crede2010,COR,education,0.3965579899706009,0.1203858530857692,1990.0
crede2010,COR,education,0.5100703366133073,0.1270001270001905,1980.0
crede2010,COR,education,0.1923371692195453,0.1889822365046136,1980.0
crede2010,COR,education,0.5062266769885686,0.11547005383792516,1990.0
crede2010,COR,education,0.29856626366017835,0.11470786693528089,2006.0
crede2010,COR,education,0.09024418785614682,0.08219949365267865,1996.0
crede2010,COR,education,0.22365610902183242,0.08219949365267865,1996.0
crede2010,COR,education,0.2027325540540822,0.054635836470815304,2008.0
crede2010,COR,education,0.4000596500560566,0.054635836470815304,2008.0
crede2010,COR,education,0.5957241739007778,0.14285714285714285,1994.0
crede2010,COR,education,0.3768859011881901,0.04828045495852676,2003.0
crede2010,COR,education,0.22365610902183242,0.0949157995752499,1976.0
crede2010,COR,education,0.2341894667593668,0.0949157995752499,1976.0
crede2010,COR,education,0.35522367438958563,0.08192319205190404,1998.0
crede2010,COR,education,0.759869351300906,0.048507125007266595,2005.0
crede2010,COR,education,0.5627297693521489,0.13130643285972254,2003.0
crede2010,COR,education,1.2971976617557794,0.058025885318565944,2005.0
crede2010,COR,education,0.7928136318701909,0.1,1993.0
crede2010,COR,education,0.3394653523437398,0.04252432555625623,1994.0
crede2010,COR,education,0.6609570902866303,0.16666666666666666,1984.0
crede2010,COR,education,0.4118000344786903,0.13245323570650439,1990.0
crede2010,COR,education,0.5493061443340549,0.13245323570650439,1990.0
crede2010,COR,education,0.29856626366017835,0.05488212999484517,1990.0
crede2010,COR,education,0.5493061443340549,0.105999788000636,1984.0
crede2010,COR,education,0.4356112232362243,0.10101525445522107,1984.0
crede2010,COR,education,0.4118000344786903,0.0659380473395787,2008.0
crede2010,COR,education,0.5100703366133073,0.08804509063256238,2008.0
crede2010,COR,education,0.4884684305741509,0.07738232325341368,1986.0
crede2010,COR,education,0.5360603366105666,0.22360679774997896,1982.0
crede2010,COR,education,0.9076449833191245,0.07293249574894728,2007.0
crede2010,COR,education,0.3428282544153939,0.0450377349111045,1984.0
crede2010,COR,education,0.25968406049455256,0.03398138330152924,1931.0
crede2010,COR,education,0.2447741126593529,0.09712858623572641,2002.0
crede2010,COR,education,0.32054540930194614,0.09712858623572641,2002.0
crede2010,COR,education,0.21317134656485978,0.055641488407465724,2002.0
crede2010,COR,education,0.22365610902183242,0.055641488407465724,2002.0
crede2010,COR,education,0.22365610902183242,0.13736056394868904,1989.0
crede2010,COR,education,0.3768859011881901,0.051639777949432225,1997.0
crede2010,COR,education,0.3768859011881901,0.024296476537493124,2008.0
crede2010,COR,education,1.0453705484668847,0.026754805427388343,2003.0
crede2010,COR,education,0.3768859011881901,0.034421419541075714,2005.0
crede2010,COR,education,0.4260321568219519,0.05634361698190111,1973.0
crede2010,COR,education,0.3965579899706009,0.03663716527236559,2008.0
crede2010,COR,education,0.42841995876020333,0.09712858623572641,1995.0
crede2010,COR,education,0.5901451598411885,0.086710996952412,2004.0
crede2010,COR,education,0.08218453439296819,0.08481889296799709,2002.0
crede2010,COR,education,0.1511404359364668,0.07352146220938077,2002.0
crede2010,COR,education,0.5426615282747135,0.11785113019775792,2007.0
crede2010,COR,education,0.6140903625450161,0.10721125348377948,2007.0
crede2010,COR,education,0.632833186665638,0.07216878364870322,1993.0
crede2010,COR,education,0.3768859011881901,0.0708881205008336,1996.0
crede2010,COR,education,0.4118000344786903,0.0708881205008336,1996.0
crede2010,COR,education,0.5100703366133073,0.0873704056661038,2005.0
crede2010,COR,education,0.7089213594274082,0.13608276348795434,2001.0
crede2010,COR,education,0.2833470357595094,0.04873701788285794,1985.0
crede2010,COR,education,0.2801025605119436,0.0949157995752499,1985.0
crede2010,COR,education,0.4722308044204257,0.06041220933301769,2003.0
crede2010,COR,education,0.4452661296803174,0.13245323570650439,1979.0
crede2010,COR,education,0.44769202352742066,0.12403473458920845,1983.0
crede2010,COR,education,0.5479736985088665,0.03620243071279983,2004.0
crede2010,COR,education,0.9076449833191245,0.1643989873053573,1975.0
crede2010,COR,education,0.4722308044204257,0.08838834764831845,2007.0
crede2010,COR,education,0.4118000344786903,0.032478490123081544,2007.0
crede2010,COR,education,0.2532806124897666,0.09245003270420486,2000.0
crede2010,COR,education,0.6098194605351678,0.03167031776097682,1927.0
crede2010,COR,education,0.4177106181123123,0.03167031776097682,1927.0
crede2010,COR,education,0.511354644371569,0.03167031776097682,1927.0
crede2010,COR,education,0.5321200506446927,0.016021033402800037,2000.0
crede2010,COR,education,0.6183813135744636,0.03234231136765754,1992.0
crede2010,COR,education,0.13175717542536422,0.0936585811581694,1992.0
crede2010,COR,education,0.497311287572031,0.0854357657716761,1996.0
crede2010,COR,education,0.36544375427139614,0.09205746178983233,1980.0
crede2010,COR,education,0.2447741126593529,0.1015346165133619,2007.0
crede2010,COR,education,0.17166666350057913,0.07392212709545729,1992.0
crede2010,COR,education,0.29856626366017835,0.09667364890456635,1992.0
crede2010,COR,education,0.319439471071115,0.06868028197434452,1986.0
molloy2014,COR,health_psych,0.18922664253092875,0.09712858623572641,2009.0
molloy2014,COR,health_psych,0.16343991846488676,0.03661260129691062,2011.0
molloy2014,COR,health_psych,0.35409252896224297,0.1386750490563073,2010.0
molloy2014,COR,health_psych,0.3316471087051321,0.09805806756909202,1999.0
molloy2014,COR,health_psych,0.27686382265510007,0.1203858530857692,1995.0
molloy2014,COR,health_psych,0.0,0.1270001270001905,2004.0
molloy2014,COR,health_psych,0.17682002012178918,0.07647191129018725,2005.0
molloy2014,COR,health_psych,0.05004172927849127,0.055641488407465724,2007.0
molloy2014,COR,health_psych,0.26610840687365417,0.13483997249264842,2006.0
molloy2014,COR,health_psych,0.010000333353334763,0.03608439182435161,2011.0
molloy2014,COR,health_psych,-0.09024418785614682,0.13736056394868904,1997.0
molloy2014,COR,health_psych,0.38842309971829614,0.10660035817780522,2007.0
molloy2014,COR,health_psych,0.0,0.09407208683835973,2003.0
molloy2014,COR,health_psych,0.1511404359364668,0.04327423224079155,2012.0
molloy2014,COR,health_psych,0.2447741126593529,0.08032193289024989,2004.0
molloy2014,COR,health_psych,0.04002135383676822,0.1270001270001905,1997.0
mcdaniel1994,COR,io_psych,0.0,0.09128709291752768,
mcdaniel1994,COR,io_psych,0.06007215592103162,0.10425720702853739,
mcdaniel1994,COR,io_psych,0.3768859011881901,0.12309149097933274,
mcdaniel1994,COR,io_psych,0.1511404359364668,0.023382618677247783,
mcdaniel1994,COR,io_psych,0.14092557607049386,0.11547005383792516,
mcdaniel1994,COR,io_psych,0.06007215592103162,0.05538487756217113,
mcdaniel1994,COR,io_psych,0.09024418785614682,0.08164965809277261,
mcdaniel1994,COR,io_psych,0.42364893019360184,0.19611613513818404,
mcdaniel1994,COR,io_psych,0.4118000344786903,0.19611613513818404,
mcdaniel1994,COR,io_psych,0.14092557607049386,0.08058229640253803,
mcdaniel1994,COR,io_psych,0.3768859011881901,0.0827605888602368,
mcdaniel1994,COR,io_psych,0.28768207245178096,0.105999788000636,
mcdaniel1994,COR,io_psych,0.7250050877529992,0.28867513459481287,
mcdaniel1994,COR,io_psych,0.07011467065432513,0.28867513459481287,
mcdaniel1994,COR,io_psych,0.1819826886007058,0.07738232325341368,
mcdaniel1994,COR,io_psych,0.44769202352742066,0.25,
mcdaniel1994,COR,io_psych,0.08017132503758968,0.25,
mcdaniel1994,COR,io_psych,0.1819826886007058,0.12403473458920845,
mcdaniel1994,COR,io_psych,0.4598966812126785,0.10540925533894598,
mcdaniel1994,COR,io_psych,0.04002135383676822,0.13608276348795434,
mcdaniel1994,COR,io_psych,-0.04002135383676822,0.11396057645963795,
mcdaniel1994,COR,io_psych,0.05004172927849127,0.1414213562373095,
mcdaniel1994,COR,io_psych,-0.14092557607049386,0.21821789023599236,
mcdaniel1994,COR,io_psych,0.05004172927849127,0.13608276348795434,
mcdaniel1994,COR,io_psych,0.36544375427139614,0.06063390625908324,
mcdaniel1994,COR,io_psych,-0.08017132503758968,0.1543033499620919,
mcdaniel1994,COR,io_psych,0.2447741126593529,0.11470786693528089,
mcdaniel1994,COR,io_psych,0.16138669613152554,0.09805806756909202,
mcdaniel1994,COR,io_psych,0.25541281188299536,0.1889822365046136,
mcdaniel1994,COR,io_psych,0.8291140383017662,0.04975185951049946,
mcdaniel1994,COR,io_psych,0.7089213594274082,0.1111111111111111,
mcdaniel1994,COR,io_psych,1.1270290260496927,0.4472135954999579,
mcdaniel1994,COR,io_psych,2.6466524123622457,0.5773502691896257,
mcdaniel1994,COR,io_psych,0.7928136318701909,0.5,
mcdaniel1994,COR,io_psych,0.48470027859405174,0.3333333333333333,
mcdaniel1994,COR,io_psych,0.8871838632580928,0.30151134457776363,
mcdaniel1994,COR,io_psych,0.27686382265510007,0.1643989873053573,
mcdaniel1994,COR,io_psych,-0.020002667306849582,0.1643989873053573,
mcdaniel1994,COR,io_psych,0.29856626366017835,0.10206207261596575,
mcdaniel1994,COR,io_psych,0.13073985002887842,0.07881104062391006,
mcdaniel1994,COR,io_psych,0.030009004863126475,0.125,
mcdaniel1994,COR,io_psych,0.0,0.13608276348795434,
mcdaniel1994,COR,io_psych,0.09024418785614682,0.14586499149789456,
mcdaniel1994,COR,io_psych,-0.030009004863126475,0.0890870806374748,
mcdaniel1994,COR,io_psych,0.497311287572031,0.14744195615489714,
mcdaniel1994,COR,io_psych,0.30951960420311175,0.12909944487358055,
mcdaniel1994,COR,io_psych,0.3428282544153939,0.13736056394868904,
mcdaniel1994,COR,io_psych,0.2447741126593529,0.06523280730534423,
mcdaniel1994,COR,io_psych,0.7581737446840442,0.24253562503633297,
mcdaniel1994,COR,io_psych,0.12058102840844402,0.09166984970282113,
mcdaniel1994,COR,io_psych,0.1511404359364668,0.14433756729740643,
mcdaniel1994,COR,io_psych,0.4722308044204257,0.1643989873053573,
mcdaniel1994,COR,io_psych,0.0,0.06950480468569159,
mcdaniel1994,COR,io_psych,0.16138669613152554,0.054964970992931274,
mcdaniel1994,COR,io_psych,0.21317134656485978,0.05707301455353496,
mcdaniel1994,COR,io_psych,0.29856626366017835,0.07516460280028288,
mcdaniel1994,COR,io_psych,0.1923371692195453,0.10540925533894598,
mcdaniel1994,COR,io_psych,0.04002135383676822,0.04617570965396101,
mcdaniel1994,COR,io_psych,0.632833186665638,0.15617376188860607,
mcdaniel1994,COR,io_psych,0.14092557607049386,0.11785113019775792,
mcdaniel1994,COR,io_psych,0.4722308044204257,0.12403473458920845,
mcdaniel1994,COR,io_psych,0.3768859011881901,0.1690308509457033,
mcdaniel1994,COR,io_psych,0.35409252896224297,0.16012815380508713,
mcdaniel1994,COR,io_psych,0.11044691579009715,0.16666666666666666,
mcdaniel1994,COR,io_psych,0.42364893019360184,0.14744195615489714,
mcdaniel1994,COR,io_psych,0.2341894667593668,0.16222142113076254,
mcdaniel1994,COR,io_psych,0.22365610902183242,0.07124704998790964,
mcdaniel1994,COR,io_psych,0.4722308044204257,0.034360406637202474,
mcdaniel1994,COR,io_psych,0.27686382265510007,0.16222142113076254,
mcdaniel1994,COR,io_psych,0.11044691579009715,0.18569533817705186,
mcdaniel1994,COR,io_psych,0.27686382265510007,0.1270001270001905,
mcdaniel1994,COR,io_psych,-0.07011467065432513,0.09053574604251853,
mcdaniel1994,COR,io_psych,0.3316471087051321,0.0873704056661038,
mcdaniel1994,COR,io_psych,0.05004172927849127,0.23570226039551584,
mcdaniel1994,COR,io_psych,0.2027325540540822,0.15617376188860607,
mcdaniel1994,COR,io_psych,0.1819826886007058,0.07738232325341368,
mcdaniel1994,COR,io_psych,0.35409252896224297,0.0827605888602368,
mcdaniel1994,COR,io_psych,0.030009004863126475,0.0584206237836986,
mcdaniel1994,COR,io_psych,0.48470027859405174,0.21821789023599236,
mcdaniel1994,COR,io_psych,0.35409252896224297,0.05688801239885743,
mcdaniel1994,COR,io_psych,0.5627297693521489,0.07035975447302918,
mcdaniel1994,COR,io_psych,0.4356112232362243,0.19245008972987526,
mcdaniel1994,COR,io_psych,0.38842309971829614,0.3535533905932738,
mcdaniel1994,COR,io_psych,0.25541281188299536,0.22941573387056177,
mcdaniel1994,COR,io_psych,-0.17166666350057913,0.17149858514250885,
mcdaniel1994,COR,io_psych,0.5100703366133073,0.15811388300841897,
mcdaniel1994,COR,io_psych,0.3316471087051321,0.1203858530857692,
mcdaniel1994,COR,io_psych,-0.09024418785614682,0.1203858530857692,
mcdaniel1994,COR,io_psych,0.3428282544153939,0.09759000729485333,
mcdaniel1994,COR,io_psych,0.22365610902183242,0.11952286093343936,
mcdaniel1994,COR,io_psych,0.27686382265510007,0.11952286093343936,
mcdaniel1994,COR,io_psych,0.0,0.0936585811581694,
mcdaniel1994,COR,io_psych,0.4356112232362243,0.11396057645963795,
mcdaniel1994,COR,io_psych,0.16138669613152554,0.10425720702853739,
mcdaniel1994,COR,io_psych,0.0,0.07474350927519359,
mcdaniel1994,COR,io_psych,0.030009004863126475,0.10540925533894598,
mcdaniel1994,COR,io_psych,0.010000333353334763,0.12803687993289598,
mcdaniel1994,COR,io_psych,0.030009004863126475,0.052199575097188054,
mcdaniel1994,COR,io_psych,0.14092557607049386,0.08838834764831845,
mcdaniel1994,COR,io_psych,0.11044691579009715,0.10910894511799618,
mcdaniel1994,COR,io_psych,0.08017132503758968,0.11396057645963795,
mcdaniel1994,COR,io_psych,-0.13073985002887842,0.16222142113076254,
mcdaniel1994,COR,io_psych,0.13073985002887842,0.1767766952966369,
mcdaniel1994,COR,io_psych,0.3768859011881901,0.0985329278164293,
mcdaniel1994,COR,io_psych,0.06007215592103162,0.10976425998969035,
mcdaniel1994,COR,io_psych,0.1923371692195453,0.14002800840280097,
mcdaniel1994,COR,io_psych,0.27686382265510007,0.05063696835418333,
mcdaniel1994,COR,io_psych,0.17166666350057913,0.10050378152592121,
mcdaniel1994,COR,io_psych,0.35409252896224297,0.0944911182523068,
mcdaniel1994,COR,io_psych,0.28768207245178096,0.12909944487358055,
mcdaniel1994,COR,io_psych,0.11044691579009715,0.22941573387056177,
mcdaniel1994,COR,io_psych,0.07011467065432513,0.17149858514250885,
mcdaniel1994,COR,io_psych,-0.13073985002887842,0.09407208683835973,
mcdaniel1994,COR,io_psych,0.12058102840844402,0.04920678313051229,
mcdaniel1994,COR,io_psych,0.12058102840844402,0.10101525445522107,
mcdaniel1994,COR,io_psych,0.38842309971829614,0.02715627232967842,
mcdaniel1994,COR,io_psych,0.26610840687365417,0.1125087900926024,
mcdaniel1994,COR,io_psych,0.44769202352742066,0.18569533817705186,
mcdaniel1994,COR,io_psych,0.38842309971829614,0.16012815380508713,
mcdaniel1994,COR,io_psych,0.17166666350057913,0.07198157507486945,
mcdaniel1994,COR,io_psych,0.1923371692195453,0.15617376188860607,
mcdaniel1994,COR,io_psych,0.3316471087051321,0.15075567228888181,
mcdaniel1994,COR,io_psych,0.3428282544153939,0.17149858514250885,
mcdaniel1994,COR,io_psych,0.2447741126593529,0.3333333333333333,
mcdaniel1994,COR,io_psych,0.09024418785614682,0.023544080467400554,
mcdaniel1994,COR,io_psych,0.3768859011881901,0.11952286093343936,
mcdaniel1994,COR,io_psych,0.26610840687365417,0.11952286093343936,
mcdaniel1994,COR,io_psych,0.44769202352742066,0.12216944435630522,
mcdaniel1994,COR,io_psych,0.7250050877529992,0.19245008972987526,
mcdaniel1994,COR,io_psych,1.3330796296965248,0.13245323570650439,
mcdaniel1994,COR,io_psych,-0.07011467065432513,0.1690308509457033,
mcdaniel1994,COR,io_psych,0.7752987062055836,0.3333333333333333,
mcdaniel1994,COR,io_psych,0.17166666350057913,0.18257418583505536,
mcdaniel1994,COR,io_psych,0.30951960420311175,0.18257418583505536,
mcdaniel1994,COR,io_psych,0.48470027859405174,0.2,
mcdaniel1994,COR,io_psych,0.2447741126593529,0.14433756729740643,
mcdaniel1994,COR,io_psych,0.020002667306849582,0.14744195615489714,
mcdaniel1994,COR,io_psych,0.2341894667593668,0.07881104062391006,
mcdaniel1994,COR,io_psych,0.17166666350057913,0.07216878364870322,
mcdaniel1994,COR,io_psych,0.3316471087051321,0.07856742013183861,
mcdaniel1994,COR,io_psych,0.3768859011881901,0.1643989873053573,
mcdaniel1994,COR,io_psych,0.09024418785614682,0.1015346165133619,
mcdaniel1994,COR,io_psych,0.13073985002887842,0.015445051580380387,
mcdaniel1994,COR,io_psych,0.29856626366017835,0.07537783614444091,
mcdaniel1994,COR,io_psych,0.5360603366105666,0.11867816581938534,
mcdaniel1994,COR,io_psych,0.42364893019360184,0.09667364890456635,
mcdaniel1994,COR,io_psych,0.2341894667593668,0.1889822365046136,
mcdaniel1994,COR,io_psych,0.32054540930194614,0.12216944435630522,
mcdaniel1994,COR,io_psych,0.497311287572031,0.23570226039551584,
mcdaniel1994,COR,io_psych,-0.12058102840844402,0.19611613513818404,
mcdaniel1994,COR,io_psych,0.22365610902183242,0.14433756729740643,
mcdaniel1994,COR,io_psych,0.6776660677579618,0.14433756729740643,
mcdaniel1994,COR,io_psych,0.21317134656485978,0.1643989873053573,
mcdaniel1994,COR,io_psych,0.020002667306849582,0.1643989873053573,
mcdaniel1994,COR,io_psych,-0.030009004863126475,0.0890870806374748,
mcdaniel1994,COR,io_psych,0.28768207245178096,0.07198157507486945,
mcdaniel1994,COR,io_psych,-0.04002135383676822,0.1889822365046136,
mcdaniel1994,COR,io_psych,0.1923371692195453,0.04512936824065242,
mcdaniel1994,COR,io_psych,0.2341894667593668,0.10101525445522107,
mcdaniel1994,COR,io_psych,0.30951960420311175,0.07624928516630233,
aloe2013,COR,education,0.31084202038010783,0.06884283908215143,
aloe2013,COR,education,0.40262057608988716,0.06711560552140243,
aloe2013,COR,education,0.3275393805334799,0.08247860988423225,
aloe2013,COR,education,-0.0404592622899532,0.05270462766947299,
aloe2013,COR,education,0.07434552795241525,0.06441566264008308,
bcg,LOR,infectious_disease,-0.9386941408703922,0.5975993241743407,1948.0
bcg,LOR,infectious_disease,-1.6661907290265499,0.45621529309875836,1949.0
bcg,LOR,infectious_disease,-1.3862943611198906,0.6583411563543026,1960.0
bcg,LOR,infectious_disease,-1.4564435493129846,0.14252863913332423,1977.0
bcg,LOR,infectious_disease,-0.219141085675433,0.227929325267988,1973.0
bcg,LOR,infectious_disease,-0.9581220407762676,0.09952520040340658,1953.0
bcg,LOR,infectious_disease,-1.6337758382288956,0.47645532342864383,1973.0
bcg,LOR,infectious_disease,0.012020601452732425,0.06330056881378579,1980.0
bcg,LOR,infectious_disease,-0.4717460358386963,0.2386988143828173,1968.0
bcg,LOR,infectious_disease,-1.4012101392834806,0.274630162791563,1961.0
bcg,LOR,infectious_disease,-0.3408496463662109,0.11191574429103136,1974.0
bcg,LOR,infectious_disease,0.44663468227444647,0.7308639904077345,1969.0
bcg,LOR,infectious_disease,-0.017341873929093476,0.2676473749089625,1976.0
li2007,LOR,clinical_medicine,-0.8303483020734304,1.2470175581550196,1984.0
li2007,LOR,clinical_medicine,-1.1096621248546947,0.597767519463886,1986.0
li2007,LOR,clinical_medicine,-1.2982253425721255,0.8158407693569856,1986.0
li2007,LOR,clinical_medicine,-0.04348511193973878,1.4295099922585022,1987.0
li2007,LOR,clinical_medicine,-1.2809338454620642,1.1937336386313322,1989.0
li2007,LOR,clinical_medicine,-2.304855241528585,1.0743586678124257,1990.0
li2007,LOR,clinical_medicine,-0.6751286750572671,0.5340363332160136,1990.0
li2007,LOR,clinical_medicine,0.22314355131420976,0.48916839052182665,1991.0
li2007,LOR,clinical_medicine,-0.5930637220029626,0.9220903570509866,1991.0
li2007,LOR,clinical_medicine,-0.2976451952000045,0.14662222156540483,1992.0
li2007,LOR,clinical_medicine,-1.1631508098056809,0.5502524673073059,1992.0
li2007,LOR,clinical_medicine,-0.7932306391169278,0.6258661500361474,1995.0
li2007,LOR,clinical_medicine,-1.574258405312927,0.5762280569718049,1995.0
li2007,LOR,clinical_medicine,0.05758725107643446,0.031642062909045116,1995.0
li2007,LOR,clinical_medicine,-0.055569851154810765,0.8498618253958241,1995.0
li2007,LOR,clinical_medicine,1.0986122886681098,1.6529490122682158,1996.0
li2007,LOR,clinical_medicine,-1.0986122886681098,0.4842439063865739,1999.0
li2007,LOR,clinical_medicine,0.002537864776327011,0.070593907572522,2000.0
li2007,LOR,clinical_medicine,-1.791759469228055,0.8036375634160796,2000.0
li2007,LOR,clinical_medicine,-1.1119458195375749,1.6411381777812604,2000.0
li2007,LOR,clinical_medicine,-0.44339012485170887,0.13686182784475437,2002.0
li2007,LOR,clinical_medicine,-1.0986122886681098,1.164500152881315,2004.0
linde2015,LOR,psychiatry,0.09472725935645765,0.3397312478628712,1997.0
linde2015,LOR,psychiatry,0.9162907318741551,0.5552777082985894,1971.0
linde2015,LOR,psychiatry,0.45953232937844013,0.5108472494598574,2002.0
linde2015,LOR,psychiatry,0.19885085874516517,0.2808797654209908,1994.0
linde2015,LOR,psychiatry,1.0805937831654315,0.2922698703054144,1996.0
linde2015,LOR,psychiatry,0.9118363815247748,0.5365601787281883,1995.0
linde2015,LOR,psychiatry,0.41225037110998125,0.19776648395036506,2003.0
linde2015,LOR,psychiatry,0.67951905305859,0.32366313940501396,1988.0
linde2015,LOR,psychiatry,0.30318625898774626,0.5570066518960166,1984.0
linde2015,LOR,psychiatry,0.48842468707682407,0.2069335911995063,2002.0
linde2015,LOR,psychiatry,0.5640500031782373,0.25143343444674077,2000.0
linde2015,LOR,psychiatry,0.6749504060488619,0.2533924246790984,2006.0
linde2015,LOR,psychiatry,0.3352608494349159,0.25346306404828534,1999.0
linde2015,LOR,psychiatry,0.08269171584511341,0.35961650193221045,1999.0
linde2015,LOR,psychiatry,-0.048790164169432056,0.391375271542037,2005.0
linde2015,LOR,psychiatry,1.9459101490553132,0.43424811867344754,1991.0
linde2015,LOR,psychiatry,1.0479685558493548,0.6634119686254086,1993.0
linde2015,LOR,psychiatry,1.3862943611198906,0.7158910531638176,1989.0
linde2015,LOR,psychiatry,0.8464812004806477,0.42720838334602057,1995.0
linde2015,LOR,psychiatry,0.2951503670593068,0.3806905635874635,1993.0
linde2015,LOR,psychiatry,0.4777857696877905,0.366388676733243,1998.0
yusuf1985,LOR,cardiology,-0.0454623740767575,0.430302888507909,
yusuf1985,LOR,cardiology,-0.118605742407847,0.388899331522284,
yusuf1985,LOR,cardiology,0.199332902620491,0.416908741397248,
yusuf1985,LOR,cardiology,-0.364643113587909,0.485504156227612,
yusuf1985,LOR,cardiology,-0.138421377918714,0.3147470791771,
yusuf1985,LOR,cardiology,-1.02961941718116,0.754036755451237,
yusuf1985,LOR,cardiology,-0.462623521948113,0.973505222533836,
yusuf1985,LOR,cardiology,0.144581228811107,0.395060595977284,
yusuf1985,LOR,cardiology,0.653926467406664,0.445298325048049,
yusuf1985,LOR,cardiology,0.150384197031781,0.697432279276938,
yusuf1985,LOR,cardiology,-0.111225635110224,2.05497207200445,
yusuf1985,LOR,cardiology,-0.393177277314471,0.482213418067419,
yusuf1985,LOR,cardiology,0.0219789067187754,0.842987555853389,
yusuf1985,LOR,cardiology,-0.200670695462151,2.03339128912271,
yusuf1985,LOR,cardiology,0.0930904230660121,1.4305986390755,
yusuf1985,LOR,cardiology,-2.07107329200932,1.53927723832753,
yusuf1985,LOR,cardiology,-0.040419499042895,0.384214772816436,
yusuf1985,LOR,cardiology,0.0,2.043015673821,
yusuf1985,LOR,cardiology,-0.587900501774005,0.529186099509084,
yusuf1985,LOR,cardiology,0.425137873706869,0.655578133952365,
yusuf1985,LOR,cardiology,0.144249608844547,0.920077793633386,
yusuf1985,LOR,cardiology,-0.47873730921449,0.824283430107792,
yusuf1985,LOR,cardiology,-0.935460647981875,2.02233345043009,
yusuf1985,LOR,cardiology,0.810930216216329,0.739744700705738,
yusuf1985,LOR,cardiology,-0.693147180559945,1.24236800541127,
yusuf1985,LOR,cardiology,0.13657553500575,2.02270454572442,
yusuf1985,LOR,cardiology,1.00176246267819,1.65267486291788,
yusuf1985,LOR,cardiology,1.07562277044341,1.17444302544402,
yusuf1985,LOR,cardiology,1.13707856949591,1.6563870930425,
yusuf1985,LOR,cardiology,0.0,1.4638501094228,
yusuf1985,LOR,cardiology,-0.148420005118274,2.03690095911445,
yusuf1985,LOR,cardiology,0.0408219945202553,1.44279820718861,
yusuf1985,LOR,cardiology,0.0,2.0242433093899,
yusuf1985,LOR,cardiology,-1.26566637333128,0.579340312886302,
yusuf1985,LOR,cardiology,-0.324239668185578,0.700362309790761,
yusuf1985,LOR,cardiology,-0.331484695110174,0.782652170988732,
yusuf1985,LOR,cardiology,1.13822142676316,1.64507937881333,
yusuf1985,LOR,cardiology,1.98249959648761,1.51990548846529,
yusuf1985,LOR,cardiology,0.0916567310641634,0.379159185641481,
yusuf1985,LOR,cardiology,0.0,2.03200203200305,
yusuf1985,LOR,cardiology,-0.804372815670169,1.26943101756619,
yusuf1985,LOR,cardiology,0.0074074412778619,2.00370033139655,
yusuf1985,LOR,cardiology,-0.157926338940868,0.160374228065836,
yusuf1985,LOR,cardiology,-1.11861295537478,1.64519623968289,
yusuf1985,LOR,cardiology,0.231402810462807,0.292440199435499,
yusuf1985,LOR,cardiology,0.151589858965585,0.308714751031249,
yusuf1985,LOR,cardiology,-0.253985145290831,0.319355732977564,
yusuf1985,LOR,cardiology,0.0281708769666964,0.850303400567041,
yusuf1985,LOR,cardiology,-0.74100320173758,0.483151560327466,
yusuf1985,LOR,cardiology,-0.540621196459689,0.564561079831324,
yusuf1985,LOR,cardiology,-0.246128078950965,0.13818330009795,
yusuf1985,LOR,cardiology,0.0694533687566405,0.280656385297956,
yusuf1985,LOR,cardiology,-0.584156896851541,0.67571267213459,
yusuf1985,LOR,cardiology,-0.512385488410356,0.138687831390658,
yusuf1985,LOR,cardiology,-0.0786232610193101,0.20399097514867,
yusuf1985,LOR,cardiology,-0.424173365958817,0.273973044020847,
yusuf1985,LOR,cardiology,-0.334823404030988,0.117068311207863,
yusuf1985,LOR,cardiology,-0.213397531038308,0.194872015295382,
yusuf1985,LOR,cardiology,-0.0389084449123269,0.229460637094618,
yusuf1985,LOR,cardiology,-0.593253709654337,0.425167400802484,
yusuf1985,LOR,cardiology,0.281545931477954,0.205445464161334,
yusuf1985,LOR,cardiology,-0.321333592872253,0.297709073015583,
yusuf1985,LOR,cardiology,-0.135347923550921,0.260921888556292,
yusuf1985,LOR,cardiology,0.0,1.48323969741913,
yusuf1985,LOR,cardiology,0.140606454719501,0.364174179577937,
yusuf1985,LOR,cardiology,0.322049715955989,0.552644940641304,
yusuf1985,LOR,cardiology,0.444380524357838,0.716649125261896,
yusuf1985,LOR,cardiology,-0.217509733595954,0.259841673028431,
yusuf1985,LOR,cardiology,-0.591075994195958,0.257206859425028,
yusuf1985,LOR,cardiology,-0.608099125203956,0.272378653870092,
yusuf1985,LOR,cardiology,0.461034959262975,0.942831792490998,
yusuf1985,LOR,cardiology,-0.117783035656384,0.3721071335259,
yusuf1985,LOR,cardiology,-1.36065193050655,0.657701792426873,
yusuf1985,LOR,cardiology,-0.281521179445824,0.158212589349824,
yusuf1985,LOR,cardiology,0.0289875368732524,0.373003555828982,
yusuf1985,LOR,cardiology,-0.686029712791081,0.756615537730463,
yusuf1985,LOR,cardiology,-0.431927063286552,0.145436973645018,
yusuf1985,LOR,cardiology,-0.169128529340861,0.190677663755227,
yusuf1985,LOR,cardiology,-0.275757811922045,0.343172346112997,
yusuf1985,LOR,cardiology,-0.1682578242377,0.138131561236721,
yusuf1985,LOR,cardiology,-0.327326903799021,0.300135968549321,
yusuf1985,LOR,cardiology,-0.113328685307003,0.290030424367554,
yusuf1985,LOR,cardiology,-0.230442853795821,0.346120452009654,
yusuf1985,LOR,cardiology,-0.0264709889692818,0.237683706249062,
yusuf1985,LOR,cardiology,-0.702680141218669,0.322160287595053,
yusuf1985,LOR,cardiology,-0.88558004695822,0.410247538921805,
yusuf1985,LOR,cardiology,0.0,2.043015673821,
yusuf1985,LOR,cardiology,-1.6288559982912,1.10133836949535,
yusuf1985,LOR,cardiology,-1.14654075524006,0.699778208157237,
yusuf1985,LOR,cardiology,-0.426518517305996,0.259056781767174,
yusuf1985,LOR,cardiology,0.0,0.849836585598797,
yusuf1985,LOR,cardiology,-1.35485283528507,0.665413587759705,
yusuf1985,LOR,cardiology,-1.98591548366901,1.0666404058392,
yusuf1985,LOR,cardiology,-0.58807613107376,0.23544899780839,
yusuf1985,LOR,cardiology,0.55060359522291,0.521872333728891,
yusuf1985,LOR,cardiology,-0.441832752279039,0.788684860716756,
yusuf1985,LOR,cardiology,-0.569390366315873,0.163053222255172,
yusuf1985,LOR,cardiology,-0.0173109094971058,0.272423625721414,
yusuf1985,LOR,cardiology,-0.768019539831491,0.376820479793389,
yusuf1985,LOR,cardiology,-0.340611156344517,0.167172854818059,
yusuf1985,LOR,cardiology,0.18081829358737,0.338179369500682,
yusuf1985,LOR,cardiology,-0.455524950448181,0.490760534233966,
yusuf1985,LOR,cardiology,0.0715572743376676,0.289881512367801,
yusuf1985,LOR,cardiology,-0.9877496958563,0.416609191438217,
yusuf1985,LOR,cardiology,0.0,2.01261842170651,
yusuf1985,LOR,cardiology,0.314589525371705,0.775418467633036,
yusuf1985,LOR,cardiology,1.02961941718116,0.881120665047431,
yusuf1985,LOR,cardiology,-0.0512932943875506,0.168029691293834,
yusuf1985,LOR,cardiology,-0.133591952806221,0.330225587998923,
yusuf1985,LOR,cardiology,-0.841567185678219,1.23985538645051,
yusuf1985,LOR,cardiology,-0.289613734019814,0.239310762948983,
yusuf1985,LOR,cardiology,-0.140092575540677,0.29051735460335,
yusuf1985,LOR,cardiology,0.0150378773645405,0.387783915252559,
yusuf1985,LOR,cardiology,-0.301971895925769,0.157182248361508,
yusuf1985,LOR,cardiology,-0.399472121292242,0.234500998435864,
yusuf1985,LOR,cardiology,-0.916290731874155,0.840799883708629,
yusuf1985,LOR,cardiology,0.463873962219019,0.285025953519147,
yusuf1985,LOR,cardiology,0.462730869916656,0.420767925208882,
anand1999,LOR,cardiology,3.01979929963663,1.4871053431398,1960.0
anand1999,LOR,cardiology,-2.18262577791507,1.07036138139696,1960.0
anand1999,LOR,cardiology,0.240739313204589,0.409924582560013,1961.0
anand1999,LOR,cardiology,-0.153550259515014,0.261876886864079,1961.0
anand1999,LOR,cardiology,-0.474774485373988,0.272345863493725,1964.0
anand1999,LOR,cardiology,-0.385320542015697,0.545736624688263,1964.0
anand1999,LOR,cardiology,-0.390197635977376,0.428446535248488,1966.0
anand1999,LOR,cardiology,-0.490824957059321,0.4838836785235,1967.0
anand1999,LOR,cardiology,-0.253438698861987,0.265253472476187,1967.0
anand1999,LOR,cardiology,0.223639706124686,0.311646842406303,1969.0
anand1999,LOR,cardiology,-0.852479219129201,0.278410969989228,1969.0
anand1999,LOR,cardiology,-0.349783205857937,0.198445506501848,1980.0
anand1999,LOR,cardiology,-0.327080511556552,0.150943077398151,1990.0
anand1999,LOR,cardiology,-0.115800874452392,0.111745331043513,1994.0
anand1999,LOR,cardiology,-2.15699977602571,1.07519970488854,1969.0
anand1999,LOR,cardiology,-0.431259577947915,0.135032474183708,1974.0
anand1999,LOR,cardiology,0.183488580183513,0.253100479662692,1980.0
anand1999,LOR,cardiology,0.399251033772091,0.263979274567799,1980.0
anand1999,LOR,cardiology,-0.990746689669072,0.681868804209253,1993.0
anand1999,LOR,cardiology,-0.695272579872259,0.563774710126029,1996.0
anand1999,LOR,cardiology,1.42285195685369,1.65529123991075,1990.0
anand1999,LOR,cardiology,0.0438026226583936,1.42450380393316,1982.0
anand1999,LOR,cardiology,-0.373513508301562,0.616365869891628,1981.0
anand1999,LOR,cardiology,-0.0822828692839508,0.179585020114073,1982.0
anand1999,LOR,cardiology,-0.0646047265730617,0.158480712388443,1969.0
anand1999,LOR,cardiology,-0.43635913871989,0.268818920024221,1964.0
anand1999,LOR,cardiology,-1.44816976483798,1.13634352013143,1986.0
anand1999,LOR,cardiology,-0.999239814854906,1.16694996464338,1982.0
anand1999,LOR,cardiology,-0.143100843640673,2.01430779610165,1990.0
anand1999,LOR,cardiology,-0.937344141071988,0.849149553694169,1998.0
anand1999,LOR,cardiology,0.0380998462322704,1.00948230903597,1994.0
anand1999,LOR,cardiology,-0.418623192685675,0.92004988864846,1998.0
anand1999,LOR,cardiology,-0.343818356392255,0.253910805383569,1997.0
anand1999,LOR,cardiology,0.153949844040736,0.137436273953615,1997.0
lau1992,LOR,cardiology,-1.83827948486295,1.21809943508986,1959.0
lau1992,LOR,cardiology,-0.75377180237638,0.723262914642718,1963.0
lau1992,LOR,cardiology,0.378653850657507,0.383448087963509,1969.0
lau1992,LOR,cardiology,-0.454061946901201,0.179507121163927,1971.0
lau1992,LOR,cardiology,0.221649452724597,0.338551879175152,1971.0
lau1992,LOR,cardiology,0.011807411980393,0.349682614425394,1971.0
lau1992,LOR,cardiology,-0.281747336931966,0.280068038182931,1973.0
lau1992,LOR,cardiology,-0.973494728720767,0.368748049395898,1973.0
lau1992,LOR,cardiology,0.950482096622434,0.7194007574103,1974.0
lau1992,LOR,cardiology,-0.041672696400568,0.612387207854083,1975.0
lau1992,LOR,cardiology,0.0595920972022457,0.508565651412791,1975.0
lau1992,LOR,cardiology,1.16315080980568,1.21449578014911,1976.0
lau1992,LOR,cardiology,-0.0938529088063464,0.243014891378128,1976.0
lau1992,LOR,cardiology,-0.576249083897812,0.220911022065099,1977.0
lau1992,LOR,cardiology,-0.469345518001186,0.309224903404665,1977.0
lau1992,LOR,cardiology,-1.50407739677627,1.24163870214594,1977.0
lau1992,LOR,cardiology,0.195048572795426,0.215224728994159,1977.0
lau1992,LOR,cardiology,-0.251314428280906,0.696172453244226,1977.0
lau1992,LOR,cardiology,-0.578266904561523,0.322315379225037,1979.0
lau1992,LOR,cardiology,-0.136908873392752,0.191975966301463,1986.0
lau1992,LOR,cardiology,-0.214873456771805,0.0574374336446005,1986.0
lau1992,LOR,cardiology,-0.897941593205958,1.25797121687723,1986.0
lau1992,LOR,cardiology,-2.75066650325663,1.49283648986133,1986.0
lau1992,LOR,cardiology,-1.21639532432449,1.20473602456675,1986.0
lau1992,LOR,cardiology,0.0953101798043252,1.44756849421868,1986.0
lau1992,LOR,cardiology,-0.760588461355478,0.738237728911406,1986.0
lau1992,LOR,cardiology,-0.534542150383307,0.809063244334665,1987.0
lau1992,LOR,cardiology,-1.84054963339749,0.77643875666864,1987.0
lau1992,LOR,cardiology,-0.559615787935423,0.659184199995577,1987.0
lau1992,LOR,cardiology,-0.8754687373539,1.29743336373524,1988.0
lau1992,LOR,cardiology,-0.460518684875144,0.392419998119195,1988.0
lau1992,LOR,cardiology,-0.293632172461735,0.0499639743267957,1988.0
lau1992,LOR,cardiology,-1.58412010444981,0.880704845927979,1988.0
linde2005,LOR,psychiatry,2.74376828370429,0.716875888998109,1979.0
linde2005,LOR,psychiatry,2.35137525716348,0.740012869900955,1987.0
linde2005,LOR,psychiatry,1.38629436111989,0.715891053163818,1989.0
linde2005,LOR,psychiatry,3.5423608659626,1.48289241367837,1991.0
linde2005,LOR,psychiatry,0.0434851119397384,2.02163241859983,1992.0
linde2005,LOR,psychiatry,1.62745641793678,0.64213523679803,1992.0
linde2005,LOR,psychiatry,1.04796855584935,0.663411968625409,1993.0
linde2005,LOR,psychiatry,0.784118958765672,0.917113574476255,1993.0
linde2005,LOR,psychiatry,2.01490302054226,0.580548910116139,1993.0
linde2005,LOR,psychiatry,3.27420540692046,0.677401655240913,1993.0
linde2005,LOR,psychiatry,-0.0666913744986726,0.3790302099568,1993.0
linde2005,LOR,psychiatry,1.41388231763872,0.42649904091502,1994.0
linde2005,LOR,psychiatry,0.846481200480648,0.427208383346021,1995.0
linde2005,LOR,psychiatry,1.91773927208862,0.437344076523098,1996.0
linde2005,LOR,psychiatry,0.683096844706444,0.417695699007899,1998.0
linde2005,LOR,psychiatry,1.97110039788387,0.386072994731971,1998.0
linde2005,LOR,psychiatry,0.668964344771204,0.354994287601786,1999.0
linde2005,LOR,psychiatry,1.17272026082183,0.38795148715878,2000.0
linde2005,LOR,psychiatry,0.707745979981098,0.347268397043424,2000.0
linde2005,LOR,psychiatry,-0.0505331683872199,0.255650021158244,2000.0
linde2005,LOR,psychiatry,0.784118958765672,0.481220842197014,2001.0
linde2005,LOR,psychiatry,0.455832047635584,0.342096768574157,2001.0
linde2005,LOR,psychiatry,-0.30705835141492,0.2668113811158,2002.0
linde2005,LOR,psychiatry,0.416951911747628,0.207947180608189,2002.0
nielweise2007,LOR,infectious_disease,-1.96322659906677,1.51757424897616,1996.0
nielweise2007,LOR,infectious_disease,-1.39407650156195,1.1780658501488,1997.0
nielweise2007,LOR,infectious_disease,-1.60620689185265,0.788252386059929,1997.0
nielweise2007,LOR,infectious_disease,-2.71574254672537,1.46585066644061,1997.0
nielweise2007,LOR,infectious_disease,-0.148648341687367,0.61655372701124,1998.0
nielweise2007,LOR,infectious_disease,-1.05573056118484,1.12592925433081,1999.0
nielweise2007,LOR,infectious_disease,-1.09284858395136,1.15968133838177,1999.0
nielweise2007,LOR,infectious_disease,-1.37268870906411,1.2412597057683,1999.0
nielweise2007,LOR,infectious_disease,-3.07797037179096,1.03679940563197,2000.0
nielweise2007,LOR,infectious_disease,-0.624154309072994,1.2317718558085,2000.0
nielweise2007,LOR,infectious_disease,-2.85346720096071,1.47165289102632,2003.0
nielweise2007,LOR,infectious_disease,-1.30244005068303,1.64263275511528,2003.0
nielweise2007,LOR,infectious_disease,-0.595383011794054,0.737984479294731,2004.0
nielweise2007,LOR,infectious_disease,-0.674734119913068,0.518669238742307,2004.0
nielweise2007,LOR,infectious_disease,-0.116202007659065,2.00447436789578,2004.0
nielweise2007,LOR,infectious_disease,-1.06358925387855,1.63537492780233,2005.0
nielweise2007,LOR,infectious_disease,-1.05593155755323,1.15716283443509,2005.0
nielweise2007,LOR,infectious_disease,1.5114575040739,1.13197727407383,2006.0
graves2010,LOR,infectious_disease,-1.39965938825702,0.394446953757359,
graves2010,LOR,infectious_disease,-0.877527769188686,0.226789074680755,
graves2010,LOR,infectious_disease,-0.203777620856456,0.329429370864342,
graves2010,LOR,infectious_disease,-2.89378876739779,0.7639922093268,
graves2010,LOR,infectious_disease,-0.32454054903724,0.225507049944261,
graves2010,LOR,infectious_disease,-0.962487453959393,0.157093682622556,
graves2010,LOR,infectious_disease,-0.892196137206022,0.264399750294964,
graves2010,LOR,infectious_disease,-1.01656761870612,0.2754453262125,
graves2010,LOR,infectious_disease,-0.945183201748566,0.267150220975369,
graves2010,LOR,infectious_disease,-1.23190009908665,0.289877813180352,
graves2010,LOR,infectious_disease,-0.340773909175785,0.168371653795721,
graves2010,LOR,infectious_disease,-0.537332694970477,0.173572891565227,
graves2010,LOR,infectious_disease,-0.765712173995357,0.182599839410478,
graves2010,LOR,infectious_disease,-0.932409352116503,0.327484200184721,
graves2010,LOR,infectious_disease,-0.808673693615416,0.207179851472102,
graves2010,LOR,infectious_disease,-0.733361652538866,0.328947039073062,
graves2010,LOR,infectious_disease,-1.26263074960691,0.394429466276287,
lee2004,LOR,alternative_med,-0.130053128248198,0.360902587281908,2000.0
lee2004,LOR,alternative_med,-1.62186043243266,0.555902669338597,2002.0
lee2004,LOR,alternative_med,0.418368512944072,0.649461639976082,1999.0
lee2004,LOR,alternative_med,0.0791509372091643,0.287186457966712,2002.0
lee2004,LOR,alternative_med,-0.179468487811548,0.599552132397809,1994.0
lee2004,LOR,alternative_med,-0.241162056816888,0.695533057277822,1996.0
lee2004,LOR,alternative_med,-0.380542425345376,0.263951135555455,1998.0
lee2004,LOR,alternative_med,-1.91238745701667,0.734196355918694,1986.0
lee2004,LOR,alternative_med,0.0,1.43838990445615,1996.0
lee2004,LOR,alternative_med,-1.09308741273614,0.53579971977682,1993.0
lee2004,LOR,alternative_med,-1.30210226989954,0.5252260758509,1999.0
lee2004,LOR,alternative_med,-0.453093157097419,0.681404963676222,2000.0
lee2004,LOR,alternative_med,-3.09903184339179,1.08177140143171,1996.0
lee2004,LOR,alternative_med,-1.65999019159693,0.478917826792897,2002.0
lee2004,LOR,alternative_med,-1.16871565443909,0.373297626305891,2002.0
lee2004,LOR,alternative_med,0.160956734296258,0.315495348051678,2001.0
laopaiboon2015,LOR,pulmonology,-0.451985123743057,0.660297341240839,1991.0
laopaiboon2015,LOR,pulmonology,2.81042754812963,0.762112621757099,1995.0
laopaiboon2015,LOR,pulmonology,-0.777704568588008,0.211872749765442,1996.0
laopaiboon2015,LOR,pulmonology,-0.746257005873893,0.563659115730493,1991.0
laopaiboon2015,LOR,pulmonology,-0.419853845560264,0.620158264713069,2001.0
laopaiboon2015,LOR,pulmonology,1.20039498297805,0.857110854497294,1996.0
laopaiboon2015,LOR,pulmonology,0.352939907189704,0.605499936644113,1998.0
laopaiboon2015,LOR,pulmonology,0.0659579677917974,0.737566179045619,1993.0
laopaiboon2015,LOR,pulmonology,-0.563011376936561,0.75375037561042,1998.0
laopaiboon2015,LOR,pulmonology,-1.79175946922805,1.13651514141549,1992.0
laopaiboon2015,LOR,pulmonology,1.05605267424931,0.890773967328169,1993.0
laopaiboon2015,LOR,pulmonology,-1.75514972361549,1.57261374512601,1995.0
laopaiboon2015,LOR,pulmonology,-0.480585738576272,1.24402266266269,1999.0
laopaiboon2015,LOR,pulmonology,0.139573707080485,0.529095308336117,1996.0
laopaiboon2015,LOR,pulmonology,2.22254238532051,0.804235582273547,2002.0
hahn2001,LOR,pediatrics,-0.292136422801161,0.766873678056066,
hahn2001,LOR,pediatrics,0.0,2.02684683883813,
hahn2001,LOR,pediatrics,-0.463535990237976,0.237044764668351,
hahn2001,LOR,pediatrics,-1.01526974299202,0.489744900315914,
hahn2001,LOR,pediatrics,0.182321556793955,0.646489534291715,
hahn2001,LOR,pediatrics,-2.13470422035489,1.07103516493889,
hahn2001,LOR,pediatrics,0.0,2.02210011841375,
hahn2001,LOR,pediatrics,-0.182321556793955,0.448904390171394,
hahn2001,LOR,pediatrics,-1.29098418131557,0.817523183673806,
hahn2001,LOR,pediatrics,-0.0938187552176544,2.01559857896223,
hahn2001,LOR,pediatrics,-0.86903784702361,1.66807219477485,
hahn2001,LOR,pediatrics,-0.336348543133518,0.254150110971793,
hackshaw1998,LOR,oncology,0.165514438477573,0.137028776120449,1981.0
hackshaw1998,LOR,oncology,0.371563556432483,0.181780193931539,1984.0
hackshaw1998,LOR,oncology,0.703097511413113,0.734980180237841,1988.0
hackshaw1998,LOR,oncology,0.182321556793955,0.176826509575534,1997.0
hackshaw1998,LOR,oncology,-0.287682072451781,0.282233332726684,1982.0
hackshaw1998,LOR,oncology,0.727548607277278,0.476781492583848,1983.0
hackshaw1998,LOR,oncology,0.756121979721334,0.298197187624197,1983.0
hackshaw1998,LOR,oncology,-0.22314355131421,0.438952848398414,1984.0
hackshaw1998,LOR,oncology,-0.23572233352107,0.58225110350998,1984.0
hackshaw1998,LOR,oncology,0.698134722070984,0.313155236965253,1985.0
hackshaw1998,LOR,oncology,0.207014169384326,0.213437458234338,1985.0
hackshaw1998,LOR,oncology,0.182321556793955,0.481404164545202,1985.0
hackshaw1998,LOR,oncology,0.418710334858185,0.282210775873717,1986.0
hackshaw1998,LOR,oncology,0.0295588022415444,0.466256393706904,1986.0
hackshaw1998,LOR,oncology,0.438254930931155,0.277413002648917,1987.0
hackshaw1998,LOR,oncology,0.0295588022415444,0.267398136728312,1987.0
hackshaw1998,LOR,oncology,0.85015092936961,0.54089349419797,1987.0
hackshaw1998,LOR,oncology,0.500775287912489,0.180104157169875,1987.0
hackshaw1998,LOR,oncology,0.173953307123438,0.190455629063185,1987.0
hackshaw1998,LOR,oncology,0.418710334858185,0.695594164597768,1987.0
hackshaw1998,LOR,oncology,0.770108221696074,0.351875264720103,1988.0
hackshaw1998,LOR,oncology,0.0769610411361284,0.266618063383033,1988.0
hackshaw1998,LOR,oncology,0.936093359170335,0.631027284159873,1988.0
hackshaw1998,LOR,oncology,0.482426149244293,0.299371214496224,1990.0
hackshaw1998,LOR,oncology,0.0582689081239758,0.183629758842489,1990.0
hackshaw1998,LOR,oncology,-0.23572233352107,0.127001932730924,1990.0
hackshaw1998,LOR,oncology,-0.301105092783922,0.424539130629453,1991.0
hackshaw1998,LOR,oncology,0.819779831493311,0.563158701312871,1991.0
hackshaw1998,LOR,oncology,-0.0304592074847086,0.112012700838018,1992.0
hackshaw1998,LOR,oncology,0.470003629245736,0.337188808163865,1992.0
hackshaw1998,LOR,oncology,0.173953307123438,0.298892590099799,1993.0
hackshaw1998,LOR,oncology,0.506817602368452,0.419506370382897,1993.0
hackshaw1998,LOR,oncology,0.231111720963387,0.100145131841384,1994.0
hackshaw1998,LOR,oncology,0.0953101798043249,0.293622812272116,1995.0
hackshaw1998,LOR,oncology,0.506817602368452,0.199687174209307,1995.0
hackshaw1998,LOR,oncology,0.148420005118273,0.190787199700686,1996.0
hackshaw1998,LOR,oncology,0.104360015324243,0.257719821942313,1996.0
craft2003,COR,psychology,-0.618381313574464,0.0848188929679971,
craft2003,COR,psychology,-0.522984277591344,0.0848188929679971,
craft2003,COR,psychology,0.792813631870191,0.0848188929679971,
craft2003,COR,psychology,0.510070336613307,0.0848188929679971,
craft2003,COR,psychology,-0.400059650056057,0.0848188929679971,
craft2003,COR,psychology,-0.497311287572031,0.0848188929679971,
craft2003,COR,psychology,0.590145159841189,0.171498585142509,
craft2003,COR,psychology,-0.120581028408444,0.171498585142509,
craft2003,COR,psychology,0.0300090048631265,0.171498585142509,
craft2003,COR,psychology,0.576339754969193,0.171498585142509,
craft2003,COR,psychology,-0.522984277591344,0.171498585142509,
craft2003,COR,psychology,-0.423648930193602,0.171498585142509,
craft2003,COR,psychology,0.472230804420426,0.277350098112615,
craft2003,COR,psychology,0.497311287572031,0.277350098112615,
craft2003,COR,psychology,0.810743125475137,0.277350098112615,
craft2003,COR,psychology,-0.41180003447869,0.301511344577764,
craft2003,COR,psychology,-0.171666663500579,0.301511344577764,
craft2003,COR,psychology,0.192337169219545,0.301511344577764,
craft2003,COR,psychology,0.21317134656486,0.301511344577764,
craft2003,COR,psychology,-0.604155602962267,0.301511344577764,
craft2003,COR,psychology,-0.459896681212679,0.301511344577764,
craft2003,COR,psychology,0.100335347731076,0.154303349962092,
craft2003,COR,psychology,0.320545409301946,0.154303349962092,
craft2003,COR,psychology,-0.171666663500579,0.154303349962092,
craft2003,COR,psychology,0.234189466759367,0.101534616513362,
craft2003,COR,psychology,0.0801713250375897,0.101534616513362,
craft2003,COR,psychology,0.562729769352149,0.101534616513362,
craft2003,COR,psychology,0.484700278594052,0.101534616513362,
craft2003,COR,psychology,-0.298566263660178,0.101534616513362,
craft2003,COR,psychology,-0.472230804420426,0.101534616513362,
craft2003,COR,psychology,-0.576339754969193,0.144337567297406,
craft2003,COR,psychology,-0.459896681212679,0.144337567297406,
craft2003,COR,psychology,0.161386696131526,0.144337567297406,
craft2003,COR,psychology,0.647522844827373,0.144337567297406,
craft2003,COR,psychology,-0.181982688600706,0.144337567297406,
craft2003,COR,psychology,-0.266108406873654,0.144337567297406,
craft2003,COR,psychology,0.140925576070494,0.0894427190999916,
craft2003,COR,psychology,0.0200026673068496,0.0894427190999916,
craft2003,COR,psychology,0.130739850028878,0.0894427190999916,
craft2003,COR,psychology,0.632833186665638,0.0894427190999916,
craft2003,COR,psychology,-0.590145159841189,0.0894427190999916,
craft2003,COR,psychology,-0.2768638226551,0.0894427190999916,
craft2003,COR,psychology,-0.0100003333533348,0.122169444356305,
craft2003,COR,psychology,-0.161386696131526,0.122169444356305,
craft2003,COR,psychology,0.447692023527421,0.122169444356305,
craft2003,COR,psychology,0.725005087752999,0.122169444356305,
craft2003,COR,psychology,-0.497311287572031,0.122169444356305,
craft2003,COR,psychology,-0.604155602962267,0.122169444356305,
craft2003,COR,psychology,-0.2768638226551,0.192450089729875,
craft2003,COR,psychology,-0.130739850028878,0.192450089729875,
craft2003,COR,psychology,0.151140435936467,0.192450089729875,
craft2003,COR,psychology,0.741416144081269,0.192450089729875,
craft2003,COR,psychology,-0.829114038301766,0.192450089729875,
craft2003,COR,psychology,-0.887183863258093,0.192450089729875,
cohen1981,COR,education,0.829114038301766,0.377964473009227,
cohen1981,COR,education,0.632833186665638,0.242535625036333,
cohen1981,COR,education,0.234189466759367,0.316227766016838,
cohen1981,COR,education,0.758173744684044,0.229415733870562,
cohen1981,COR,education,0.536060336610567,0.2,
cohen1981,COR,education,-0.0400213538367682,0.333333333333333,
cohen1981,COR,education,0.536060336610567,0.333333333333333,
cohen1981,COR,education,0.342828254415394,0.174077655955698,
cohen1981,COR,education,0.662462707371799,0.25,
cohen1981,COR,education,0.181982688600706,0.333333333333333,
cohen1981,COR,education,-0.110446915790097,0.174077655955698,
cohen1981,COR,education,0.2768638226551,0.117851130197758,
cohen1981,COR,education,0.266108406873654,0.182574185835055,
cohen1981,COR,education,0.423648930193602,0.0920574617898323,
cohen1981,COR,education,0.536060336610567,0.171498585142509,
cohen1981,COR,education,0.562729769352149,0.301511344577764,
cohen1981,COR,education,0.423648930193602,0.164398987305357,
cohen1981,COR,education,0.354092528962243,0.277350098112615,
cohen1981,COR,education,0.447692023527421,0.301511344577764,
cohen1981,COR,education,0.161386696131526,0.242535625036333,
