ma,specialty,yi,se,year,is_aact,split_role
bcg,infectious_disease,-0.9386941408703922,0.5975993241743407,1948.0,0,none
bcg,infectious_disease,-1.6661907290265499,0.45621529309875836,1949.0,0,none
bcg,infectious_disease,-1.3862943611198906,0.6583411563543026,1960.0,0,none
bcg,infectious_disease,-1.4564435493129846,0.14252863913332423,1977.0,0,none
bcg,infectious_disease,-0.219141085675433,0.227929325267988,1973.0,0,none
bcg,infectious_disease,-0.9581220407762676,0.09952520040340658,1953.0,0,none
bcg,infectious_disease,-1.6337758382288956,0.47645532342864383,1973.0,0,none
bcg,infectious_disease,0.012020601452732425,0.06330056881378579,1980.0,0,none
bcg,infectious_disease,-0.4717460358386963,0.2386988143828173,1968.0,0,none
bcg,infectious_disease,-1.4012101392834806,0.274630162791563,1961.0,0,none
bcg,infectious_disease,-0.3408496463662109,0.11191574429103136,1974.0,0,none
bcg,infectious_disease,0.44663468227444647,0.7308639904077345,1969.0,0,none
bcg,infectious_disease,-0.017341873929093476,0.2676473749089625,1976.0,0,none
li2007,clinical_medicine,-0.8303483020734304,1.2470175581550196,1984.0,0,none
li2007,clinical_medicine,-1.1096621248546947,0.597767519463886,1986.0,0,none
li2007,clinical_medicine,-1.2982253425721255,0.8158407693569856,1986.0,0,none
li2007,clinical_medicine,-0.04348511193973878,1.4295099922585022,1987.0,0,none
li2007,clinical_medicine,-1.2809338454620642,1.1937336386313322,1989.0,0,none
li2007,clinical_medicine,-2.304855241528585,1.0743586678124257,1990.0,0,none
li2007,clinical_medicine,-0.6751286750572671,0.5340363332160136,1990.0,0,none
li2007,clinical_medicine,0.22314355131420976,0.48916839052182665,1991.0,0,none
li2007,clinical_medicine,-0.5930637220029626,0.9220903570509866,1991.0,0,none
li2007,clinical_medicine,-0.2976451952000045,0.14662222156540483,1992.0,0,none
li2007,clinical_medicine,-1.1631508098056809,0.5502524673073059,1992.0,0,none
li2007,clinical_medicine,-0.7932306391169278,0.6258661500361474,1995.0,0,none
li2007,clinical_medicine,-1.574258405312927,0.5762280569718049,1995.0,0,none
li2007,clinical_medicine,0.05758725107643446,0.031642062909045116,1995.0,0,none
li2007,clinical_medicine,-0.055569851154810765,0.8498618253958241,1995.0,0,none
li2007,clinical_medicine,1.0986122886681098,1.6529490122682158,1996.0,0,none
li2007,clinical_medicine,-1.0986122886681098,0.4842439063865739,1999.0,0,none
li2007,clinical_medicine,0.002537864776327011,0.070593907572522,2000.0,0,none
li2007,clinical_medicine,-1.791759469228055,0.8036375634160796,2000.0,0,none
li2007,clinical_medicine,-1.1119458195375749,1.6411381777812604,2000.0,0,none
li2007,clinical_medicine,-0.44339012485170887,0.13686182784475437,2002.0,0,none
li2007,clinical_medicine,-1.0986122886681098,1.164500152881315,2004.0,0,none
linde2015,psychiatry,0.09472725935645765,0.3397312478628712,1997.0,0,none
linde2015,psychiatry,0.9162907318741551,0.5552777082985894,1971.0,0,none
linde2015,psychiatry,0.45953232937844013,0.5108472494598574,2002.0,0,none
linde2015,psychiatry,0.19885085874516517,0.2808797654209908,1994.0,0,none
linde2015,psychiatry,1.0805937831654315,0.2922698703054144,1996.0,0,none
linde2015,psychiatry,0.9118363815247748,0.5365601787281883,1995.0,0,none
linde2015,psychiatry,0.41225037110998125,0.19776648395036506,2003.0,0,none
linde2015,psychiatry,0.67951905305859,0.32366313940501396,1988.0,0,none
linde2015,psychiatry,0.30318625898774626,0.5570066518960166,1984.0,0,none
linde2015,psychiatry,0.48842468707682407,0.2069335911995063,2002.0,0,none
linde2015,psychiatry,0.5640500031782373,0.25143343444674077,2000.0,0,none
linde2015,psychiatry,0.6749504060488619,0.2533924246790984,2006.0,0,none
linde2015,psychiatry,0.3352608494349159,0.25346306404828534,1999.0,0,none
linde2015,psychiatry,0.08269171584511341,0.35961650193221045,1999.0,0,none
linde2015,psychiatry,-0.048790164169432056,0.391375271542037,2005.0,0,none
linde2015,psychiatry,1.9459101490553132,0.43424811867344754,1991.0,0,none
linde2015,psychiatry,1.0479685558493548,0.6634119686254086,1993.0,0,none
linde2015,psychiatry,1.3862943611198906,0.7158910531638176,1989.0,0,none
linde2015,psychiatry,0.8464812004806477,0.42720838334602057,1995.0,0,none
linde2015,psychiatry,0.2951503670593068,0.3806905635874635,1993.0,0,none
linde2015,psychiatry,0.4777857696877905,0.366388676733243,1998.0,0,none
yusuf1985,cardiology,-0.0454623740767575,0.430302888507909,,0,none
yusuf1985,cardiology,-0.118605742407847,0.388899331522284,,0,none
yusuf1985,cardiology,0.199332902620491,0.416908741397248,,0,none
yusuf1985,cardiology,-0.364643113587909,0.485504156227612,,0,none
yusuf1985,cardiology,-0.138421377918714,0.3147470791771,,0,none
yusuf1985,cardiology,-1.02961941718116,0.754036755451237,,0,none
yusuf1985,cardiology,-0.462623521948113,0.973505222533836,,0,none
yusuf1985,cardiology,0.144581228811107,0.395060595977284,,0,none
yusuf1985,cardiology,0.653926467406664,0.445298325048049,,0,none
yusuf1985,cardiology,0.150384197031781,0.697432279276938,,0,none
yusuf1985,cardiology,-0.111225635110224,2.05497207200445,,0,none
yusuf1985,cardiology,-0.393177277314471,0.482213418067419,,0,none
yusuf1985,cardiology,0.0219789067187754,0.842987555853389,,0,none
yusuf1985,cardiology,-0.200670695462151,2.03339128912271,,0,none
yusuf1985,cardiology,0.0930904230660121,1.4305986390755,,0,none
yusuf1985,cardiology,-2.07107329200932,1.53927723832753,,0,none
yusuf1985,cardiology,-0.040419499042895,0.384214772816436,,0,none
yusuf1985,cardiology,0.0,2.043015673821,,0,none
yusuf1985,cardiology,-0.587900501774005,0.529186099509084,,0,none
yusuf1985,cardiology,0.425137873706869,0.655578133952365,,0,none
yusuf1985,cardiology,0.144249608844547,0.920077793633386,,0,none
yusuf1985,cardiology,-0.47873730921449,0.824283430107792,,0,none
yusuf1985,cardiology,-0.935460647981875,2.02233345043009,,0,none
yusuf1985,cardiology,0.810930216216329,0.739744700705738,,0,none
yusuf1985,cardiology,-0.693147180559945,1.24236800541127,,0,none
yusuf1985,cardiology,0.13657553500575,2.02270454572442,,0,none
yusuf1985,cardiology,1.00176246267819,1.65267486291788,,0,none
yusuf1985,cardiology,1.07562277044341,1.17444302544402,,0,none
yusuf1985,cardiology,1.13707856949591,1.6563870930425,,0,none
yusuf1985,cardiology,0.0,1.4638501094228,,0,none
yusuf1985,cardiology,-0.148420005118274,2.03690095911445,,0,none
yusuf1985,cardiology,0.0408219945202553,1.44279820718861,,0,none
yusuf1985,cardiology,0.0,2.0242433093899,,0,none
yusuf1985,cardiology,-1.26566637333128,0.579340312886302,,0,none
yusuf1985,cardiology,-0.324239668185578,0.700362309790761,,0,none
yusuf1985,cardiology,-0.331484695110174,0.782652170988732,,0,none
yusuf1985,cardiology,1.13822142676316,1.64507937881333,,0,none
yusuf1985,cardiology,1.98249959648761,1.51990548846529,,0,none
yusuf1985,cardiology,0.0916567310641634,0.379159185641481,,0,none
yusuf1985,cardiology,0.0,2.03200203200305,,0,none
yusuf1985,cardiology,-0.804372815670169,1.26943101756619,,0,none
yusuf1985,cardiology,0.0074074412778619,2.00370033139655,,0,none
yusuf1985,cardiology,-0.157926338940868,0.160374228065836,,0,none
yusuf1985,cardiology,-1.11861295537478,1.64519623968289,,0,none
yusuf1985,cardiology,0.231402810462807,0.292440199435499,,0,none
yusuf1985,cardiology,0.151589858965585,0.308714751031249,,0,none
yusuf1985,cardiology,-0.253985145290831,0.319355732977564,,0,none
yusuf1985,cardiology,0.0281708769666964,0.850303400567041,,0,none
yusuf1985,cardiology,-0.74100320173758,0.483151560327466,,0,none
yusuf1985,cardiology,-0.540621196459689,0.564561079831324,,0,none
yusuf1985,cardiology,-0.246128078950965,0.13818330009795,,0,none
yusuf1985,cardiology,0.0694533687566405,0.280656385297956,,0,none
yusuf1985,cardiology,-0.584156896851541,0.67571267213459,,0,none
yusuf1985,cardiology,-0.512385488410356,0.138687831390658,,0,none
yusuf1985,cardiology,-0.0786232610193101,0.20399097514867,,0,none
yusuf1985,cardiology,-0.424173365958817,0.273973044020847,,0,none
yusuf1985,cardiology,-0.334823404030988,0.117068311207863,,0,none
yusuf1985,cardiology,-0.213397531038308,0.194872015295382,,0,none
yusuf1985,cardiology,-0.0389084449123269,0.229460637094618,,0,none
yusuf1985,cardiology,-0.593253709654337,0.425167400802484,,0,none
yusuf1985,cardiology,0.281545931477954,0.205445464161334,,0,none
yusuf1985,cardiology,-0.321333592872253,0.297709073015583,,0,none
yusuf1985,cardiology,-0.135347923550921,0.260921888556292,,0,none
yusuf1985,cardiology,0.0,1.48323969741913,,0,none
yusuf1985,cardiology,0.140606454719501,0.364174179577937,,0,none
yusuf1985,cardiology,0.322049715955989,0.552644940641304,,0,none
yusuf1985,cardiology,0.444380524357838,0.716649125261896,,0,none
yusuf1985,cardiology,-0.217509733595954,0.259841673028431,,0,none
yusuf1985,cardiology,-0.591075994195958,0.257206859425028,,0,none
yusuf1985,cardiology,-0.608099125203956,0.272378653870092,,0,none
yusuf1985,cardiology,0.461034959262975,0.942831792490998,,0,none
yusuf1985,cardiology,-0.117783035656384,0.3721071335259,,0,none
yusuf1985,cardiology,-1.36065193050655,0.657701792426873,,0,none
yusuf1985,cardiology,-0.281521179445824,0.158212589349824,,0,none
yusuf1985,cardiology,0.0289875368732524,0.373003555828982,,0,none
yusuf1985,cardiology,-0.686029712791081,0.756615537730463,,0,none
yusuf1985,cardiology,-0.431927063286552,0.145436973645018,,0,none
yusuf1985,cardiology,-0.169128529340861,0.190677663755227,,0,none
yusuf1985,cardiology,-0.275757811922045,0.343172346112997,,0,none
yusuf1985,cardiology,-0.1682578242377,0.138131561236721,,0,none
yusuf1985,cardiology,-0.327326903799021,0.300135968549321,,0,none
yusuf1985,cardiology,-0.113328685307003,0.290030424367554,,0,none
yusuf1985,cardiology,-0.230442853795821,0.346120452009654,,0,none
yusuf1985,cardiology,-0.0264709889692818,0.237683706249062,,0,none
yusuf1985,cardiology,-0.702680141218669,0.322160287595053,,0,none
yusuf1985,cardiology,-0.88558004695822,0.410247538921805,,0,none
yusuf1985,cardiology,0.0,2.043015673821,,0,none
yusuf1985,cardiology,-1.6288559982912,1.10133836949535,,0,none
yusuf1985,cardiology,-1.14654075524006,0.699778208157237,,0,none
yusuf1985,cardiology,-0.426518517305996,0.259056781767174,,0,none
yusuf1985,cardiology,0.0,0.849836585598797,,0,none
yusuf1985,cardiology,-1.35485283528507,0.665413587759705,,0,none
yusuf1985,cardiology,-1.98591548366901,1.0666404058392,,0,none
yusuf1985,cardiology,-0.58807613107376,0.23544899780839,,0,none
yusuf1985,cardiology,0.55060359522291,0.521872333728891,,0,none
yusuf1985,cardiology,-0.441832752279039,0.788684860716756,,0,none
yusuf1985,cardiology,-0.569390366315873,0.163053222255172,,0,none
yusuf1985,cardiology,-0.0173109094971058,0.272423625721414,,0,none
yusuf1985,cardiology,-0.768019539831491,0.376820479793389,,0,none
yusuf1985,cardiology,-0.340611156344517,0.167172854818059,,0,none
yusuf1985,cardiology,0.18081829358737,0.338179369500682,,0,none
yusuf1985,cardiology,-0.455524950448181,0.490760534233966,,0,none
yusuf1985,cardiology,0.0715572743376676,0.289881512367801,,0,none
yusuf1985,cardiology,-0.9877496958563,0.416609191438217,,0,none
yusuf1985,cardiology,0.0,2.01261842170651,,0,none
yusuf1985,cardiology,0.314589525371705,0.775418467633036,,0,none
yusuf1985,cardiology,1.02961941718116,0.881120665047431,,0,none
yusuf1985,cardiology,-0.0512932943875506,0.168029691293834,,0,none
yusuf1985,cardiology,-0.133591952806221,0.330225587998923,,0,none
yusuf1985,cardiology,-0.841567185678219,1.23985538645051,,0,none
yusuf1985,cardiology,-0.289613734019814,0.239310762948983,,0,none
yusuf1985,cardiology,-0.140092575540677,0.29051735460335,,0,none
yusuf1985,cardiology,0.0150378773645405,0.387783915252559,,0,none
yusuf1985,cardiology,-0.301971895925769,0.157182248361508,,0,none
yusuf1985,cardiology,-0.399472121292242,0.234500998435864,,0,none
yusuf1985,cardiology,-0.916290731874155,0.840799883708629,,0,none
yusuf1985,cardiology,0.463873962219019,0.285025953519147,,0,none
yusuf1985,cardiology,0.462730869916656,0.420767925208882,,0,none
anand1999,cardiology,3.01979929963663,1.4871053431398,1960.0,0,none
anand1999,cardiology,-2.18262577791507,1.07036138139696,1960.0,0,none
anand1999,cardiology,0.240739313204589,0.409924582560013,1961.0,0,none
anand1999,cardiology,-0.153550259515014,0.261876886864079,1961.0,0,none
anand1999,cardiology,-0.474774485373988,0.272345863493725,1964.0,0,none
anand1999,cardiology,-0.385320542015697,0.545736624688263,1964.0,0,none
anand1999,cardiology,-0.390197635977376,0.428446535248488,1966.0,0,none
anand1999,cardiology,-0.490824957059321,0.4838836785235,1967.0,0,none
anand1999,cardiology,-0.253438698861987,0.265253472476187,1967.0,0,none
anand1999,cardiology,0.223639706124686,0.311646842406303,1969.0,0,none
anand1999,cardiology,-0.852479219129201,0.278410969989228,1969.0,0,none
anand1999,cardiology,-0.349783205857937,0.198445506501848,1980.0,0,none
anand1999,cardiology,-0.327080511556552,0.150943077398151,1990.0,0,none
anand1999,cardiology,-0.115800874452392,0.111745331043513,1994.0,0,none
anand1999,cardiology,-2.15699977602571,1.07519970488854,1969.0,0,none
anand1999,cardiology,-0.431259577947915,0.135032474183708,1974.0,0,none
anand1999,cardiology,0.183488580183513,0.253100479662692,1980.0,0,none
anand1999,cardiology,0.399251033772091,0.263979274567799,1980.0,0,none
anand1999,cardiology,-0.990746689669072,0.681868804209253,1993.0,0,none
anand1999,cardiology,-0.695272579872259,0.563774710126029,1996.0,0,none
anand1999,cardiology,1.42285195685369,1.65529123991075,1990.0,0,none
anand1999,cardiology,0.0438026226583936,1.42450380393316,1982.0,0,none
anand1999,cardiology,-0.373513508301562,0.616365869891628,1981.0,0,none
anand1999,cardiology,-0.0822828692839508,0.179585020114073,1982.0,0,none
anand1999,cardiology,-0.0646047265730617,0.158480712388443,1969.0,0,none
anand1999,cardiology,-0.43635913871989,0.268818920024221,1964.0,0,none
anand1999,cardiology,-1.44816976483798,1.13634352013143,1986.0,0,none
anand1999,cardiology,-0.999239814854906,1.16694996464338,1982.0,0,none
anand1999,cardiology,-0.143100843640673,2.01430779610165,1990.0,0,none
anand1999,cardiology,-0.937344141071988,0.849149553694169,1998.0,0,none
anand1999,cardiology,0.0380998462322704,1.00948230903597,1994.0,0,none
anand1999,cardiology,-0.418623192685675,0.92004988864846,1998.0,0,none
anand1999,cardiology,-0.343818356392255,0.253910805383569,1997.0,0,none
anand1999,cardiology,0.153949844040736,0.137436273953615,1997.0,0,none
lau1992,cardiology,-1.83827948486295,1.21809943508986,1959.0,0,none
lau1992,cardiology,-0.75377180237638,0.723262914642718,1963.0,0,none
lau1992,cardiology,0.378653850657507,0.383448087963509,1969.0,0,none
lau1992,cardiology,-0.454061946901201,0.179507121163927,1971.0,0,none
lau1992,cardiology,0.221649452724597,0.338551879175152,1971.0,0,none
lau1992,cardiology,0.011807411980393,0.349682614425394,1971.0,0,none
lau1992,cardiology,-0.281747336931966,0.280068038182931,1973.0,0,none
lau1992,cardiology,-0.973494728720767,0.368748049395898,1973.0,0,none
lau1992,cardiology,0.950482096622434,0.7194007574103,1974.0,0,none
lau1992,cardiology,-0.041672696400568,0.612387207854083,1975.0,0,none
lau1992,cardiology,0.0595920972022457,0.508565651412791,1975.0,0,none
lau1992,cardiology,1.16315080980568,1.21449578014911,1976.0,0,none
lau1992,cardiology,-0.0938529088063464,0.243014891378128,1976.0,0,none
lau1992,cardiology,-0.576249083897812,0.220911022065099,1977.0,0,none
lau1992,cardiology,-0.469345518001186,0.309224903404665,1977.0,0,none
lau1992,cardiology,-1.50407739677627,1.24163870214594,1977.0,0,none
lau1992,cardiology,0.195048572795426,0.215224728994159,1977.0,0,none
lau1992,cardiology,-0.251314428280906,0.696172453244226,1977.0,0,none
lau1992,cardiology,-0.578266904561523,0.322315379225037,1979.0,0,none
lau1992,cardiology,-0.136908873392752,0.191975966301463,1986.0,0,none
lau1992,cardiology,-0.214873456771805,0.0574374336446005,1986.0,0,none
lau1992,cardiology,-0.897941593205958,1.25797121687723,1986.0,0,none
lau1992,cardiology,-2.75066650325663,1.49283648986133,1986.0,0,none
lau1992,cardiology,-1.21639532432449,1.20473602456675,1986.0,0,none
lau1992,cardiology,0.0953101798043252,1.44756849421868,1986.0,0,none
lau1992,cardiology,-0.760588461355478,0.738237728911406,1986.0,0,none
lau1992,cardiology,-0.534542150383307,0.809063244334665,1987.0,0,none
lau1992,cardiology,-1.84054963339749,0.77643875666864,1987.0,0,none
lau1992,cardiology,-0.559615787935423,0.659184199995577,1987.0,0,none
lau1992,cardiology,-0.8754687373539,1.29743336373524,1988.0,0,none
lau1992,cardiology,-0.460518684875144,0.392419998119195,1988.0,0,none
lau1992,cardiology,-0.293632172461735,0.0499639743267957,1988.0,0,none
lau1992,cardiology,-1.58412010444981,0.880704845927979,1988.0,0,none
linde2005,psychiatry,2.74376828370429,0.716875888998109,1979.0,0,none
linde2005,psychiatry,2.35137525716348,0.740012869900955,1987.0,0,none
linde2005,psychiatry,1.38629436111989,0.715891053163818,1989.0,0,none
linde2005,psychiatry,3.5423608659626,1.48289241367837,1991.0,0,none
linde2005,psychiatry,0.0434851119397384,2.02163241859983,1992.0,0,none
linde2005,psychiatry,1.62745641793678,0.64213523679803,1992.0,0,none
linde2005,psychiatry,1.04796855584935,0.663411968625409,1993.0,0,none
linde2005,psychiatry,0.784118958765672,0.917113574476255,1993.0,0,none
linde2005,psychiatry,2.01490302054226,0.580548910116139,1993.0,0,none
linde2005,psychiatry,3.27420540692046,0.677401655240913,1993.0,0,none
linde2005,psychiatry,-0.0666913744986726,0.3790302099568,1993.0,0,none
linde2005,psychiatry,1.41388231763872,0.42649904091502,1994.0,0,none
linde2005,psychiatry,0.846481200480648,0.427208383346021,1995.0,0,none
linde2005,psychiatry,1.91773927208862,0.437344076523098,1996.0,0,none
linde2005,psychiatry,0.683096844706444,0.417695699007899,1998.0,0,none
linde2005,psychiatry,1.97110039788387,0.386072994731971,1998.0,0,none
linde2005,psychiatry,0.668964344771204,0.354994287601786,1999.0,0,none
linde2005,psychiatry,1.17272026082183,0.38795148715878,2000.0,0,none
linde2005,psychiatry,0.707745979981098,0.347268397043424,2000.0,0,none
linde2005,psychiatry,-0.0505331683872199,0.255650021158244,2000.0,0,none
linde2005,psychiatry,0.784118958765672,0.481220842197014,2001.0,0,none
linde2005,psychiatry,0.455832047635584,0.342096768574157,2001.0,0,none
linde2005,psychiatry,-0.30705835141492,0.2668113811158,2002.0,0,none
linde2005,psychiatry,0.416951911747628,0.207947180608189,2002.0,0,none
nielweise2007,infectious_disease,-1.96322659906677,1.51757424897616,1996.0,0,none
nielweise2007,infectious_disease,-1.39407650156195,1.1780658501488,1997.0,0,none
nielweise2007,infectious_disease,-1.60620689185265,0.788252386059929,1997.0,0,none
nielweise2007,infectious_disease,-2.71574254672537,1.46585066644061,1997.0,0,none
nielweise2007,infectious_disease,-0.148648341687367,0.61655372701124,1998.0,0,none
nielweise2007,infectious_disease,-1.05573056118484,1.12592925433081,1999.0,0,none
nielweise2007,infectious_disease,-1.09284858395136,1.15968133838177,1999.0,0,none
nielweise2007,infectious_disease,-1.37268870906411,1.2412597057683,1999.0,0,none
nielweise2007,infectious_disease,-3.07797037179096,1.03679940563197,2000.0,0,none
nielweise2007,infectious_disease,-0.624154309072994,1.2317718558085,2000.0,0,none
nielweise2007,infectious_disease,-2.85346720096071,1.47165289102632,2003.0,0,none
nielweise2007,infectious_disease,-1.30244005068303,1.64263275511528,2003.0,0,none
nielweise2007,infectious_disease,-0.595383011794054,0.737984479294731,2004.0,0,none
nielweise2007,infectious_disease,-0.674734119913068,0.518669238742307,2004.0,0,none
nielweise2007,infectious_disease,-0.116202007659065,2.00447436789578,2004.0,0,none
nielweise2007,infectious_disease,-1.06358925387855,1.63537492780233,2005.0,0,none
nielweise2007,infectious_disease,-1.05593155755323,1.15716283443509,2005.0,0,none
nielweise2007,infectious_disease,1.5114575040739,1.13197727407383,2006.0,0,none
graves2010,infectious_disease,-1.39965938825702,0.394446953757359,,0,none
graves2010,infectious_disease,-0.877527769188686,0.226789074680755,,0,none
graves2010,infectious_disease,-0.203777620856456,0.329429370864342,,0,none
graves2010,infectious_disease,-2.89378876739779,0.7639922093268,,0,none
graves2010,infectious_disease,-0.32454054903724,0.225507049944261,,0,none
graves2010,infectious_disease,-0.962487453959393,0.157093682622556,,0,none
graves2010,infectious_disease,-0.892196137206022,0.264399750294964,,0,none
graves2010,infectious_disease,-1.01656761870612,0.2754453262125,,0,none
graves2010,infectious_disease,-0.945183201748566,0.267150220975369,,0,none
graves2010,infectious_disease,-1.23190009908665,0.289877813180352,,0,none
graves2010,infectious_disease,-0.340773909175785,0.168371653795721,,0,none
graves2010,infectious_disease,-0.537332694970477,0.173572891565227,,0,none
graves2010,infectious_disease,-0.765712173995357,0.182599839410478,,0,none
graves2010,infectious_disease,-0.932409352116503,0.327484200184721,,0,none
graves2010,infectious_disease,-0.808673693615416,0.207179851472102,,0,none
graves2010,infectious_disease,-0.733361652538866,0.328947039073062,,0,none
graves2010,infectious_disease,-1.26263074960691,0.394429466276287,,0,none
lee2004,alternative_med,-0.130053128248198,0.360902587281908,2000.0,0,none
lee2004,alternative_med,-1.62186043243266,0.555902669338597,2002.0,0,none
lee2004,alternative_med,0.418368512944072,0.649461639976082,1999.0,0,none
lee2004,alternative_med,0.0791509372091643,0.287186457966712,2002.0,0,none
lee2004,alternative_med,-0.179468487811548,0.599552132397809,1994.0,0,none
lee2004,alternative_med,-0.241162056816888,0.695533057277822,1996.0,0,none
lee2004,alternative_med,-0.380542425345376,0.263951135555455,1998.0,0,none
lee2004,alternative_med,-1.91238745701667,0.734196355918694,1986.0,0,none
lee2004,alternative_med,0.0,1.43838990445615,1996.0,0,none
lee2004,alternative_med,-1.09308741273614,0.53579971977682,1993.0,0,none
lee2004,alternative_med,-1.30210226989954,0.5252260758509,1999.0,0,none
lee2004,alternative_med,-0.453093157097419,0.681404963676222,2000.0,0,none
lee2004,alternative_med,-3.09903184339179,1.08177140143171,1996.0,0,none
lee2004,alternative_med,-1.65999019159693,0.478917826792897,2002.0,0,none
lee2004,alternative_med,-1.16871565443909,0.373297626305891,2002.0,0,none
lee2004,alternative_med,0.160956734296258,0.315495348051678,2001.0,0,none
laopaiboon2015,pulmonology,-0.451985123743057,0.660297341240839,1991.0,0,none
laopaiboon2015,pulmonology,2.81042754812963,0.762112621757099,1995.0,0,none
laopaiboon2015,pulmonology,-0.777704568588008,0.211872749765442,1996.0,0,none
laopaiboon2015,pulmonology,-0.746257005873893,0.563659115730493,1991.0,0,none
laopaiboon2015,pulmonology,-0.419853845560264,0.620158264713069,2001.0,0,none
laopaiboon2015,pulmonology,1.20039498297805,0.857110854497294,1996.0,0,none
laopaiboon2015,pulmonology,0.352939907189704,0.605499936644113,1998.0,0,none
laopaiboon2015,pulmonology,0.0659579677917974,0.737566179045619,1993.0,0,none
laopaiboon2015,pulmonology,-0.563011376936561,0.75375037561042,1998.0,0,none
laopaiboon2015,pulmonology,-1.79175946922805,1.13651514141549,1992.0,0,none
laopaiboon2015,pulmonology,1.05605267424931,0.890773967328169,1993.0,0,none
laopaiboon2015,pulmonology,-1.75514972361549,1.57261374512601,1995.0,0,none
laopaiboon2015,pulmonology,-0.480585738576272,1.24402266266269,1999.0,0,none
laopaiboon2015,pulmonology,0.139573707080485,0.529095308336117,1996.0,0,none
laopaiboon2015,pulmonology,2.22254238532051,0.804235582273547,2002.0,0,none
hahn2001,pediatrics,-0.292136422801161,0.766873678056066,,0,none
hahn2001,pediatrics,0.0,2.02684683883813,,0,none
hahn2001,pediatrics,-0.463535990237976,0.237044764668351,,0,none
hahn2001,pediatrics,-1.01526974299202,0.489744900315914,,0,none
hahn2001,pediatrics,0.182321556793955,0.646489534291715,,0,none
hahn2001,pediatrics,-2.13470422035489,1.07103516493889,,0,none
hahn2001,pediatrics,0.0,2.02210011841375,,0,none
hahn2001,pediatrics,-0.182321556793955,0.448904390171394,,0,none
hahn2001,pediatrics,-1.29098418131557,0.817523183673806,,0,none
hahn2001,pediatrics,-0.0938187552176544,2.01559857896223,,0,none
hahn2001,pediatrics,-0.86903784702361,1.66807219477485,,0,none
hahn2001,pediatrics,-0.336348543133518,0.254150110971793,,0,none
hackshaw1998,oncology,0.165514438477573,0.137028776120449,1981.0,0,none
hackshaw1998,oncology,0.371563556432483,0.181780193931539,1984.0,0,none
hackshaw1998,oncology,0.703097511413113,0.734980180237841,1988.0,0,none
hackshaw1998,oncology,0.182321556793955,0.176826509575534,1997.0,0,none
hackshaw1998,oncology,-0.287682072451781,0.282233332726684,1982.0,0,none
hackshaw1998,oncology,0.727548607277278,0.476781492583848,1983.0,0,none
hackshaw1998,oncology,0.756121979721334,0.298197187624197,1983.0,0,none
hackshaw1998,oncology,-0.22314355131421,0.438952848398414,1984.0,0,none
hackshaw1998,oncology,-0.23572233352107,0.58225110350998,1984.0,0,none
hackshaw1998,oncology,0.698134722070984,0.313155236965253,1985.0,0,none
hackshaw1998,oncology,0.207014169384326,0.213437458234338,1985.0,0,none
hackshaw1998,oncology,0.182321556793955,0.481404164545202,1985.0,0,none
hackshaw1998,oncology,0.418710334858185,0.282210775873717,1986.0,0,none
hackshaw1998,oncology,0.0295588022415444,0.466256393706904,1986.0,0,none
hackshaw1998,oncology,0.438254930931155,0.277413002648917,1987.0,0,none
hackshaw1998,oncology,0.0295588022415444,0.267398136728312,1987.0,0,none
hackshaw1998,oncology,0.85015092936961,0.54089349419797,1987.0,0,none
hackshaw1998,oncology,0.500775287912489,0.180104157169875,1987.0,0,none
hackshaw1998,oncology,0.173953307123438,0.190455629063185,1987.0,0,none
hackshaw1998,oncology,0.418710334858185,0.695594164597768,1987.0,0,none
hackshaw1998,oncology,0.770108221696074,0.351875264720103,1988.0,0,none
hackshaw1998,oncology,0.0769610411361284,0.266618063383033,1988.0,0,none
hackshaw1998,oncology,0.936093359170335,0.631027284159873,1988.0,0,none
hackshaw1998,oncology,0.482426149244293,0.299371214496224,1990.0,0,none
hackshaw1998,oncology,0.0582689081239758,0.183629758842489,1990.0,0,none
hackshaw1998,oncology,-0.23572233352107,0.127001932730924,1990.0,0,none
hackshaw1998,oncology,-0.301105092783922,0.424539130629453,1991.0,0,none
hackshaw1998,oncology,0.819779831493311,0.563158701312871,1991.0,0,none
hackshaw1998,oncology,-0.0304592074847086,0.112012700838018,1992.0,0,none
hackshaw1998,oncology,0.470003629245736,0.337188808163865,1992.0,0,none
hackshaw1998,oncology,0.173953307123438,0.298892590099799,1993.0,0,none
hackshaw1998,oncology,0.506817602368452,0.419506370382897,1993.0,0,none
hackshaw1998,oncology,0.231111720963387,0.100145131841384,1994.0,0,none
hackshaw1998,oncology,0.0953101798043249,0.293622812272116,1995.0,0,none
hackshaw1998,oncology,0.506817602368452,0.199687174209307,1995.0,0,none
hackshaw1998,oncology,0.148420005118273,0.190787199700686,1996.0,0,none
hackshaw1998,oncology,0.104360015324243,0.257719821942313,1996.0,0,none
aact_diabetesme_purines,clinical_medicine,1.4648744612427478,0.3402713615205757,2009.0,1,donor
aact_diabetesme_purines,clinical_medicine,1.0780693874367804,0.3668451495818325,2009.0,1,test
aact_diabetesme_purines,clinical_medicine,0.9270328284060572,0.2682602626238929,2010.0,1,test
aact_diabetesme_purines,clinical_medicine,1.0539635369992275,0.3059238677425737,2008.0,1,donor
aact_diabetesme_purines,clinical_medicine,-0.4246479275249383,0.1432040067578703,2008.0,1,donor
aact_diabetesme_purines,clinical_medicine,1.4019216170055897,0.4256832390853874,2010.0,1,test
aact_diabetesme_purines,clinical_medicine,1.339726725303556,0.3326423764903993,2008.0,1,donor
aact_diabetesme_purines,clinical_medicine,1.4804675311371402,0.3064950388808578,2008.0,1,donor
aact_diabetesme_purines,clinical_medicine,-0.2033409240180301,1.5120958733326912,2008.0,1,donor
aact_diabetesme_purines,clinical_medicine,1.603419840108537,0.6449401538983166,2010.0,1,test
aact_diabetesme_purines,clinical_medicine,1.03992329231943,0.2663606516276617,2012.0,1,donor
aact_diabetesme_purines,clinical_medicine,1.0299764962779716,0.3634423788192454,2008.0,1,donor
aact_diabetesme_purines,clinical_medicine,1.2587450401729154,0.3574936417845367,2008.0,1,donor
aact_diabetesme_purines,clinical_medicine,1.2513333756857736,0.3056624477954735,2011.0,1,test
aact_diabetesme_purines,clinical_medicine,1.634130525024472,0.3181914343654321,2008.0,1,test
aact_diabetesme_purines,clinical_medicine,2.118542055301751,0.468494402111276,2010.0,1,test
aact_diabetesme_purines,clinical_medicine,2.921816590603823,1.0511627248133282,2006.0,1,test
aact_diabetesme_purines,clinical_medicine,1.3166762942390209,0.2464201730737978,2014.0,1,donor
aact_diabetesme_purines,clinical_medicine,0.5838901946229957,0.5001241123062866,2016.0,1,test
aact_diabetesme_purines,clinical_medicine,0.009950330853168,0.0806997808907167,2010.0,1,test
aact_diabetesme_glucagon-l,clinical_medicine,3.779405480813307,0.3293665267804463,2019.0,1,test
aact_diabetesme_glucagon-l,clinical_medicine,3.805773205585436,0.339386123457935,2019.0,1,test
aact_diabetesme_glucagon-l,clinical_medicine,2.222459048514761,0.1938334070574384,2018.0,1,test
aact_diabetesme_glucagon-l,clinical_medicine,3.4326960487215263,0.6377462306324125,2023.0,1,donor
aact_diabetesme_glucagon-l,clinical_medicine,4.034948352265444,0.9137962583747404,2017.0,1,donor
aact_diabetesme_glucagon-l,clinical_medicine,1.1085626195212777,0.219642277148706,2019.0,1,test
aact_diabetesme_glucagon-l,clinical_medicine,3.393837027255863,0.2471567475322975,2019.0,1,donor
aact_diabetesme_glucagon-l,clinical_medicine,2.73046379593911,0.6166339484607541,2022.0,1,donor
aact_diabetesme_glucagon-l,clinical_medicine,3.5319332036512097,0.2667383572889436,2021.0,1,donor
aact_diabetesme_glucagon-l,clinical_medicine,3.6958550678503617,0.8416797355374992,2019.0,1,donor
aact_diabetesme_glucagon-l,clinical_medicine,2.827313621929028,0.1990236972983601,2020.0,1,test
aact_diabetesme_glucagon-l,clinical_medicine,3.631515136724365,0.463485818277335,2019.0,1,test
aact_carcinoma_taxoids,oncology,2.0844290831908747,0.3931883809027752,2017.0,1,test
aact_carcinoma_taxoids,oncology,-0.3011050927839216,0.3796184693105575,2014.0,1,donor
aact_carcinoma_taxoids,oncology,1.5432981099295553,0.3079375287463378,2021.0,1,donor
aact_carcinoma_taxoids,oncology,0.5158131652770298,0.1910386602715268,2004.0,1,donor
aact_carcinoma_taxoids,oncology,-0.3147107448397002,0.3571717884348742,2016.0,1,donor
aact_carcinoma_taxoids,oncology,0.5653138090500605,0.248438387485005,2015.0,1,test
aact_carcinoma_taxoids,oncology,-0.2613647641344075,0.3125503890991271,2023.0,1,test
aact_carcinoma_taxoids,oncology,0.4762341789963717,0.2457122491460051,2013.0,1,donor
aact_carcinoma_taxoids,oncology,0.494696241836107,0.1142400216201791,2008.0,1,test
aact_carcinoma_taxoids,oncology,-0.1278333715098848,0.3172513905628069,2020.0,1,test
aact_neoplasmsb_antibodies,oncology,-0.843970070294529,0.2430295616550808,2008.0,1,test
aact_neoplasmsb_antibodies,oncology,1.1346227261911428,0.345032341617752,2019.0,1,test
aact_neoplasmsb_antibodies,oncology,-0.4462871026284195,0.355638295539674,2016.0,1,test
aact_neoplasmsb_antibodies,oncology,1.0581374561023913,0.2206523059265413,2004.0,1,donor
aact_neoplasmsb_antibodies,oncology,0.2390169004704999,0.4685023239088798,2004.0,1,donor
aact_neoplasmsb_antibodies,oncology,0.5822156198526637,0.1788431740575006,2008.0,1,donor
aact_neoplasmsb_antibodies,oncology,-0.616186139423817,0.230732881155314,2006.0,1,test
aact_neoplasmsb_antibodies,oncology,0.2851789422336624,0.1293224192565933,2008.0,1,donor
aact_neoplasmsb_antibodies,oncology,0.245296355955343,0.5669806631130229,2007.0,1,donor
aact_neoplasmsb_antibodies,oncology,0.7542422799197561,0.4931505219525242,2007.0,1,test
aact_diabetesme_insulin,clinical_medicine,1.7227665977411035,0.2760553453621088,2014.0,1,test
aact_diabetesme_insulin,clinical_medicine,0.6729444732424258,0.2411707430932328,2007.0,1,test
aact_diabetesme_insulin,clinical_medicine,-0.0408219945202551,0.1562573218159353,2014.0,1,donor
aact_diabetesme_insulin,clinical_medicine,-0.8255363686056909,0.4765949676652329,2009.0,1,test
aact_diabetesme_insulin,clinical_medicine,0.9516578757114464,0.1893410652959811,2022.0,1,test
aact_diabetesme_insulin,clinical_medicine,0.5877866649021191,0.2126718842462608,2015.0,1,donor
aact_diabetesme_insulin,clinical_medicine,0.0582689081239758,0.2245854336080277,2007.0,1,test
aact_diabetesme_insulin,clinical_medicine,-0.3285040669720361,0.1149042787324815,2003.0,1,test
aact_diabetesme_insulin,clinical_medicine,2.0268315914075385,0.2932689802750135,2020.0,1,donor
aact_diabetesme_insulin,clinical_medicine,0.9321640810304452,0.2455012991919239,2010.0,1,donor
aact_carcinoma_guanine,oncology,1.5690324977990613,0.2652347273219752,2009.0,1,donor
aact_carcinoma_guanine,oncology,1.8562979903656265,0.691356674570329,2015.0,1,donor
aact_carcinoma_guanine,oncology,0.5364933705145685,0.3112233580043739,2007.0,1,donor
aact_carcinoma_guanine,oncology,0.2546422183735807,0.1558470173793361,2008.0,1,test
aact_carcinoma_guanine,oncology,0.9162907318741552,0.6083402717749319,2006.0,1,donor
aact_carcinoma_guanine,oncology,0.4762341789963717,0.2126899110793575,2019.0,1,donor
aact_carcinoma_guanine,oncology,-0.0408219945202551,0.1730470815089975,2009.0,1,test
aact_carcinoma_guanine,oncology,0.29266961396282,0.3175555287405722,2005.0,1,test
aact_carcinoma_guanine,oncology,0.5068176023684519,0.3306548677295619,2007.0,1,test
aact_carcinoma_guanine,oncology,0.2070141693843261,0.2658873735278267,2015.0,1,test
aact_intestinal_antibodies,oncology,1.673351238177753,0.2514054528274414,2006.0,1,test
aact_intestinal_antibodies,oncology,0.1397619423751586,0.1642260853536651,2010.0,1,donor
aact_intestinal_antibodies,oncology,-0.8915981192837836,0.3851877710501395,2009.0,1,test
aact_intestinal_antibodies,oncology,0.5709795465857378,0.1747937758844991,2019.0,1,test
aact_intestinal_antibodies,oncology,0.2758118998812936,0.2496193637791438,2009.0,1,test
aact_intestinal_antibodies,oncology,0.62057648772511,0.3817602795752987,2007.0,1,donor
aact_intestinal_antibodies,oncology,0.7371640659767196,0.3969331170767023,2012.0,1,donor
aact_intestinal_antibodies,oncology,0.3364722366212129,0.1167498139987842,2004.0,1,donor
aact_intestinal_antibodies,oncology,0.0769610411361284,0.3442035415146089,2009.0,1,test
aact_intestinal_antibodies,oncology,0.3001045924503381,0.1648349518870484,2006.0,1,donor
aact_hepatitisc_ribonucleo,infectious_disease,0.494696241836107,0.142761752856073,2004.0,1,donor
aact_hepatitisc_ribonucleo,infectious_disease,0.0769610411361284,0.0938090656322982,2004.0,1,donor
aact_hepatitisc_ribonucleo,infectious_disease,0.5359084041334539,0.3217417476810739,2006.0,1,donor
aact_hepatitisc_ribonucleo,infectious_disease,-0.3856624808119846,0.2954657317701049,2008.0,1,test
aact_hepatitisc_ribonucleo,infectious_disease,0.1397619423751586,0.2661228706132533,2006.0,1,test
aact_hepatitisc_ribonucleo,infectious_disease,0.6931471805599453,0.2567210004158513,2003.0,1,test
aact_hepatitisc_ribonucleo,infectious_disease,0.0382587121170902,0.1313929264004309,2007.0,1,donor
aact_hepatitisc_ribonucleo,infectious_disease,-0.4307829160924542,0.1161948720169244,2003.0,1,test
aact_hepatitisc_ribonucleo,infectious_disease,1.3937663759585917,0.6216572163472163,2011.0,1,test
aact_hepatitisc_ribonucleo,infectious_disease,0.9501122803496656,0.3389079914251393,2006.0,1,donor
aact_spondylart_secukinuma,clinical_medicine,1.175573329804238,0.311595806858942,2015.0,1,donor
aact_spondylart_secukinuma,clinical_medicine,2.2669579153508947,0.4595724439041251,2016.0,1,test
aact_spondylart_secukinuma,clinical_medicine,1.5496879080283263,0.2902566049022573,2016.0,1,test
aact_spondylart_secukinuma,clinical_medicine,1.7101878155342434,0.2395831957520882,2011.0,1,test
aact_spondylart_secukinuma,clinical_medicine,1.5216989981260935,0.1890424473215126,2015.0,1,test
aact_spondylart_secukinuma,clinical_medicine,0.7701082216960737,0.2441963550866344,2016.0,1,test
aact_spondylart_secukinuma,clinical_medicine,0.904218150639886,0.2053229489134774,2016.0,1,donor
aact_spondylart_secukinuma,clinical_medicine,-0.5108256237659907,0.5186119597299667,2016.0,1,donor
aact_spondylart_secukinuma,clinical_medicine,0.4885800148186709,0.322503799633762,2016.0,1,donor
aact_spondylart_secukinuma,clinical_medicine,1.0681530811834012,0.473554107373367,2013.0,1,donor
aact_carcinoma_antibodies,oncology,1.7404661748405046,0.3004342991588618,2017.0,1,donor
aact_carcinoma_antibodies,oncology,0.262364264467491,0.5937042016949513,2018.0,1,test
aact_carcinoma_antibodies,oncology,-0.2107210313156525,0.2893428763786637,2013.0,1,test
aact_carcinoma_antibodies,oncology,0.4382549309311553,0.1710151710735237,2017.0,1,test
aact_carcinoma_antibodies,oncology,0.2390169004704999,0.2698494213392617,2017.0,1,test
aact_carcinoma_antibodies,oncology,0.1484200051182732,0.3547502540832691,2008.0,1,donor
aact_carcinoma_antibodies,oncology,-0.3566749439387324,0.2129625095684792,2014.0,1,donor
aact_carcinoma_antibodies,oncology,0.009950330853168,0.2305429989519347,2016.0,1,donor
aact_carcinoma_antibodies,oncology,1.8931119634883424,0.3415531043598306,2019.0,1,donor
aact_diabetesme_insulin,clinical_medicine,-0.2107210313156525,0.2820662687204103,2019.0,1,donor
aact_diabetesme_insulin,clinical_medicine,-0.2231435513142097,0.3281210554654002,2019.0,1,donor
aact_diabetesme_insulin,clinical_medicine,0.1043600153242428,0.1605721766161806,2022.0,1,test
aact_diabetesme_insulin,clinical_medicine,-0.6296091597559575,0.2604481653049365,2011.0,1,donor
aact_diabetesme_insulin,clinical_medicine,-0.0725706928348353,0.3195882624316065,2010.0,1,donor
aact_diabetesme_insulin,clinical_medicine,-0.1053605156578262,0.2229711692353831,2010.0,1,test
aact_diabetesme_insulin,clinical_medicine,0.0198026272961797,0.2014766655098394,2019.0,1,donor
aact_diabetesme_insulin,clinical_medicine,-0.2231435513142097,0.3648507232679429,2010.0,1,donor
aact_diabetesme_insulin,clinical_medicine,-0.8603830999358592,0.1627333497697946,2006.0,1,test
aact_diabetesme_triazoles,clinical_medicine,1.3862943611198906,0.199417077065534,2008.0,1,donor
aact_diabetesme_triazoles,clinical_medicine,1.2809338454620642,0.3284937461503308,2006.0,1,donor
aact_diabetesme_triazoles,clinical_medicine,-0.4004775665971252,0.1795260768670774,2008.0,1,test
aact_diabetesme_triazoles,clinical_medicine,2.0001277349601105,0.4631524029241681,2014.0,1,test
aact_diabetesme_triazoles,clinical_medicine,0.6931471805599453,0.1957319519046466,2008.0,1,donor
aact_diabetesme_triazoles,clinical_medicine,1.0818051703517284,0.2195453163430256,2014.0,1,donor
aact_diabetesme_triazoles,clinical_medicine,0.5877866649021191,0.1647719807109037,2010.0,1,test
aact_diabetesme_triazoles,clinical_medicine,0.7466879474879751,0.1315640487391971,2007.0,1,test
aact_depressive_piperazine,psychiatry,-0.7550225842780328,0.2864858106195774,2009.0,1,test
aact_depressive_piperazine,psychiatry,0.2231435513142097,0.202791959735024,2012.0,1,donor
aact_depressive_piperazine,psychiatry,0.5810976767513224,0.2284750721913941,2015.0,1,donor
aact_depressive_piperazine,psychiatry,0.29266961396282,0.2331509725154898,2008.0,1,test
aact_depressive_piperazine,psychiatry,0.6043159668533296,0.1896585664070785,2012.0,1,test
aact_depressive_piperazine,psychiatry,1.1410330045520618,0.2417367408305628,2011.0,1,test
aact_depressive_piperazine,psychiatry,1.2119409739751128,0.239041798151517,2010.0,1,donor
aact_depressive_piperazine,psychiatry,0.208638865111328,0.2458631839830581,2010.0,1,donor
aact_diabetesme_thiophenes,clinical_medicine,1.2178757094949273,0.3570469502975836,2011.0,1,test
aact_diabetesme_thiophenes,clinical_medicine,1.4996230464268938,0.2238523677919214,2010.0,1,test
aact_diabetesme_thiophenes,clinical_medicine,2.174751721484161,0.3031740380671684,2010.0,1,donor
aact_diabetesme_thiophenes,clinical_medicine,1.682688374173693,0.3460656426907497,2010.0,1,test
aact_diabetesme_thiophenes,clinical_medicine,1.1908875647772803,0.285190974626441,2011.0,1,donor
aact_diabetesme_thiophenes,clinical_medicine,2.681706225762608,0.2986982970755847,2010.0,1,donor
aact_diabetesme_thiophenes,clinical_medicine,1.47932922708708,0.2207137731785049,2010.0,1,test
aact_diabetesme_thiophenes,clinical_medicine,0.9895411936137476,0.4144083048557895,2010.0,1,donor
