mu,tau,k,mechanism,strength,outcome,method,n,conv_rate,bias,rmse,raw_cov,raw_width,mciw0,mciw0_test_cov
0.0,0.1,5,copas,moderate,continuous,adaptshrink_auto,40,1.0,0.0434,0.0993,1.0,0.7144,0.2874,0.75
0.0,0.1,5,copas,moderate,continuous,adaptshrink_ens,40,1.0,0.0271,0.1129,0.975,0.5535,0.349,0.75
0.0,0.1,5,copas,moderate,continuous,adaptshrink_ens_calib,40,1.0,0.0271,0.1129,1.0,0.7228,0.349,0.75
0.0,0.1,5,copas,moderate,continuous,adaptshrink_fast,40,1.0,0.0754,0.1609,1.0,2.3167,0.4623,0.75
0.0,0.1,5,copas,moderate,continuous,adaptshrink_petgate,40,1.0,0.075,0.1076,0.975,0.6004,0.2943,0.7
0.0,0.1,5,copas,moderate,continuous,adaptshrink_solo,40,1.0,0.0442,0.1534,0.95,1.8823,0.4955,0.85
0.0,0.1,5,copas,moderate,continuous,copas,40,1.0,0.0857,0.1141,0.8,0.3166,0.3371,0.8
0.0,0.1,5,copas,moderate,continuous,dl_hksj,40,1.0,0.0939,0.1216,0.95,0.5807,0.3717,0.8
0.0,0.1,5,copas,moderate,continuous,henmi_copas,40,1.0,0.0825,0.1151,0.875,0.541,0.3231,0.75
0.0,0.1,5,copas,moderate,continuous,p_curve,6,0.15,,,,,,
0.0,0.1,5,copas,moderate,continuous,p_uniform_star,20,0.5,0.1342,0.204,0.95,1.156,0.5549,0.8
0.0,0.1,5,copas,moderate,continuous,pet_peese,40,1.0,0.0371,0.2835,0.85,0.7746,0.8149,0.9
0.0,0.1,5,copas,moderate,continuous,reml_hksj,40,1.0,0.094,0.1221,0.95,0.5741,0.3756,0.85
0.0,0.1,5,copas,moderate,continuous,trim_and_fill,40,1.0,-0.0081,0.0868,0.65,0.1683,0.3663,0.95
0.0,0.1,5,copas,moderate,continuous,ubcma,40,1.0,0.068,0.1551,0.825,0.5931,0.4757,0.8
0.0,0.1,5,copas,moderate,continuous,vevea_hedges,36,0.9,0.0903,0.1546,0.806,0.4097,0.327,0.722
0.0,0.1,5,step,moderate,continuous,adaptshrink_auto,40,1.0,0.089,0.1428,1.0,0.8451,0.5484,1.0
0.0,0.1,5,step,moderate,continuous,adaptshrink_ens,40,1.0,0.075,0.1348,0.95,0.6546,0.5227,1.0
0.0,0.1,5,step,moderate,continuous,adaptshrink_ens_calib,40,1.0,0.075,0.1348,1.0,0.8599,0.5227,1.0
0.0,0.1,5,step,moderate,continuous,adaptshrink_fast,40,1.0,0.1107,0.1955,1.0,2.5621,1.0286,1.0
0.0,0.1,5,step,moderate,continuous,adaptshrink_petgate,40,1.0,0.1177,0.1594,0.95,0.6823,0.6107,1.0
0.0,0.1,5,step,moderate,continuous,adaptshrink_solo,40,1.0,0.1571,0.5069,0.9,1.9607,1.3432,0.95
0.0,0.1,5,step,moderate,continuous,copas,40,1.0,0.1244,0.163,0.55,0.3042,0.6188,1.0
0.0,0.1,5,step,moderate,continuous,dl_hksj,40,1.0,0.1305,0.1673,0.825,0.6059,0.5934,1.0
0.0,0.1,5,step,moderate,continuous,henmi_copas,40,1.0,0.1279,0.1644,0.7,0.5037,0.6188,1.0
0.0,0.1,5,step,moderate,continuous,p_curve,14,0.35,0.1954,0.2359,0.857,0.9287,0.8004,1.0
0.0,0.1,5,step,moderate,continuous,p_uniform_star,22,0.55,0.0822,0.1675,0.955,0.6361,0.8218,1.0
0.0,0.1,5,step,moderate,continuous,pet_peese,40,1.0,0.1117,0.3901,0.7,0.7517,1.1099,0.95
0.0,0.1,5,step,moderate,continuous,reml_hksj,40,1.0,0.1299,0.1666,0.825,0.6009,0.5924,1.0
0.0,0.1,5,step,moderate,continuous,trim_and_fill,40,1.0,0.057,0.1267,0.525,0.1913,0.5099,1.0
0.0,0.1,5,step,moderate,continuous,ubcma,38,0.95,0.0786,0.1889,0.842,0.723,0.7139,0.944
0.0,0.1,5,step,moderate,continuous,vevea_hedges,39,0.975,0.1046,0.1813,0.795,0.4743,0.8201,1.0
0.0,0.1,40,copas,moderate,continuous,adaptshrink_auto,40,1.0,0.0045,0.0545,0.975,0.6213,0.1983,0.95
0.0,0.1,40,copas,moderate,continuous,adaptshrink_ens,40,1.0,-0.0001,0.054,1.0,0.4725,0.1788,0.9
0.0,0.1,40,copas,moderate,continuous,adaptshrink_ens_calib,40,1.0,-0.0001,0.054,1.0,0.6339,0.1788,0.9
0.0,0.1,40,copas,moderate,continuous,adaptshrink_fast,40,1.0,0.0874,0.0965,0.85,0.2878,0.2549,0.85
0.0,0.1,40,copas,moderate,continuous,adaptshrink_petgate,40,1.0,0.0735,0.0795,0.55,0.1881,0.2093,0.8
0.0,0.1,40,copas,moderate,continuous,adaptshrink_solo,40,1.0,0.0883,0.1029,0.525,0.2441,0.2252,0.7
0.0,0.1,40,copas,moderate,continuous,copas,40,1.0,0.0869,0.0914,0.175,0.1144,0.2233,0.8
0.0,0.1,40,copas,moderate,continuous,dl_hksj,40,1.0,0.0874,0.0918,0.2,0.1227,0.2236,0.8
0.0,0.1,40,copas,moderate,continuous,henmi_copas,40,1.0,0.0853,0.0903,0.3,0.1376,0.211,0.7
0.0,0.1,40,copas,moderate,continuous,p_curve,38,0.95,0.2016,0.2176,0.5,0.3713,0.6692,0.889
0.0,0.1,40,copas,moderate,continuous,p_uniform_star,40,1.0,0.0884,0.0996,0.5,0.1768,0.2915,0.85
0.0,0.1,40,copas,moderate,continuous,pet_peese,40,1.0,0.0659,0.0888,0.625,0.1491,0.2329,0.75
0.0,0.1,40,copas,moderate,continuous,reml_hksj,40,1.0,0.0876,0.092,0.175,0.123,0.2244,0.8
0.0,0.1,40,copas,moderate,continuous,trim_and_fill,40,1.0,-0.0689,0.0935,0.175,0.0572,0.311,0.95
0.0,0.1,40,copas,moderate,continuous,ubcma,38,0.95,0.0067,0.0574,0.816,0.2179,0.1596,0.7
0.0,0.1,40,copas,moderate,continuous,vevea_hedges,40,1.0,0.0902,0.1008,0.475,0.1747,0.2868,0.85
0.0,0.1,40,step,moderate,continuous,adaptshrink_auto,40,1.0,0.0246,0.0733,1.0,0.797,0.286,1.0
0.0,0.1,40,step,moderate,continuous,adaptshrink_ens,40,1.0,0.0112,0.0807,0.95,0.6688,0.286,0.95
0.0,0.1,40,step,moderate,continuous,adaptshrink_ens_calib,40,1.0,0.0112,0.0807,1.0,0.8547,0.286,0.95
0.0,0.1,40,step,moderate,continuous,adaptshrink_fast,40,1.0,0.077,0.1003,0.875,0.3941,0.3255,0.9
0.0,0.1,40,step,moderate,continuous,adaptshrink_petgate,40,1.0,0.0967,0.1121,0.55,0.2814,0.3589,0.9
0.0,0.1,40,step,moderate,continuous,adaptshrink_solo,40,1.0,0.106,0.1247,0.6,0.3665,0.3707,0.85
0.0,0.1,40,step,moderate,continuous,copas,40,1.0,0.1125,0.1245,0.325,0.1612,0.3699,0.9
0.0,0.1,40,step,moderate,continuous,dl_hksj,40,1.0,0.1133,0.125,0.35,0.1846,0.3707,0.9
0.0,0.1,40,step,moderate,continuous,henmi_copas,40,1.0,0.1092,0.1225,0.375,0.2116,0.3761,0.85
0.0,0.1,40,step,moderate,continuous,p_curve,38,0.95,0.181,0.2062,0.579,0.5429,0.5584,0.842
0.0,0.1,40,step,moderate,continuous,p_uniform_star,38,0.95,0.0793,0.0997,0.684,0.2274,0.2888,0.895
0.0,0.1,40,step,moderate,continuous,pet_peese,40,1.0,0.0855,0.1247,0.5,0.1775,0.3888,0.95
0.0,0.1,40,step,moderate,continuous,reml_hksj,40,1.0,0.1129,0.1248,0.35,0.1835,0.3705,0.9
0.0,0.1,40,step,moderate,continuous,trim_and_fill,40,1.0,-0.048,0.0994,0.3,0.0749,0.3028,0.85
0.0,0.1,40,step,moderate,continuous,ubcma,34,0.85,0.0466,0.0905,0.853,0.2924,0.2769,0.938
0.0,0.1,40,step,moderate,continuous,vevea_hedges,40,1.0,0.0742,0.0973,0.725,0.2184,0.3004,0.85
0.0,0.3,5,copas,moderate,continuous,adaptshrink_auto,40,1.0,0.0666,0.1683,0.975,1.0027,0.7489,1.0
0.0,0.3,5,copas,moderate,continuous,adaptshrink_ens,40,1.0,-0.0591,0.2152,0.725,0.668,0.876,1.0
0.0,0.3,5,copas,moderate,continuous,adaptshrink_ens_calib,40,1.0,-0.0591,0.2152,0.85,0.8891,0.876,1.0
0.0,0.3,5,copas,moderate,continuous,adaptshrink_fast,40,1.0,0.2461,0.9416,0.95,3.2068,0.9217,0.85
0.0,0.3,5,copas,moderate,continuous,adaptshrink_petgate,40,1.0,0.0789,0.1759,0.925,0.9022,0.7474,1.0
0.0,0.3,5,copas,moderate,continuous,adaptshrink_solo,40,1.0,0.0587,0.2763,0.975,3.149,1.2904,1.0
0.0,0.3,5,copas,moderate,continuous,copas,40,1.0,0.0949,0.1707,0.7,0.5027,0.7179,1.0
0.0,0.3,5,copas,moderate,continuous,dl_hksj,40,1.0,0.1061,0.1765,0.9,0.9517,0.7399,1.0
0.0,0.3,5,copas,moderate,continuous,henmi_copas,40,1.0,0.074,0.1816,0.85,1.0784,0.6933,1.0
0.0,0.3,5,copas,moderate,continuous,p_curve,16,0.4,0.402,0.4273,0.438,0.7589,1.2,0.833
0.0,0.3,5,copas,moderate,continuous,p_uniform_star,34,0.85,1.0118,3.6442,0.824,2.0719,1.6524,0.889
0.0,0.3,5,copas,moderate,continuous,pet_peese,40,1.0,0.0676,0.3304,0.5,0.5905,1.3189,0.95
0.0,0.3,5,copas,moderate,continuous,reml_hksj,40,1.0,0.1062,0.176,0.875,0.8987,0.7389,1.0
0.0,0.3,5,copas,moderate,continuous,trim_and_fill,40,1.0,-0.0971,0.2246,0.275,0.1587,0.7607,1.0
0.0,0.3,5,copas,moderate,continuous,ubcma,39,0.975,0.0709,0.2575,0.718,0.7905,1.0426,1.0
0.0,0.3,5,copas,moderate,continuous,vevea_hedges,38,0.95,0.2945,1.1435,0.711,1.4812,0.8552,0.789
0.0,0.3,5,step,moderate,continuous,adaptshrink_auto,40,1.0,0.1524,0.2562,0.825,0.9703,0.9443,0.95
0.0,0.3,5,step,moderate,continuous,adaptshrink_ens,40,1.0,0.1057,0.2644,0.675,0.641,0.9372,0.95
0.0,0.3,5,step,moderate,continuous,adaptshrink_ens_calib,40,1.0,0.1057,0.2644,0.775,0.8653,0.9372,0.95
0.0,0.3,5,step,moderate,continuous,adaptshrink_fast,40,1.0,0.1316,0.2835,0.875,1.8135,0.9616,0.95
0.0,0.3,5,step,moderate,continuous,adaptshrink_petgate,40,1.0,0.1764,0.268,0.775,0.9271,1.0196,1.0
0.0,0.3,5,step,moderate,continuous,adaptshrink_solo,40,1.0,0.3052,0.7722,0.875,4.1983,1.8068,0.9
0.0,0.3,5,step,moderate,continuous,copas,40,1.0,0.1892,0.2666,0.6,0.5029,1.0069,1.0
0.0,0.3,5,step,moderate,continuous,dl_hksj,40,1.0,0.1939,0.2691,0.775,0.984,1.0272,1.0
0.0,0.3,5,step,moderate,continuous,henmi_copas,40,1.0,0.1891,0.2769,0.725,1.0522,1.0198,1.0
0.0,0.3,5,step,moderate,continuous,p_curve,25,0.625,0.384,0.4084,0.32,0.6241,1.2131,1.0
0.0,0.3,5,step,moderate,continuous,p_uniform_star,32,0.8,0.1198,0.2759,0.781,0.9101,1.1103,1.0
0.0,0.3,5,step,moderate,continuous,pet_peese,40,1.0,0.2208,0.5679,0.45,0.7241,1.8975,0.9
0.0,0.3,5,step,moderate,continuous,reml_hksj,40,1.0,0.194,0.269,0.775,0.9599,1.0271,1.0
0.0,0.3,5,step,moderate,continuous,trim_and_fill,40,1.0,0.0809,0.26,0.225,0.1831,0.9172,0.95
0.0,0.3,5,step,moderate,continuous,ubcma,40,1.0,0.093,0.296,0.675,0.8103,1.0753,0.95
0.0,0.3,5,step,moderate,continuous,vevea_hedges,38,0.95,0.1301,0.2732,0.763,0.8238,0.9807,1.0
0.0,0.3,40,copas,moderate,continuous,adaptshrink_auto,40,1.0,0.0882,0.1068,0.85,0.5681,0.3385,0.9
0.0,0.3,40,copas,moderate,continuous,adaptshrink_ens,40,1.0,-0.0328,0.0974,0.975,2.3486,0.4062,1.0
0.0,0.3,40,copas,moderate,continuous,adaptshrink_ens_calib,40,1.0,-0.0328,0.0974,1.0,2.7718,0.4062,1.0
0.0,0.3,40,copas,moderate,continuous,adaptshrink_fast,40,1.0,0.1436,0.1699,0.9,0.579,0.6848,1.0
0.0,0.3,40,copas,moderate,continuous,adaptshrink_petgate,40,1.0,0.0914,0.1096,0.825,0.5397,0.3385,0.85
0.0,0.3,40,copas,moderate,continuous,adaptshrink_solo,40,1.0,0.0921,0.1362,0.85,0.5756,0.4636,1.0
0.0,0.3,40,copas,moderate,continuous,copas,40,1.0,0.1174,0.1302,0.5,0.2215,0.3998,0.9
0.0,0.3,40,copas,moderate,continuous,dl_hksj,40,1.0,0.119,0.1318,0.55,0.2425,0.4017,0.9
0.0,0.3,40,copas,moderate,continuous,henmi_copas,40,1.0,0.1,0.1168,0.85,0.3024,0.435,0.95
0.0,0.3,40,copas,moderate,continuous,p_curve,40,1.0,0.4157,0.4271,0.025,0.2912,1.1088,1.0
0.0,0.3,40,copas,moderate,continuous,p_uniform_star,40,1.0,0.1634,0.1898,0.65,0.3784,0.7513,1.0
0.0,0.3,40,copas,moderate,continuous,pet_peese,40,1.0,0.0589,0.1164,0.575,0.1338,0.4524,0.95
0.0,0.3,40,copas,moderate,continuous,reml_hksj,40,1.0,0.119,0.1317,0.525,0.2346,0.4029,0.9
0.0,0.3,40,copas,moderate,continuous,trim_and_fill,40,1.0,-0.2207,0.2397,0.025,0.0564,0.7049,0.85
0.0,0.3,40,copas,moderate,continuous,ubcma,18,0.45,0.087,0.1366,0.833,0.5311,0.611,1.0
0.0,0.3,40,copas,moderate,continuous,vevea_hedges,40,1.0,0.1627,0.1888,0.65,0.3793,0.7396,1.0
0.0,0.3,40,step,moderate,continuous,adaptshrink_auto,40,1.0,0.164,0.1827,0.675,0.6957,0.5681,0.9
0.0,0.3,40,step,moderate,continuous,adaptshrink_ens,40,1.0,0.1033,0.1798,0.875,1.1694,0.5489,0.85
0.0,0.3,40,step,moderate,continuous,adaptshrink_ens_calib,40,1.0,0.1033,0.1798,1.0,1.5,0.5489,0.85
0.0,0.3,40,step,moderate,continuous,adaptshrink_fast,40,1.0,0.0989,0.142,0.85,0.674,0.6965,1.0
0.0,0.3,40,step,moderate,continuous,adaptshrink_petgate,40,1.0,0.1697,0.1868,0.6,0.5281,0.6094,1.0
0.0,0.3,40,step,moderate,continuous,adaptshrink_solo,40,1.0,0.2044,0.2537,0.7,0.7443,0.9386,0.95
0.0,0.3,40,step,moderate,continuous,copas,40,1.0,0.185,0.1953,0.225,0.2794,0.6143,0.95
0.0,0.3,40,step,moderate,continuous,dl_hksj,40,1.0,0.1868,0.197,0.3,0.3098,0.6192,0.95
0.0,0.3,40,step,moderate,continuous,henmi_copas,40,1.0,0.197,0.2175,0.425,0.3718,0.736,1.0
0.0,0.3,40,step,moderate,continuous,p_curve,40,1.0,0.3818,0.3913,0.0,0.258,1.0526,1.0
0.0,0.3,40,step,moderate,continuous,p_uniform_star,40,1.0,0.0828,0.132,0.9,0.4381,0.6492,1.0
0.0,0.3,40,step,moderate,continuous,pet_peese,40,1.0,0.2001,0.2564,0.225,0.1445,0.874,0.95
0.0,0.3,40,step,moderate,continuous,reml_hksj,40,1.0,0.1863,0.1964,0.3,0.3065,0.613,0.95
0.0,0.3,40,step,moderate,continuous,trim_and_fill,40,1.0,-0.1243,0.2154,0.1,0.0697,0.8373,1.0
0.0,0.3,40,step,moderate,continuous,ubcma,33,0.825,0.1341,0.2191,0.697,0.5248,0.7251,1.0
0.0,0.3,40,step,moderate,continuous,vevea_hedges,40,1.0,0.086,0.1348,0.9,0.4361,0.6401,1.0
0.0,0.5,5,copas,moderate,continuous,adaptshrink_auto,40,1.0,0.126,0.2829,0.975,1.2977,0.8449,0.85
0.0,0.5,5,copas,moderate,continuous,adaptshrink_ens,40,1.0,-0.0337,0.3774,0.725,0.816,1.92,1.0
0.0,0.5,5,copas,moderate,continuous,adaptshrink_ens_calib,40,1.0,-0.0337,0.3774,0.75,1.0852,1.92,1.0
0.0,0.5,5,copas,moderate,continuous,adaptshrink_fast,40,1.0,0.1467,0.393,0.875,2.0247,1.5926,0.95
0.0,0.5,5,copas,moderate,continuous,adaptshrink_petgate,40,1.0,0.1354,0.2908,0.925,1.2797,0.8449,0.85
0.0,0.5,5,copas,moderate,continuous,adaptshrink_solo,40,1.0,0.192,0.5158,0.975,5.4871,2.3729,1.0
0.0,0.5,5,copas,moderate,continuous,copas,40,1.0,0.1396,0.2754,0.75,0.7862,0.8025,0.8
0.0,0.5,5,copas,moderate,continuous,dl_hksj,40,1.0,0.1492,0.279,0.925,1.4565,0.814,0.8
0.0,0.5,5,copas,moderate,continuous,henmi_copas,40,1.0,0.1395,0.3133,0.975,1.764,1.1301,0.9
0.0,0.5,5,copas,moderate,continuous,p_curve,23,0.575,0.5987,0.6454,0.261,0.7508,1.6184,0.5
0.0,0.5,5,copas,moderate,continuous,p_uniform_star,40,1.0,0.167,0.407,0.7,1.2339,1.3692,0.85
0.0,0.5,5,copas,moderate,continuous,pet_peese,40,1.0,0.066,0.4917,0.4,0.5305,2.0888,1.0
0.0,0.5,5,copas,moderate,continuous,reml_hksj,40,1.0,0.1505,0.2798,0.925,1.3706,0.8242,0.8
0.0,0.5,5,copas,moderate,continuous,trim_and_fill,40,1.0,-0.109,0.4146,0.125,0.1606,2.1035,1.0
0.0,0.5,5,copas,moderate,continuous,ubcma,38,0.95,0.0836,0.4229,0.526,0.6786,1.5757,0.895
0.0,0.5,5,copas,moderate,continuous,vevea_hedges,38,0.95,0.1845,0.4112,0.711,1.2766,1.3708,0.895
0.0,0.5,5,step,moderate,continuous,adaptshrink_auto,40,1.0,0.2345,0.3845,0.875,1.5126,1.2677,0.95
0.0,0.5,5,step,moderate,continuous,adaptshrink_ens,40,1.0,0.1934,0.4498,0.55,1.1328,1.5581,0.85
0.0,0.5,5,step,moderate,continuous,adaptshrink_ens_calib,40,1.0,0.1934,0.4498,0.7,1.4994,1.5581,0.85
0.0,0.5,5,step,moderate,continuous,adaptshrink_fast,40,1.0,0.5039,2.1839,0.975,5.9275,1.091,0.7
0.0,0.5,5,step,moderate,continuous,adaptshrink_petgate,40,1.0,0.244,0.3894,0.775,1.4848,1.2677,0.95
0.0,0.5,5,step,moderate,continuous,adaptshrink_solo,40,1.0,0.4396,1.0466,0.95,7.7796,4.738,0.95
0.0,0.5,5,step,moderate,continuous,copas,40,1.0,0.2455,0.3795,0.575,0.8428,1.0991,0.85
0.0,0.5,5,step,moderate,continuous,dl_hksj,40,1.0,0.2571,0.3833,0.8,1.6118,1.0974,0.8
0.0,0.5,5,step,moderate,continuous,henmi_copas,40,1.0,0.2957,0.4427,0.825,1.9687,1.4193,0.85
0.0,0.5,5,step,moderate,continuous,p_curve,31,0.775,0.5865,0.6492,0.226,0.8618,1.6946,0.688
0.0,0.5,5,step,moderate,continuous,p_uniform_star,37,0.925,1.2137,6.7138,0.838,1.4829,1.0242,0.632
0.0,0.5,5,step,moderate,continuous,pet_peese,40,1.0,0.4341,0.8525,0.325,0.5533,3.5311,0.95
0.0,0.5,5,step,moderate,continuous,reml_hksj,40,1.0,0.2578,0.3865,0.8,1.5534,1.0938,0.8
0.0,0.5,5,step,moderate,continuous,trim_and_fill,40,1.0,0.0625,0.3839,0.15,0.1774,1.5032,0.95
0.0,0.5,5,step,moderate,continuous,ubcma,39,0.975,0.2154,0.4679,0.538,0.7995,1.6322,0.85
0.0,0.5,5,step,moderate,continuous,vevea_hedges,37,0.925,0.5162,2.6699,0.838,3.2303,0.9571,0.647
0.0,0.5,40,copas,moderate,continuous,adaptshrink_auto,40,1.0,0.0891,0.1471,0.875,1.1159,0.448,0.75
0.0,0.5,40,copas,moderate,continuous,adaptshrink_ens,40,1.0,-0.0721,0.2064,0.8,2.9159,0.6553,0.9
0.0,0.5,40,copas,moderate,continuous,adaptshrink_ens_calib,40,1.0,-0.0721,0.2064,0.875,3.4465,0.6553,0.9
0.0,0.5,40,copas,moderate,continuous,adaptshrink_fast,40,1.0,0.1378,0.1803,0.875,0.8589,0.585,0.95
0.0,0.5,40,copas,moderate,continuous,adaptshrink_petgate,40,1.0,0.0891,0.1471,0.875,1.1159,0.448,0.75
0.0,0.5,40,copas,moderate,continuous,adaptshrink_solo,40,1.0,0.098,0.2524,0.85,1.0468,1.1834,1.0
0.0,0.5,40,copas,moderate,continuous,copas,40,1.0,0.1459,0.1679,0.6,0.3511,0.474,0.7
0.0,0.5,40,copas,moderate,continuous,dl_hksj,40,1.0,0.1485,0.1701,0.675,0.3876,0.4749,0.7
0.0,0.5,40,copas,moderate,continuous,henmi_copas,40,1.0,0.119,0.1749,0.8,0.5001,0.6722,1.0
0.0,0.5,40,copas,moderate,continuous,p_curve,40,1.0,0.5429,0.5499,0.0,0.3105,1.3488,0.9
0.0,0.5,40,copas,moderate,continuous,p_uniform_star,40,1.0,0.1413,0.1879,0.9,0.581,0.6172,0.9
0.0,0.5,40,copas,moderate,continuous,pet_peese,40,1.0,0.0792,0.2185,0.3,0.1203,0.9171,1.0
0.0,0.5,40,copas,moderate,continuous,reml_hksj,40,1.0,0.1486,0.17,0.625,0.3722,0.4764,0.7
0.0,0.5,40,copas,moderate,continuous,trim_and_fill,40,1.0,-0.4043,0.4424,0.025,0.0584,1.2512,0.85
0.0,0.5,40,copas,moderate,continuous,ubcma,24,0.6,0.1321,0.2982,0.458,0.4819,0.7151,0.636
0.0,0.5,40,copas,moderate,continuous,vevea_hedges,40,1.0,0.1408,0.187,0.9,0.5812,0.6175,0.9
0.0,0.5,40,step,moderate,continuous,adaptshrink_auto,40,1.0,0.2377,0.2789,0.625,0.6676,0.8069,0.9
0.0,0.5,40,step,moderate,continuous,adaptshrink_ens,40,1.0,0.1428,0.2832,0.725,1.3285,1.0814,0.85
0.0,0.5,40,step,moderate,continuous,adaptshrink_ens_calib,40,1.0,0.1428,0.2832,0.825,1.7117,1.0814,0.85
0.0,0.5,40,step,moderate,continuous,adaptshrink_fast,40,1.0,0.1063,0.213,0.85,1.0232,0.6953,0.8
0.0,0.5,40,step,moderate,continuous,adaptshrink_petgate,40,1.0,0.2377,0.2789,0.625,0.6676,0.8069,0.9
0.0,0.5,40,step,moderate,continuous,adaptshrink_solo,40,1.0,0.2732,0.372,0.7,1.0651,1.1506,0.9
0.0,0.5,40,step,moderate,continuous,copas,40,1.0,0.2664,0.2871,0.3,0.4021,0.8335,0.95
0.0,0.5,40,step,moderate,continuous,dl_hksj,40,1.0,0.2689,0.2898,0.375,0.4455,0.844,0.95
0.0,0.5,40,step,moderate,continuous,henmi_copas,40,1.0,0.2714,0.3052,0.55,0.5447,0.8809,0.85
0.0,0.5,40,step,moderate,continuous,p_curve,40,1.0,0.5464,0.5549,0.0,0.3119,1.3453,0.85
0.0,0.5,40,step,moderate,continuous,p_uniform_star,40,1.0,0.0939,0.2135,0.8,0.6706,0.7586,0.85
0.0,0.5,40,step,moderate,continuous,pet_peese,40,1.0,0.2618,0.3548,0.15,0.1409,1.2079,0.95
0.0,0.5,40,step,moderate,continuous,reml_hksj,40,1.0,0.2684,0.2892,0.35,0.4359,0.8416,0.95
0.0,0.5,40,step,moderate,continuous,trim_and_fill,40,1.0,-0.1991,0.3294,0.125,0.0694,1.039,0.9
0.0,0.5,40,step,moderate,continuous,ubcma,36,0.9,0.26,0.3828,0.5,0.5831,1.1814,0.938
0.0,0.5,40,step,moderate,continuous,vevea_hedges,40,1.0,0.0952,0.2155,0.8,0.6687,0.725,0.8
0.2,0.1,5,copas,moderate,continuous,adaptshrink_auto,40,1.0,0.0111,0.1091,0.975,0.6111,0.5411,1.0
0.2,0.1,5,copas,moderate,continuous,adaptshrink_ens,40,1.0,-0.0063,0.1215,0.925,0.4975,0.5411,1.0
0.2,0.1,5,copas,moderate,continuous,adaptshrink_ens_calib,40,1.0,-0.0063,0.1215,0.975,0.628,0.5411,1.0
0.2,0.1,5,copas,moderate,continuous,adaptshrink_fast,40,1.0,-0.0781,0.6033,0.975,3.6913,0.587,0.9
0.2,0.1,5,copas,moderate,continuous,adaptshrink_petgate,40,1.0,0.0579,0.1097,0.975,0.5479,0.4812,1.0
0.2,0.1,5,copas,moderate,continuous,adaptshrink_solo,40,1.0,-0.0031,0.268,0.975,2.7804,0.839,0.95
0.2,0.1,5,copas,moderate,continuous,copas,40,1.0,0.0724,0.1209,0.7,0.2942,0.5363,1.0
0.2,0.1,5,copas,moderate,continuous,dl_hksj,40,1.0,0.0814,0.1246,0.925,0.5166,0.5355,1.0
0.2,0.1,5,copas,moderate,continuous,henmi_copas,40,1.0,0.0702,0.1127,0.75,0.4423,0.4262,1.0
0.2,0.1,5,copas,moderate,continuous,p_curve,23,0.575,0.1287,0.1565,0.826,0.5912,0.5512,1.0
0.2,0.1,5,copas,moderate,continuous,p_uniform_star,24,0.6,-14.8539,52.1205,0.75,2.1868,1.4727,0.8
0.2,0.1,5,copas,moderate,continuous,pet_peese,40,1.0,-0.0464,0.2562,0.725,0.6327,1.179,0.95
0.2,0.1,5,copas,moderate,continuous,reml_hksj,40,1.0,0.0828,0.1259,0.95,0.5263,0.5373,1.0
0.2,0.1,5,copas,moderate,continuous,trim_and_fill,40,1.0,-0.0137,0.1178,0.475,0.1769,0.4869,1.0
0.2,0.1,5,copas,moderate,continuous,ubcma,39,0.975,-0.0095,0.1305,0.923,0.5541,0.5045,0.95
0.2,0.1,5,copas,moderate,continuous,vevea_hedges,38,0.95,-0.1892,1.1411,0.816,1.4566,0.4781,0.9
0.2,0.1,5,step,moderate,continuous,adaptshrink_auto,40,1.0,0.0552,0.0978,1.0,0.5971,0.3485,0.95
0.2,0.1,5,step,moderate,continuous,adaptshrink_ens,40,1.0,0.0294,0.0977,0.95,0.4446,0.3231,0.85
0.2,0.1,5,step,moderate,continuous,adaptshrink_ens_calib,40,1.0,0.0294,0.0977,1.0,0.5796,0.3231,0.85
0.2,0.1,5,step,moderate,continuous,adaptshrink_fast,40,1.0,0.0651,0.1267,0.95,1.2977,0.3853,0.8
0.2,0.1,5,step,moderate,continuous,adaptshrink_petgate,40,1.0,0.081,0.107,0.95,0.5219,0.3607,1.0
0.2,0.1,5,step,moderate,continuous,adaptshrink_solo,40,1.0,0.085,0.1922,0.9,2.4447,0.4327,0.85
0.2,0.1,5,step,moderate,continuous,copas,40,1.0,0.0834,0.1092,0.8,0.2785,0.396,1.0
0.2,0.1,5,step,moderate,continuous,dl_hksj,40,1.0,0.0911,0.1144,0.95,0.5188,0.405,1.0
0.2,0.1,5,step,moderate,continuous,henmi_copas,40,1.0,0.0841,0.1112,0.825,0.4603,0.3648,1.0
0.2,0.1,5,step,moderate,continuous,p_curve,37,0.925,0.1117,0.1412,0.838,0.5447,0.4326,0.765
0.2,0.1,5,step,moderate,continuous,p_uniform_star,28,0.7,0.053,0.145,0.821,0.6473,0.4201,0.692
0.2,0.1,5,step,moderate,continuous,pet_peese,40,1.0,0.0123,0.2035,0.575,0.5753,0.6144,0.85
0.2,0.1,5,step,moderate,continuous,reml_hksj,40,1.0,0.0909,0.1151,0.95,0.5091,0.4215,1.0
0.2,0.1,5,step,moderate,continuous,trim_and_fill,40,1.0,0.0129,0.0871,0.625,0.1552,0.2918,0.9
0.2,0.1,5,step,moderate,continuous,ubcma,40,1.0,0.0208,0.135,0.85,0.5879,0.4851,0.9
0.2,0.1,5,step,moderate,continuous,vevea_hedges,37,0.925,0.0737,0.1319,0.865,0.476,0.3845,0.75
0.2,0.1,40,copas,moderate,continuous,adaptshrink_auto,40,1.0,0.0072,0.0522,1.0,0.5265,0.1915,0.95
0.2,0.1,40,copas,moderate,continuous,adaptshrink_ens,40,1.0,0.0072,0.0522,1.0,0.3789,0.1915,0.95
0.2,0.1,40,copas,moderate,continuous,adaptshrink_ens_calib,40,1.0,0.0072,0.0522,1.0,0.5265,0.1915,0.95
0.2,0.1,40,copas,moderate,continuous,adaptshrink_fast,40,1.0,0.0816,0.0959,0.725,0.2652,0.3135,0.95
0.2,0.1,40,copas,moderate,continuous,adaptshrink_petgate,40,1.0,0.0663,0.0765,0.675,0.2022,0.2255,0.8
0.2,0.1,40,copas,moderate,continuous,adaptshrink_solo,40,1.0,0.0697,0.096,0.6,0.2859,0.261,0.9
0.2,0.1,40,copas,moderate,continuous,copas,40,1.0,0.0837,0.0895,0.275,0.113,0.2435,0.8
0.2,0.1,40,copas,moderate,continuous,dl_hksj,40,1.0,0.0847,0.0904,0.275,0.122,0.2444,0.8
0.2,0.1,40,copas,moderate,continuous,henmi_copas,40,1.0,0.0783,0.086,0.425,0.1368,0.2539,0.8
0.2,0.1,40,copas,moderate,continuous,p_curve,40,1.0,0.1082,0.1209,0.35,0.1643,0.3702,0.95
0.2,0.1,40,copas,moderate,continuous,p_uniform_star,39,0.975,0.0876,0.1051,0.487,0.165,0.3821,1.0
0.2,0.1,40,copas,moderate,continuous,pet_peese,40,1.0,0.0675,0.0907,0.4,0.108,0.2721,0.8
0.2,0.1,40,copas,moderate,continuous,reml_hksj,40,1.0,0.0847,0.0904,0.275,0.1211,0.2444,0.75
0.2,0.1,40,copas,moderate,continuous,trim_and_fill,40,1.0,-0.0734,0.0868,0.15,0.0583,0.31,0.95
0.2,0.1,40,copas,moderate,continuous,ubcma,40,1.0,0.0121,0.0463,0.875,0.1759,0.148,0.85
0.2,0.1,40,copas,moderate,continuous,vevea_hedges,40,1.0,0.0823,0.097,0.45,0.1601,0.3137,1.0
0.2,0.1,40,step,moderate,continuous,adaptshrink_auto,40,1.0,0.0446,0.0625,1.0,0.4968,0.1751,0.75
0.2,0.1,40,step,moderate,continuous,adaptshrink_ens,40,1.0,0.0389,0.0628,1.0,0.381,0.1751,0.75
0.2,0.1,40,step,moderate,continuous,adaptshrink_ens_calib,40,1.0,0.0389,0.0628,1.0,0.5193,0.1751,0.75
0.2,0.1,40,step,moderate,continuous,adaptshrink_fast,40,1.0,0.0807,0.0917,0.75,0.2749,0.3155,1.0
0.2,0.1,40,step,moderate,continuous,adaptshrink_petgate,40,1.0,0.0917,0.1004,0.55,0.2027,0.2672,0.75
0.2,0.1,40,step,moderate,continuous,adaptshrink_solo,40,1.0,0.0806,0.106,0.6,0.2961,0.2911,0.75
0.2,0.1,40,step,moderate,continuous,copas,40,1.0,0.1132,0.1168,0.075,0.1167,0.2912,0.75
0.2,0.1,40,step,moderate,continuous,dl_hksj,40,1.0,0.1137,0.1173,0.125,0.1294,0.2911,0.75
0.2,0.1,40,step,moderate,continuous,henmi_copas,40,1.0,0.1068,0.1119,0.15,0.143,0.3122,0.95
0.2,0.1,40,step,moderate,continuous,p_curve,40,1.0,0.115,0.1224,0.225,0.1578,0.3322,0.9
0.2,0.1,40,step,moderate,continuous,p_uniform_star,40,1.0,0.0708,0.0857,0.625,0.2113,0.2791,0.85
0.2,0.1,40,step,moderate,continuous,pet_peese,40,1.0,0.0895,0.11,0.225,0.1105,0.3474,0.95
0.2,0.1,40,step,moderate,continuous,reml_hksj,40,1.0,0.1137,0.1173,0.075,0.1282,0.2906,0.75
0.2,0.1,40,step,moderate,continuous,trim_and_fill,40,1.0,-0.028,0.063,0.475,0.0612,0.2268,0.95
0.2,0.1,40,step,moderate,continuous,ubcma,39,0.975,0.042,0.0682,0.846,0.1856,0.1655,0.65
0.2,0.1,40,step,moderate,continuous,vevea_hedges,40,1.0,0.0735,0.0874,0.575,0.1927,0.2892,0.9
0.2,0.3,5,copas,moderate,continuous,adaptshrink_auto,40,1.0,0.0542,0.2007,0.975,1.0174,0.5376,0.8
0.2,0.3,5,copas,moderate,continuous,adaptshrink_ens,40,1.0,-0.0146,0.2693,0.675,0.7203,0.6774,0.75
0.2,0.3,5,copas,moderate,continuous,adaptshrink_ens_calib,40,1.0,-0.0146,0.2693,0.825,0.966,0.6774,0.75
0.2,0.3,5,copas,moderate,continuous,adaptshrink_fast,40,1.0,0.0626,0.2881,0.95,2.566,0.7495,0.75
0.2,0.3,5,copas,moderate,continuous,adaptshrink_petgate,40,1.0,0.0713,0.1987,0.975,0.9225,0.6193,0.9
0.2,0.3,5,copas,moderate,continuous,adaptshrink_solo,40,1.0,0.0838,0.4438,0.975,3.6666,1.4998,0.8
0.2,0.3,5,copas,moderate,continuous,copas,40,1.0,0.0872,0.1848,0.775,0.5271,0.5395,0.85
0.2,0.3,5,copas,moderate,continuous,dl_hksj,40,1.0,0.0933,0.186,0.95,0.9511,0.566,0.85
0.2,0.3,5,copas,moderate,continuous,henmi_copas,40,1.0,0.0804,0.2203,0.925,1.0797,0.701,0.8
0.2,0.3,5,copas,moderate,continuous,p_curve,27,0.675,0.293,0.3277,0.63,0.7058,1.1445,1.0
0.2,0.3,5,copas,moderate,continuous,p_uniform_star,37,0.925,-0.1096,0.8315,0.919,10.4932,0.7649,0.722
0.2,0.3,5,copas,moderate,continuous,pet_peese,40,1.0,0.0182,0.4294,0.325,0.5833,1.313,0.85
0.2,0.3,5,copas,moderate,continuous,reml_hksj,40,1.0,0.0953,0.1868,0.95,0.9229,0.5645,0.85
0.2,0.3,5,copas,moderate,continuous,trim_and_fill,40,1.0,-0.079,0.2915,0.175,0.1731,0.9018,0.8
0.2,0.3,5,copas,moderate,continuous,ubcma,38,0.95,0.082,0.1998,0.763,0.8063,0.4925,0.7
0.2,0.3,5,copas,moderate,continuous,vevea_hedges,37,0.925,-0.1019,0.8271,0.865,2.5713,0.7971,0.789
0.2,0.3,5,step,moderate,continuous,adaptshrink_auto,40,1.0,0.1124,0.1993,0.925,0.9401,0.685,0.95
0.2,0.3,5,step,moderate,continuous,adaptshrink_ens,40,1.0,0.0682,0.2112,0.825,0.7065,0.702,0.85
0.2,0.3,5,step,moderate,continuous,adaptshrink_ens_calib,40,1.0,0.0682,0.2112,0.875,0.9315,0.702,0.85
0.2,0.3,5,step,moderate,continuous,adaptshrink_fast,40,1.0,-0.0843,0.9098,0.9,3.5096,0.7251,0.75
0.2,0.3,5,step,moderate,continuous,adaptshrink_petgate,40,1.0,0.1366,0.2054,0.875,0.8372,0.718,0.9
0.2,0.3,5,step,moderate,continuous,adaptshrink_solo,40,1.0,0.0972,0.3583,0.95,3.995,0.9735,0.8
0.2,0.3,5,step,moderate,continuous,copas,40,1.0,0.1513,0.2206,0.55,0.4258,0.7195,0.9
0.2,0.3,5,step,moderate,continuous,dl_hksj,40,1.0,0.1601,0.2253,0.75,0.7922,0.7258,0.9
0.2,0.3,5,step,moderate,continuous,henmi_copas,40,1.0,0.1512,0.2137,0.8,0.7891,0.7156,0.95
0.2,0.3,5,step,moderate,continuous,p_curve,34,0.85,0.2274,0.262,0.588,0.6977,0.8552,1.0
0.2,0.3,5,step,moderate,continuous,p_uniform_star,34,0.85,-0.3603,2.2478,0.735,29.9981,1.2068,0.889
0.2,0.3,5,step,moderate,continuous,pet_peese,40,1.0,0.0145,0.4172,0.475,0.7803,1.9181,1.0
0.2,0.3,5,step,moderate,continuous,reml_hksj,40,1.0,0.161,0.2263,0.75,0.7816,0.7189,0.9
0.2,0.3,5,step,moderate,continuous,trim_and_fill,40,1.0,0.0273,0.1987,0.225,0.1809,0.6608,0.85
0.2,0.3,5,step,moderate,continuous,ubcma,39,0.975,0.1213,0.2331,0.718,0.7578,0.7648,0.95
0.2,0.3,5,step,moderate,continuous,vevea_hedges,35,0.875,-0.2595,1.9995,0.686,2.0814,0.7785,0.833
0.2,0.3,40,copas,moderate,continuous,adaptshrink_auto,40,1.0,0.0627,0.1102,0.8,0.4964,0.3513,0.9
0.2,0.3,40,copas,moderate,continuous,adaptshrink_ens,40,1.0,-0.0557,0.1448,0.85,1.4278,0.4355,0.8
0.2,0.3,40,copas,moderate,continuous,adaptshrink_ens_calib,40,1.0,-0.0557,0.1448,0.925,1.744,0.4355,0.8
0.2,0.3,40,copas,moderate,continuous,adaptshrink_fast,40,1.0,0.1013,0.1372,0.875,0.518,0.474,0.9
0.2,0.3,40,copas,moderate,continuous,adaptshrink_petgate,40,1.0,0.0627,0.1102,0.8,0.4964,0.3513,0.9
0.2,0.3,40,copas,moderate,continuous,adaptshrink_solo,40,1.0,0.0458,0.1413,0.8,0.6648,0.3814,0.65
0.2,0.3,40,copas,moderate,continuous,copas,40,1.0,0.1154,0.1298,0.425,0.2337,0.3845,0.9
0.2,0.3,40,copas,moderate,continuous,dl_hksj,40,1.0,0.1173,0.1315,0.475,0.2549,0.3842,0.9
0.2,0.3,40,copas,moderate,continuous,henmi_copas,40,1.0,0.0863,0.1187,0.775,0.3228,0.4163,0.85
0.2,0.3,40,copas,moderate,continuous,p_curve,40,1.0,0.284,0.2931,0.0,0.2154,0.8247,0.95
0.2,0.3,40,copas,moderate,continuous,p_uniform_star,40,1.0,0.1154,0.1441,0.75,0.377,0.4824,0.9
0.2,0.3,40,copas,moderate,continuous,pet_peese,40,1.0,0.0223,0.1625,0.175,0.1289,0.4682,0.75
0.2,0.3,40,copas,moderate,continuous,reml_hksj,40,1.0,0.1174,0.1316,0.475,0.2479,0.3845,0.9
0.2,0.3,40,copas,moderate,continuous,trim_and_fill,40,1.0,-0.2445,0.2653,0.0,0.0592,0.6778,0.75
0.2,0.3,40,copas,moderate,continuous,ubcma,30,0.75,0.0294,0.1471,0.8,0.452,0.4501,0.875
0.2,0.3,40,copas,moderate,continuous,vevea_hedges,40,1.0,0.1096,0.1385,0.75,0.377,0.4731,0.9
0.2,0.3,40,step,moderate,continuous,adaptshrink_auto,40,1.0,0.1587,0.1744,0.575,0.4755,0.5353,1.0
0.2,0.3,40,step,moderate,continuous,adaptshrink_ens,40,1.0,0.0585,0.1236,0.925,1.3223,0.4366,0.95
0.2,0.3,40,step,moderate,continuous,adaptshrink_ens_calib,40,1.0,0.0585,0.1236,0.95,1.6432,0.4366,0.95
0.2,0.3,40,step,moderate,continuous,adaptshrink_fast,40,1.0,0.0926,0.1525,0.775,0.6735,0.4476,0.85
0.2,0.3,40,step,moderate,continuous,adaptshrink_petgate,40,1.0,0.1645,0.1789,0.5,0.4413,0.5353,1.0
0.2,0.3,40,step,moderate,continuous,adaptshrink_solo,40,1.0,0.1744,0.2116,0.6,0.5348,0.5499,0.85
0.2,0.3,40,step,moderate,continuous,copas,40,1.0,0.1924,0.1994,0.1,0.2332,0.551,0.9
0.2,0.3,40,step,moderate,continuous,dl_hksj,40,1.0,0.1938,0.2008,0.1,0.2564,0.5511,0.9
0.2,0.3,40,step,moderate,continuous,henmi_copas,40,1.0,0.1822,0.1945,0.375,0.3078,0.5665,0.9
0.2,0.3,40,step,moderate,continuous,p_curve,40,1.0,0.2844,0.2925,0.0,0.2108,0.7757,0.9
0.2,0.3,40,step,moderate,continuous,p_uniform_star,40,1.0,0.0789,0.1539,0.8,0.4534,0.4923,0.85
0.2,0.3,40,step,moderate,continuous,pet_peese,40,1.0,0.1613,0.2111,0.125,0.1217,0.6096,0.9
0.2,0.3,40,step,moderate,continuous,reml_hksj,40,1.0,0.194,0.2008,0.1,0.252,0.5514,0.9
0.2,0.3,40,step,moderate,continuous,trim_and_fill,40,1.0,-0.1039,0.1561,0.15,0.0636,0.5081,0.8
0.2,0.3,40,step,moderate,continuous,ubcma,31,0.775,0.0967,0.1346,0.806,0.3984,0.3998,0.867
0.2,0.3,40,step,moderate,continuous,vevea_hedges,40,1.0,0.0815,0.1528,0.825,0.4455,0.4551,0.85
0.2,0.5,5,copas,moderate,continuous,adaptshrink_auto,40,1.0,0.0367,0.2907,0.9,1.2271,1.2592,1.0
0.2,0.5,5,copas,moderate,continuous,adaptshrink_ens,40,1.0,-0.1099,0.3389,0.75,1.155,1.7066,1.0
0.2,0.5,5,copas,moderate,continuous,adaptshrink_ens_calib,40,1.0,-0.1099,0.3389,0.8,1.4747,1.7066,1.0
0.2,0.5,5,copas,moderate,continuous,adaptshrink_fast,40,1.0,-0.0586,0.6437,0.95,3.0976,1.2963,0.9
0.2,0.5,5,copas,moderate,continuous,adaptshrink_petgate,40,1.0,0.0432,0.2901,0.925,1.2319,1.2592,1.0
0.2,0.5,5,copas,moderate,continuous,adaptshrink_solo,40,1.0,-0.0171,0.4171,0.925,4.7065,1.9404,1.0
0.2,0.5,5,copas,moderate,continuous,copas,40,1.0,0.0808,0.2728,0.775,0.759,1.0626,0.95
0.2,0.5,5,copas,moderate,continuous,dl_hksj,40,1.0,0.0947,0.2746,0.95,1.4194,1.0616,0.95
0.2,0.5,5,copas,moderate,continuous,henmi_copas,40,1.0,0.0444,0.2969,0.975,1.7457,1.326,0.95
0.2,0.5,5,copas,moderate,continuous,p_curve,30,0.75,0.4376,0.5078,0.333,0.7848,1.3413,0.625
0.2,0.5,5,copas,moderate,continuous,p_uniform_star,37,0.925,-0.1269,1.3643,0.838,15.0915,1.1988,0.789
0.2,0.5,5,copas,moderate,continuous,pet_peese,40,1.0,-0.0816,0.4232,0.4,0.5017,1.7981,1.0
0.2,0.5,5,copas,moderate,continuous,reml_hksj,40,1.0,0.0993,0.2751,0.975,1.3368,1.065,0.95
0.2,0.5,5,copas,moderate,continuous,trim_and_fill,40,1.0,-0.2262,0.3585,0.125,0.146,1.4723,0.95
0.2,0.5,5,copas,moderate,continuous,ubcma,37,0.925,0.134,0.4666,0.486,0.7544,1.7993,0.944
0.2,0.5,5,copas,moderate,continuous,vevea_hedges,37,0.925,-0.1604,1.3379,0.784,2.1369,1.2468,0.895
0.2,0.5,5,step,moderate,continuous,adaptshrink_auto,40,1.0,0.1401,0.2906,1.0,1.3606,0.9215,0.85
0.2,0.5,5,step,moderate,continuous,adaptshrink_ens,40,1.0,0.0266,0.3817,0.575,0.6841,1.2127,0.8
0.2,0.5,5,step,moderate,continuous,adaptshrink_ens_calib,40,1.0,0.0266,0.3817,0.75,0.9289,1.2127,0.8
0.2,0.5,5,step,moderate,continuous,adaptshrink_fast,40,1.0,0.1073,0.45,0.875,2.5015,1.2456,0.8
0.2,0.5,5,step,moderate,continuous,adaptshrink_petgate,40,1.0,0.147,0.2953,0.95,1.3499,0.9215,0.85
0.2,0.5,5,step,moderate,continuous,adaptshrink_solo,40,1.0,0.1076,0.533,0.9,7.0681,2.0826,0.9
0.2,0.5,5,step,moderate,continuous,copas,40,1.0,0.174,0.3189,0.675,0.8359,0.8356,0.75
0.2,0.5,5,step,moderate,continuous,dl_hksj,40,1.0,0.189,0.3267,0.925,1.6283,0.8353,0.7
0.2,0.5,5,step,moderate,continuous,henmi_copas,40,1.0,0.1588,0.3305,0.9,1.9576,1.046,0.95
0.2,0.5,5,step,moderate,continuous,p_curve,34,0.85,0.484,0.5374,0.294,0.7603,1.7792,1.0
0.2,0.5,5,step,moderate,continuous,p_uniform_star,38,0.95,0.1176,0.4621,0.789,2.1459,1.4968,0.95
0.2,0.5,5,step,moderate,continuous,pet_peese,40,1.0,0.0319,0.5446,0.15,0.5362,1.9537,1.0
0.2,0.5,5,step,moderate,continuous,reml_hksj,40,1.0,0.188,0.3269,0.925,1.5267,0.8294,0.7
0.2,0.5,5,step,moderate,continuous,trim_and_fill,40,1.0,-0.0318,0.3638,0.2,0.1703,1.3617,0.95
0.2,0.5,5,step,moderate,continuous,ubcma,40,1.0,0.0948,0.6388,0.55,0.8067,1.2486,0.7
0.2,0.5,5,step,moderate,continuous,vevea_hedges,35,0.875,0.134,0.4401,0.743,1.3374,1.2742,0.824
0.2,0.5,40,copas,moderate,continuous,adaptshrink_auto,40,1.0,0.0661,0.1223,0.875,0.8119,0.535,1.0
0.2,0.5,40,copas,moderate,continuous,adaptshrink_ens,40,1.0,-0.0988,0.2136,0.825,1.9742,0.8257,0.95
0.2,0.5,40,copas,moderate,continuous,adaptshrink_ens_calib,40,1.0,-0.0988,0.2136,0.95,2.4206,0.8257,0.95
0.2,0.5,40,copas,moderate,continuous,adaptshrink_fast,40,1.0,0.0999,0.1823,0.9,0.8335,0.5633,0.9
0.2,0.5,40,copas,moderate,continuous,adaptshrink_petgate,40,1.0,0.0661,0.1223,0.875,0.8119,0.535,1.0
0.2,0.5,40,copas,moderate,continuous,adaptshrink_solo,40,1.0,0.0758,0.2106,0.925,1.12,0.9293,1.0
0.2,0.5,40,copas,moderate,continuous,copas,40,1.0,0.1217,0.157,0.7,0.3525,0.5278,0.95
0.2,0.5,40,copas,moderate,continuous,dl_hksj,40,1.0,0.1249,0.1594,0.75,0.3951,0.5446,0.95
0.2,0.5,40,copas,moderate,continuous,henmi_copas,40,1.0,0.0941,0.1389,0.925,0.5201,0.6231,1.0
0.2,0.5,40,copas,moderate,continuous,p_curve,40,1.0,0.4552,0.4635,0.0,0.2575,1.2092,0.95
0.2,0.5,40,copas,moderate,continuous,p_uniform_star,40,1.0,0.1111,0.1975,0.825,0.5751,0.5709,0.85
0.2,0.5,40,copas,moderate,continuous,pet_peese,40,1.0,0.0377,0.1933,0.2,0.1171,0.7091,0.95
0.2,0.5,40,copas,moderate,continuous,reml_hksj,40,1.0,0.1244,0.1591,0.7,0.3727,0.5411,0.95
0.2,0.5,40,copas,moderate,continuous,trim_and_fill,40,1.0,-0.4637,0.4935,0.0,0.0577,1.3863,0.95
0.2,0.5,40,copas,moderate,continuous,ubcma,32,0.8,0.0992,0.2536,0.688,0.7237,1.0015,0.944
0.2,0.5,40,copas,moderate,continuous,vevea_hedges,40,1.0,0.108,0.1932,0.85,0.5748,0.5658,0.85
0.2,0.5,40,step,moderate,continuous,adaptshrink_auto,40,1.0,0.2263,0.2482,0.55,0.5048,0.7695,1.0
0.2,0.5,40,step,moderate,continuous,adaptshrink_ens,40,1.0,0.1421,0.238,0.75,1.0904,0.8869,0.95
0.2,0.5,40,step,moderate,continuous,adaptshrink_ens_calib,40,1.0,0.1421,0.238,0.8,1.4215,0.8869,0.95
0.2,0.5,40,step,moderate,continuous,adaptshrink_fast,40,1.0,0.1346,0.2074,0.775,0.8828,0.7115,0.9
0.2,0.5,40,step,moderate,continuous,adaptshrink_petgate,40,1.0,0.2263,0.2482,0.55,0.5048,0.7695,1.0
0.2,0.5,40,step,moderate,continuous,adaptshrink_solo,40,1.0,0.2525,0.2949,0.625,0.905,0.7731,0.85
0.2,0.5,40,step,moderate,continuous,copas,40,1.0,0.2474,0.2618,0.25,0.3579,0.7736,1.0
0.2,0.5,40,step,moderate,continuous,dl_hksj,40,1.0,0.2501,0.2645,0.3,0.3976,0.7731,1.0
0.2,0.5,40,step,moderate,continuous,henmi_copas,40,1.0,0.2547,0.2811,0.425,0.5079,0.7444,0.8
0.2,0.5,40,step,moderate,continuous,p_curve,40,1.0,0.4466,0.4547,0.0,0.2592,1.096,0.8
0.2,0.5,40,step,moderate,continuous,p_uniform_star,40,1.0,0.1055,0.1896,0.9,0.6569,0.6178,0.95
0.2,0.5,40,step,moderate,continuous,pet_peese,40,1.0,0.2504,0.3218,0.1,0.1243,0.893,0.8
0.2,0.5,40,step,moderate,continuous,reml_hksj,40,1.0,0.2501,0.2646,0.275,0.3826,0.7736,1.0
0.2,0.5,40,step,moderate,continuous,trim_and_fill,40,1.0,-0.2553,0.3184,0.05,0.0635,1.2257,1.0
0.2,0.5,40,step,moderate,continuous,ubcma,38,0.95,0.2301,0.3145,0.711,0.555,0.9772,0.842
0.2,0.5,40,step,moderate,continuous,vevea_hedges,40,1.0,0.105,0.1896,0.875,0.6546,0.6584,0.9
0.5,0.1,5,copas,moderate,continuous,adaptshrink_auto,40,1.0,0.0232,0.1381,0.975,0.6687,0.478,0.8
0.5,0.1,5,copas,moderate,continuous,adaptshrink_ens,40,1.0,0.0141,0.1355,0.925,0.4983,0.3679,0.7
0.5,0.1,5,copas,moderate,continuous,adaptshrink_ens_calib,40,1.0,0.0141,0.1355,0.975,0.6553,0.3679,0.7
0.5,0.1,5,copas,moderate,continuous,adaptshrink_fast,40,1.0,0.0625,0.1535,0.925,1.3251,0.4167,0.75
0.5,0.1,5,copas,moderate,continuous,adaptshrink_petgate,40,1.0,0.0613,0.1381,0.975,0.5497,0.5345,0.9
0.5,0.1,5,copas,moderate,continuous,adaptshrink_solo,40,1.0,-0.0536,0.352,0.925,1.832,1.7519,1.0
0.5,0.1,5,copas,moderate,continuous,copas,40,1.0,0.0828,0.1355,0.725,0.2904,0.5273,0.95
0.5,0.1,5,copas,moderate,continuous,dl_hksj,40,1.0,0.0914,0.1392,0.95,0.5108,0.549,0.9
0.5,0.1,5,copas,moderate,continuous,henmi_copas,40,1.0,0.0828,0.1368,0.8,0.4312,0.5169,0.9
0.5,0.1,5,copas,moderate,continuous,p_curve,40,1.0,0.0983,0.145,0.725,0.3897,0.4971,0.95
0.5,0.1,5,copas,moderate,continuous,p_uniform_star,37,0.925,0.0958,0.1396,0.73,0.4507,0.5019,0.889
0.5,0.1,5,copas,moderate,continuous,pet_peese,40,1.0,-0.1134,0.4097,0.675,0.6722,1.7609,1.0
0.5,0.1,5,copas,moderate,continuous,reml_hksj,40,1.0,0.0918,0.1406,0.95,0.5146,0.5499,0.9
0.5,0.1,5,copas,moderate,continuous,trim_and_fill,40,1.0,-0.003,0.1255,0.6,0.17,0.3756,0.7
0.5,0.1,5,copas,moderate,continuous,ubcma,40,1.0,0.0109,0.1516,0.875,0.6518,0.5236,0.85
0.5,0.1,5,copas,moderate,continuous,vevea_hedges,36,0.9,0.0741,0.1367,0.806,0.6956,0.3911,0.842
0.5,0.1,5,step,moderate,continuous,adaptshrink_auto,40,1.0,0.0193,0.0957,0.975,0.6563,0.3131,0.9
0.5,0.1,5,step,moderate,continuous,adaptshrink_ens,40,1.0,0.0036,0.0948,0.95,0.4972,0.3407,0.9
0.5,0.1,5,step,moderate,continuous,adaptshrink_ens_calib,40,1.0,0.0036,0.0948,0.975,0.6411,0.3407,0.9
0.5,0.1,5,step,moderate,continuous,adaptshrink_fast,40,1.0,-0.0472,0.4275,0.925,2.2243,0.6879,0.95
0.5,0.1,5,step,moderate,continuous,adaptshrink_petgate,40,1.0,0.0627,0.0946,0.95,0.4965,0.2907,0.8
0.5,0.1,5,step,moderate,continuous,adaptshrink_solo,40,1.0,0.0383,0.1165,0.925,1.5532,0.3208,0.8
0.5,0.1,5,step,moderate,continuous,copas,40,1.0,0.0687,0.0978,0.825,0.2857,0.3076,0.85
0.5,0.1,5,step,moderate,continuous,dl_hksj,40,1.0,0.0751,0.103,0.925,0.4796,0.312,0.85
0.5,0.1,5,step,moderate,continuous,henmi_copas,40,1.0,0.0679,0.098,0.9,0.4081,0.3086,0.8
0.5,0.1,5,step,moderate,continuous,p_curve,40,1.0,0.0631,0.1106,0.875,0.3821,0.317,0.85
0.5,0.1,5,step,moderate,continuous,p_uniform_star,36,0.9,-0.1298,1.1051,0.833,18.5848,0.3094,0.842
0.5,0.1,5,step,moderate,continuous,pet_peese,40,1.0,-0.0418,0.2018,0.8,0.6416,0.7825,1.0
0.5,0.1,5,step,moderate,continuous,reml_hksj,40,1.0,0.076,0.1044,0.925,0.481,0.313,0.85
0.5,0.1,5,step,moderate,continuous,trim_and_fill,40,1.0,-0.0244,0.1009,0.6,0.1625,0.401,0.95
0.5,0.1,5,step,moderate,continuous,ubcma,39,0.975,0.0444,0.1251,0.897,0.5674,0.4132,0.85
0.5,0.1,5,step,moderate,continuous,vevea_hedges,30,0.75,-0.1079,0.914,0.833,0.9639,0.2846,0.714
0.5,0.1,40,copas,moderate,continuous,adaptshrink_auto,40,1.0,-0.0081,0.0448,1.0,0.5214,0.171,1.0
0.5,0.1,40,copas,moderate,continuous,adaptshrink_ens,40,1.0,-0.0081,0.0448,1.0,0.3751,0.171,1.0
0.5,0.1,40,copas,moderate,continuous,adaptshrink_ens_calib,40,1.0,-0.0081,0.0448,1.0,0.5214,0.171,1.0
0.5,0.1,40,copas,moderate,continuous,adaptshrink_fast,40,1.0,0.0742,0.0838,0.65,0.1916,0.2468,0.9
0.5,0.1,40,copas,moderate,continuous,adaptshrink_petgate,40,1.0,0.0637,0.0737,0.725,0.1915,0.2138,0.85
0.5,0.1,40,copas,moderate,continuous,adaptshrink_solo,40,1.0,0.0539,0.0825,0.675,0.2601,0.2662,0.95
0.5,0.1,40,copas,moderate,continuous,copas,40,1.0,0.0809,0.0876,0.225,0.1182,0.2244,0.75
0.5,0.1,40,copas,moderate,continuous,dl_hksj,40,1.0,0.0818,0.0883,0.25,0.1278,0.2245,0.8
0.5,0.1,40,copas,moderate,continuous,henmi_copas,40,1.0,0.0753,0.0833,0.425,0.1426,0.2506,0.9
0.5,0.1,40,copas,moderate,continuous,p_curve,40,1.0,0.0864,0.0941,0.25,0.119,0.2632,0.8
0.5,0.1,40,copas,moderate,continuous,p_uniform_star,40,1.0,0.0758,0.0844,0.35,0.1368,0.2406,0.85
0.5,0.1,40,copas,moderate,continuous,pet_peese,40,1.0,0.0595,0.0786,0.45,0.1052,0.2709,0.95
0.5,0.1,40,copas,moderate,continuous,reml_hksj,40,1.0,0.0819,0.0885,0.25,0.1273,0.2248,0.75
0.5,0.1,40,copas,moderate,continuous,trim_and_fill,40,1.0,-0.0846,0.0993,0.15,0.0574,0.2765,0.7
0.5,0.1,40,copas,moderate,continuous,ubcma,40,1.0,-0.0022,0.045,0.925,0.1583,0.1653,0.95
0.5,0.1,40,copas,moderate,continuous,vevea_hedges,40,1.0,0.0765,0.0852,0.4,0.136,0.2424,0.9
0.5,0.1,40,step,moderate,continuous,adaptshrink_auto,40,1.0,0.0099,0.0413,1.0,0.4751,0.1442,0.95
0.5,0.1,40,step,moderate,continuous,adaptshrink_ens,40,1.0,0.0099,0.0413,1.0,0.3444,0.1442,0.95
0.5,0.1,40,step,moderate,continuous,adaptshrink_ens_calib,40,1.0,0.0099,0.0413,1.0,0.4751,0.1442,0.95
0.5,0.1,40,step,moderate,continuous,adaptshrink_fast,40,1.0,0.0706,0.0772,0.75,0.1924,0.2352,0.95
0.5,0.1,40,step,moderate,continuous,adaptshrink_petgate,40,1.0,0.0646,0.0742,0.65,0.1961,0.2175,0.85
0.5,0.1,40,step,moderate,continuous,adaptshrink_solo,40,1.0,0.0589,0.0895,0.625,0.2668,0.2816,0.9
0.5,0.1,40,step,moderate,continuous,copas,40,1.0,0.0837,0.0891,0.125,0.1072,0.2614,0.9
0.5,0.1,40,step,moderate,continuous,dl_hksj,40,1.0,0.0849,0.0902,0.15,0.1137,0.2657,0.9
0.5,0.1,40,step,moderate,continuous,henmi_copas,40,1.0,0.0787,0.0854,0.275,0.126,0.2432,0.95
0.5,0.1,40,step,moderate,continuous,p_curve,40,1.0,0.0803,0.0863,0.25,0.1163,0.2625,0.95
0.5,0.1,40,step,moderate,continuous,p_uniform_star,40,1.0,0.0725,0.0788,0.375,0.1243,0.2432,0.95
0.5,0.1,40,step,moderate,continuous,pet_peese,40,1.0,0.0609,0.0794,0.4,0.105,0.2968,0.9
0.5,0.1,40,step,moderate,continuous,reml_hksj,40,1.0,0.0849,0.0902,0.15,0.1142,0.2631,0.9
0.5,0.1,40,step,moderate,continuous,trim_and_fill,40,1.0,-0.074,0.0817,0.075,0.0566,0.235,0.85
0.5,0.1,40,step,moderate,continuous,ubcma,40,1.0,0.0129,0.0426,0.925,0.1464,0.1747,1.0
0.5,0.1,40,step,moderate,continuous,vevea_hedges,40,1.0,0.0722,0.0784,0.375,0.1255,0.2429,0.95
0.5,0.3,5,copas,moderate,continuous,adaptshrink_auto,40,1.0,0.057,0.1761,0.975,0.8914,0.4925,0.75
0.5,0.3,5,copas,moderate,continuous,adaptshrink_ens,40,1.0,-0.0417,0.2177,0.775,0.5873,0.8395,1.0
0.5,0.3,5,copas,moderate,continuous,adaptshrink_ens_calib,40,1.0,-0.0417,0.2177,0.925,0.7884,0.8395,1.0
0.5,0.3,5,copas,moderate,continuous,adaptshrink_fast,40,1.0,-0.0752,0.8458,0.9,3.0046,1.5117,1.0
0.5,0.3,5,copas,moderate,continuous,adaptshrink_petgate,40,1.0,0.0783,0.1827,0.95,0.861,0.4925,0.75
0.5,0.3,5,copas,moderate,continuous,adaptshrink_solo,40,1.0,0.0794,0.3535,0.925,2.9164,1.7668,1.0
0.5,0.3,5,copas,moderate,continuous,copas,40,1.0,0.0934,0.1783,0.825,0.4829,0.5256,0.8
0.5,0.3,5,copas,moderate,continuous,dl_hksj,40,1.0,0.1018,0.1807,0.925,0.922,0.4906,0.8
0.5,0.3,5,copas,moderate,continuous,henmi_copas,40,1.0,0.0791,0.1921,0.9,1.0048,0.5685,0.8
0.5,0.3,5,copas,moderate,continuous,p_curve,39,0.975,0.1393,0.2271,0.718,0.5823,0.9074,0.95
0.5,0.3,5,copas,moderate,continuous,p_uniform_star,38,0.95,-6.5282,40.167,0.684,3.1704,76.5747,1.0
0.5,0.3,5,copas,moderate,continuous,pet_peese,40,1.0,-0.0113,0.4263,0.425,0.7534,1.7034,1.0
0.5,0.3,5,copas,moderate,continuous,reml_hksj,40,1.0,0.1031,0.1807,0.925,0.8766,0.4937,0.8
0.5,0.3,5,copas,moderate,continuous,trim_and_fill,40,1.0,-0.0733,0.2171,0.15,0.1695,0.8412,1.0
0.5,0.3,5,copas,moderate,continuous,ubcma,40,1.0,-0.0331,0.269,0.7,0.6568,1.3217,1.0
0.5,0.3,5,copas,moderate,continuous,vevea_hedges,29,0.725,-0.1307,1.3544,0.724,1.2763,5.0004,1.0
0.5,0.3,5,step,moderate,continuous,adaptshrink_auto,40,1.0,0.0865,0.188,0.975,0.9336,0.6357,1.0
0.5,0.3,5,step,moderate,continuous,adaptshrink_ens,40,1.0,0.0303,0.2076,0.8,0.6762,0.848,1.0
0.5,0.3,5,step,moderate,continuous,adaptshrink_ens_calib,40,1.0,0.0303,0.2076,0.975,0.901,0.848,1.0
0.5,0.3,5,step,moderate,continuous,adaptshrink_fast,40,1.0,-0.1091,1.3127,0.9,5.1904,2.0711,1.0
0.5,0.3,5,step,moderate,continuous,adaptshrink_petgate,40,1.0,0.1028,0.1832,0.95,0.7933,0.6371,0.95
0.5,0.3,5,step,moderate,continuous,adaptshrink_solo,40,1.0,0.0843,0.3276,0.925,2.8528,1.1362,0.9
0.5,0.3,5,step,moderate,continuous,copas,40,1.0,0.1238,0.1886,0.725,0.4346,0.6762,1.0
0.5,0.3,5,step,moderate,continuous,dl_hksj,40,1.0,0.1303,0.1926,0.95,0.7734,0.6664,1.0
0.5,0.3,5,step,moderate,continuous,henmi_copas,40,1.0,0.1222,0.1936,0.85,0.7967,0.8571,1.0
0.5,0.3,5,step,moderate,continuous,p_curve,39,0.975,0.1606,0.2233,0.692,0.5532,0.8753,1.0
0.5,0.3,5,step,moderate,continuous,p_uniform_star,37,0.925,-14.7045,90.2029,0.676,0.7776,220.5595,1.0
0.5,0.3,5,step,moderate,continuous,pet_peese,40,1.0,0.0709,0.4535,0.5,0.623,1.3028,0.8
0.5,0.3,5,step,moderate,continuous,reml_hksj,40,1.0,0.1299,0.1923,0.95,0.7611,0.6702,1.0
0.5,0.3,5,step,moderate,continuous,trim_and_fill,40,1.0,-0.0252,0.1695,0.325,0.1783,0.4653,0.8
0.5,0.3,5,step,moderate,continuous,ubcma,39,0.975,0.0826,0.2795,0.846,0.8369,1.0439,0.947
0.5,0.3,5,step,moderate,continuous,vevea_hedges,29,0.725,-0.3716,2.7217,0.724,2.484,9.7356,1.0
0.5,0.3,40,copas,moderate,continuous,adaptshrink_auto,40,1.0,0.0902,0.1106,0.825,0.373,0.332,0.9
0.5,0.3,40,copas,moderate,continuous,adaptshrink_ens,40,1.0,0.031,0.1135,0.9,0.8039,0.3685,0.85
0.5,0.3,40,copas,moderate,continuous,adaptshrink_ens_calib,40,1.0,0.031,0.1135,0.975,1.0526,0.3685,0.85
0.5,0.3,40,copas,moderate,continuous,adaptshrink_fast,40,1.0,0.0834,0.1208,0.675,0.409,0.417,1.0
0.5,0.3,40,copas,moderate,continuous,adaptshrink_petgate,40,1.0,0.0902,0.1106,0.825,0.373,0.332,0.9
0.5,0.3,40,copas,moderate,continuous,adaptshrink_solo,40,1.0,0.0836,0.1471,0.775,0.6095,0.5062,0.95
0.5,0.3,40,copas,moderate,continuous,copas,40,1.0,0.1133,0.1207,0.475,0.2206,0.3248,0.85
0.5,0.3,40,copas,moderate,continuous,dl_hksj,40,1.0,0.1153,0.1227,0.575,0.2399,0.3325,0.85
0.5,0.3,40,copas,moderate,continuous,henmi_copas,40,1.0,0.1048,0.1282,0.7,0.304,0.3882,0.85
0.5,0.3,40,copas,moderate,continuous,p_curve,40,1.0,0.1667,0.1719,0.05,0.1809,0.4369,0.9
0.5,0.3,40,copas,moderate,continuous,p_uniform_star,40,1.0,0.0788,0.1141,0.7,0.3578,0.3681,0.95
0.5,0.3,40,copas,moderate,continuous,pet_peese,40,1.0,0.0939,0.1517,0.225,0.1001,0.5369,0.95
0.5,0.3,40,copas,moderate,continuous,reml_hksj,40,1.0,0.1153,0.1227,0.5,0.2344,0.3339,0.85
0.5,0.3,40,copas,moderate,continuous,trim_and_fill,40,1.0,-0.1994,0.2233,0.025,0.0566,0.7313,0.95
0.5,0.3,40,copas,moderate,continuous,ubcma,37,0.925,0.0614,0.1147,0.892,0.3579,0.3497,0.789
0.5,0.3,40,copas,moderate,continuous,vevea_hedges,40,1.0,0.079,0.1124,0.7,0.3482,0.3955,1.0
0.5,0.3,40,step,moderate,continuous,adaptshrink_auto,40,1.0,0.1124,0.131,0.6,0.3165,0.3588,0.7
0.5,0.3,40,step,moderate,continuous,adaptshrink_ens,40,1.0,0.0486,0.1013,0.925,0.6485,0.364,1.0
0.5,0.3,40,step,moderate,continuous,adaptshrink_ens_calib,40,1.0,0.0486,0.1013,0.975,0.876,0.364,1.0
0.5,0.3,40,step,moderate,continuous,adaptshrink_fast,40,1.0,0.0814,0.1146,0.675,0.3931,0.3736,0.95
0.5,0.3,40,step,moderate,continuous,adaptshrink_petgate,40,1.0,0.1136,0.131,0.6,0.3114,0.3588,0.7
0.5,0.3,40,step,moderate,continuous,adaptshrink_solo,40,1.0,0.1008,0.1556,0.75,0.5735,0.4536,0.95
0.5,0.3,40,step,moderate,continuous,copas,40,1.0,0.1405,0.1493,0.2,0.2041,0.4372,0.9
0.5,0.3,40,step,moderate,continuous,dl_hksj,40,1.0,0.1425,0.1511,0.275,0.223,0.4421,0.9
0.5,0.3,40,step,moderate,continuous,henmi_copas,40,1.0,0.1216,0.1384,0.575,0.2816,0.3831,0.75
0.5,0.3,40,step,moderate,continuous,p_curve,40,1.0,0.162,0.1702,0.1,0.1793,0.4633,0.9
0.5,0.3,40,step,moderate,continuous,p_uniform_star,40,1.0,0.0727,0.1086,0.825,0.3721,0.4091,0.95
0.5,0.3,40,step,moderate,continuous,pet_peese,40,1.0,0.0985,0.1431,0.25,0.099,0.4607,0.85
0.5,0.3,40,step,moderate,continuous,reml_hksj,40,1.0,0.1426,0.1513,0.275,0.2152,0.4419,0.9
0.5,0.3,40,step,moderate,continuous,trim_and_fill,40,1.0,-0.1928,0.2036,0.0,0.0548,0.6124,0.95
0.5,0.3,40,step,moderate,continuous,ubcma,39,0.975,0.0541,0.0963,0.949,0.33,0.373,0.947
0.5,0.3,40,step,moderate,continuous,vevea_hedges,40,1.0,0.0754,0.1122,0.8,0.3599,0.4029,1.0
0.5,0.5,5,copas,moderate,continuous,adaptshrink_auto,40,1.0,0.0933,0.2805,0.85,1.1714,0.8565,0.85
0.5,0.5,5,copas,moderate,continuous,adaptshrink_ens,40,1.0,-0.0374,0.3752,0.525,0.6524,1.212,0.85
0.5,0.5,5,copas,moderate,continuous,adaptshrink_ens_calib,40,1.0,-0.0374,0.3752,0.65,0.8872,1.212,0.85
0.5,0.5,5,copas,moderate,continuous,adaptshrink_fast,40,1.0,0.1056,0.4008,0.85,2.4655,1.321,0.9
0.5,0.5,5,copas,moderate,continuous,adaptshrink_petgate,40,1.0,0.1064,0.2783,0.9,1.1653,0.9012,0.9
0.5,0.5,5,copas,moderate,continuous,adaptshrink_solo,40,1.0,0.0887,0.6252,0.975,7.334,2.5972,0.95
0.5,0.5,5,copas,moderate,continuous,copas,40,1.0,0.1533,0.2721,0.725,0.7408,0.8992,0.9
0.5,0.5,5,copas,moderate,continuous,dl_hksj,40,1.0,0.1708,0.2814,0.925,1.3616,0.9127,0.85
0.5,0.5,5,copas,moderate,continuous,henmi_copas,40,1.0,0.1162,0.291,0.95,1.6486,0.9243,0.9
0.5,0.5,5,copas,moderate,continuous,p_curve,39,0.975,0.3005,0.3734,0.359,0.6758,1.1378,0.85
0.5,0.5,5,copas,moderate,continuous,p_uniform_star,40,1.0,-0.1119,1.3006,0.725,8.8068,3.7812,1.0
0.5,0.5,5,copas,moderate,continuous,pet_peese,40,1.0,0.0064,0.5458,0.2,0.4534,1.4807,0.8
0.5,0.5,5,copas,moderate,continuous,reml_hksj,40,1.0,0.1703,0.2809,0.925,1.3136,0.9155,0.85
0.5,0.5,5,copas,moderate,continuous,trim_and_fill,40,1.0,-0.0891,0.3882,0.175,0.1666,1.1467,0.75
0.5,0.5,5,copas,moderate,continuous,ubcma,40,1.0,0.0591,0.5047,0.425,0.6972,1.7244,0.95
0.5,0.5,5,copas,moderate,continuous,vevea_hedges,29,0.725,0.1504,0.3322,0.759,1.11,1.0383,0.929
0.5,0.5,5,step,moderate,continuous,adaptshrink_auto,40,1.0,0.1831,0.3313,0.9,1.547,1.6852,1.0
0.5,0.5,5,step,moderate,continuous,adaptshrink_ens,40,1.0,0.0214,0.4221,0.65,1.267,1.9769,0.95
0.5,0.5,5,step,moderate,continuous,adaptshrink_ens_calib,40,1.0,0.0214,0.4221,0.8,1.6239,1.9769,0.95
0.5,0.5,5,step,moderate,continuous,adaptshrink_fast,40,1.0,-0.0353,1.3882,0.875,6.4405,2.9221,1.0
0.5,0.5,5,step,moderate,continuous,adaptshrink_petgate,40,1.0,0.1831,0.3309,0.875,1.5427,1.6852,1.0
0.5,0.5,5,step,moderate,continuous,adaptshrink_solo,40,1.0,0.1224,0.6871,0.95,8.7542,4.4446,1.0
0.5,0.5,5,step,moderate,continuous,copas,40,1.0,0.1975,0.3061,0.725,0.808,1.0503,0.95
0.5,0.5,5,step,moderate,continuous,dl_hksj,40,1.0,0.2112,0.3159,0.875,1.4971,1.0686,0.95
0.5,0.5,5,step,moderate,continuous,henmi_copas,40,1.0,0.2096,0.3561,0.9,1.7099,1.3273,1.0
0.5,0.5,5,step,moderate,continuous,p_curve,36,0.9,0.3385,0.4077,0.556,0.8379,1.4663,1.0
0.5,0.5,5,step,moderate,continuous,p_uniform_star,40,1.0,-12.9101,81.4731,0.75,5.7162,60.196,1.0
0.5,0.5,5,step,moderate,continuous,pet_peese,40,1.0,0.0088,0.7529,0.25,0.6912,2.8272,0.9
0.5,0.5,5,step,moderate,continuous,reml_hksj,40,1.0,0.2112,0.3159,0.875,1.4151,1.0681,0.95
0.5,0.5,5,step,moderate,continuous,trim_and_fill,40,1.0,-0.0413,0.3846,0.175,0.184,1.339,0.95
0.5,0.5,5,step,moderate,continuous,ubcma,38,0.95,0.0025,0.3314,0.632,0.7286,0.8252,0.85
0.5,0.5,5,step,moderate,continuous,vevea_hedges,27,0.675,-0.312,2.7911,0.815,3.63,12.6223,1.0
0.5,0.5,40,copas,moderate,continuous,adaptshrink_auto,40,1.0,0.0942,0.1445,0.85,0.5365,0.4794,0.95
0.5,0.5,40,copas,moderate,continuous,adaptshrink_ens,40,1.0,-0.065,0.2299,0.775,1.5149,0.8897,0.9
0.5,0.5,40,copas,moderate,continuous,adaptshrink_ens_calib,40,1.0,-0.065,0.2299,0.875,1.8809,0.8897,0.9
0.5,0.5,40,copas,moderate,continuous,adaptshrink_fast,40,1.0,0.1143,0.1659,0.825,0.683,0.6145,0.9
0.5,0.5,40,copas,moderate,continuous,adaptshrink_petgate,40,1.0,0.0942,0.1445,0.85,0.5365,0.4794,0.95
0.5,0.5,40,copas,moderate,continuous,adaptshrink_solo,40,1.0,0.0738,0.2038,0.875,0.8839,1.0309,1.0
0.5,0.5,40,copas,moderate,continuous,copas,40,1.0,0.134,0.1599,0.7,0.3579,0.5406,0.95
0.5,0.5,40,copas,moderate,continuous,dl_hksj,40,1.0,0.1366,0.1618,0.75,0.3907,0.5387,0.95
0.5,0.5,40,copas,moderate,continuous,henmi_copas,40,1.0,0.1061,0.1529,0.85,0.4969,0.4952,0.95
0.5,0.5,40,copas,moderate,continuous,p_curve,40,1.0,0.3022,0.3164,0.025,0.2539,1.0044,1.0
0.5,0.5,40,copas,moderate,continuous,p_uniform_star,40,1.0,0.1228,0.181,0.8,0.5769,0.6789,0.95
0.5,0.5,40,copas,moderate,continuous,pet_peese,40,1.0,0.0676,0.1923,0.175,0.1074,0.6585,0.85
0.5,0.5,40,copas,moderate,continuous,reml_hksj,40,1.0,0.1366,0.1619,0.75,0.3792,0.5409,0.95
0.5,0.5,40,copas,moderate,continuous,trim_and_fill,40,1.0,-0.4433,0.4731,0.0,0.0572,1.2848,0.9
0.5,0.5,40,copas,moderate,continuous,ubcma,34,0.85,0.0204,0.2327,0.618,0.4447,1.0255,1.0
0.5,0.5,40,copas,moderate,continuous,vevea_hedges,40,1.0,0.1149,0.1727,0.8,0.5795,0.6796,1.0
0.5,0.5,40,step,moderate,continuous,adaptshrink_auto,40,1.0,0.1556,0.1868,0.75,0.4651,0.5749,0.95
0.5,0.5,40,step,moderate,continuous,adaptshrink_ens,40,1.0,0.0301,0.138,0.875,1.0922,0.6572,1.0
0.5,0.5,40,step,moderate,continuous,adaptshrink_ens_calib,40,1.0,0.0301,0.138,0.95,1.4156,0.6572,1.0
0.5,0.5,40,step,moderate,continuous,adaptshrink_fast,40,1.0,0.084,0.1885,0.825,0.7728,0.5015,0.75
0.5,0.5,40,step,moderate,continuous,adaptshrink_petgate,40,1.0,0.1556,0.1868,0.75,0.4651,0.5749,0.95
0.5,0.5,40,step,moderate,continuous,adaptshrink_solo,40,1.0,0.1543,0.237,0.775,0.9511,0.8696,0.9
0.5,0.5,40,step,moderate,continuous,copas,40,1.0,0.1905,0.2102,0.35,0.327,0.6071,0.85
0.5,0.5,40,step,moderate,continuous,dl_hksj,40,1.0,0.1935,0.2132,0.4,0.3606,0.6171,0.85
0.5,0.5,40,step,moderate,continuous,henmi_copas,40,1.0,0.1682,0.2117,0.6,0.4701,0.709,0.95
0.5,0.5,40,step,moderate,continuous,p_curve,40,1.0,0.2608,0.2763,0.05,0.2479,0.7886,0.9
0.5,0.5,40,step,moderate,continuous,p_uniform_star,40,1.0,0.0606,0.1931,0.875,0.6704,0.5614,0.85
0.5,0.5,40,step,moderate,continuous,pet_peese,40,1.0,0.1454,0.2344,0.175,0.105,0.7792,0.9
0.5,0.5,40,step,moderate,continuous,reml_hksj,40,1.0,0.194,0.2134,0.425,0.3464,0.617,0.85
0.5,0.5,40,step,moderate,continuous,trim_and_fill,40,1.0,-0.2906,0.3278,0.0,0.0585,0.8405,0.7
0.5,0.5,40,step,moderate,continuous,ubcma,37,0.925,0.0849,0.161,0.784,0.4476,0.6075,0.947
0.5,0.5,40,step,moderate,continuous,vevea_hedges,40,1.0,0.0617,0.1926,0.875,0.6622,0.5249,0.85
