mu,tau,k,mechanism,strength,method,n,conv_rate,bias,rmse,raw_cov,raw_width,mciw0,mciw0_test_cov
0.0,0.0,10,copas,strong,adaptshrink_ens,80,1.0,-0.0057,0.0682,0.975,0.4171,0.2139,0.9
0.0,0.0,10,copas,strong,adaptshrink_fast,80,1.0,0.0832,0.1065,0.988,1.1086,0.3146,0.775
0.0,0.0,10,copas,strong,adaptshrink_solo,80,1.0,0.0566,0.1069,0.875,0.5814,0.3144,0.9
0.0,0.0,10,copas,strong,copas,80,1.0,0.0898,0.1004,0.45,0.1725,0.2813,0.825
0.0,0.0,10,copas,strong,dl_hksj,80,1.0,0.0908,0.1012,0.613,0.2183,0.281,0.8
0.0,0.0,10,copas,strong,henmi_copas,80,1.0,0.085,0.0974,0.562,0.2024,0.272,0.825
0.0,0.0,10,copas,strong,p_curve,21,0.262,0.1117,0.1774,0.857,0.9367,0.5064,0.727
0.0,0.0,10,copas,strong,p_uniform_star,43,0.538,0.1351,0.1564,0.884,0.4415,0.3522,0.619
0.0,0.0,10,copas,strong,pet_peese,80,1.0,0.0358,0.1193,0.9,0.3985,0.387,0.85
0.0,0.0,10,copas,strong,reml_hksj,80,1.0,0.0912,0.1015,0.625,0.2209,0.2807,0.8
0.0,0.0,10,copas,strong,trim_and_fill,80,1.0,-0.0226,0.0778,0.537,0.1169,0.2615,0.9
0.0,0.0,10,copas,strong,ubcma,74,0.925,0.0099,0.067,1.0,0.336,0.1639,0.784
0.0,0.0,10,copas,strong,vevea_hedges,78,0.975,0.0962,0.1146,0.679,0.2563,0.3463,0.825
0.0,0.0,10,none,strong,adaptshrink_ens,80,1.0,-0.0071,0.0745,0.963,0.4137,0.2164,0.8
0.0,0.0,10,none,strong,adaptshrink_fast,80,1.0,0.0794,0.1114,0.975,0.9097,0.293,0.825
0.0,0.0,10,none,strong,adaptshrink_solo,80,1.0,0.0603,0.0913,0.887,0.4546,0.2546,0.825
0.0,0.0,10,none,strong,copas,80,1.0,0.068,0.0842,0.613,0.1629,0.2353,0.825
0.0,0.0,10,none,strong,dl_hksj,80,1.0,0.0691,0.0854,0.75,0.2063,0.2465,0.825
0.0,0.0,10,none,strong,henmi_copas,80,1.0,0.0668,0.0827,0.7,0.1938,0.2353,0.825
0.0,0.0,10,none,strong,p_curve,23,0.288,0.1351,0.1999,0.652,0.7188,0.571,0.909
0.0,0.0,10,none,strong,p_uniform_star,45,0.562,0.1303,0.1778,0.867,0.4465,0.5965,0.87
0.0,0.0,10,none,strong,pet_peese,80,1.0,0.0384,0.1042,0.863,0.3617,0.3583,0.925
0.0,0.0,10,none,strong,reml_hksj,80,1.0,0.0689,0.0851,0.738,0.2057,0.2513,0.85
0.0,0.0,10,none,strong,trim_and_fill,80,1.0,-0.0353,0.0932,0.512,0.1143,0.3374,0.925
0.0,0.0,10,none,strong,ubcma,76,0.95,0.0015,0.0709,0.961,0.3175,0.2454,0.947
0.0,0.0,10,none,strong,vevea_hedges,80,1.0,0.0868,0.1284,0.75,0.3154,0.3043,0.75
0.0,0.0,10,step,strong,adaptshrink_ens,80,1.0,0.0344,0.0941,0.925,0.4251,0.3574,0.95
0.0,0.0,10,step,strong,adaptshrink_fast,80,1.0,0.0861,0.1154,0.963,0.9666,0.3819,0.95
0.0,0.0,10,step,strong,adaptshrink_solo,80,1.0,0.1117,0.1299,0.812,0.524,0.4549,0.925
0.0,0.0,10,step,strong,copas,80,1.0,0.1122,0.1298,0.325,0.1754,0.448,0.95
0.0,0.0,10,step,strong,dl_hksj,80,1.0,0.1132,0.1314,0.537,0.2401,0.4559,0.95
0.0,0.0,10,step,strong,henmi_copas,80,1.0,0.1139,0.1312,0.487,0.2197,0.448,0.95
0.0,0.0,10,step,strong,p_curve,45,0.562,0.1221,0.1734,0.778,0.7211,0.5122,0.9
0.0,0.0,10,step,strong,p_uniform_star,46,0.575,0.0829,0.1323,0.87,0.4222,0.4434,0.9
0.0,0.0,10,step,strong,pet_peese,80,1.0,0.0911,0.1349,0.8,0.3826,0.5028,0.975
0.0,0.0,10,step,strong,reml_hksj,80,1.0,0.1132,0.1314,0.537,0.2413,0.4553,0.95
0.0,0.0,10,step,strong,trim_and_fill,80,1.0,0.0134,0.0997,0.425,0.1195,0.3438,0.9
0.0,0.0,10,step,strong,ubcma,77,0.962,0.0454,0.1531,0.896,0.4151,0.8464,1.0
0.0,0.0,10,step,strong,vevea_hedges,80,1.0,0.0842,0.1185,0.75,0.2713,0.4223,0.925
0.0,0.0,40,copas,strong,adaptshrink_ens,80,1.0,-0.0098,0.0328,0.988,0.2372,0.119,0.95
0.0,0.0,40,copas,strong,adaptshrink_fast,80,1.0,0.0942,0.1015,0.8,0.361,0.2896,0.925
0.0,0.0,40,copas,strong,adaptshrink_solo,80,1.0,0.0578,0.0802,0.6,0.2088,0.267,0.95
0.0,0.0,40,copas,strong,copas,80,1.0,0.0886,0.0918,0.013,0.0858,0.2453,0.925
0.0,0.0,40,copas,strong,dl_hksj,80,1.0,0.0886,0.0918,0.013,0.0881,0.2453,0.925
0.0,0.0,40,copas,strong,henmi_copas,80,1.0,0.0849,0.0886,0.037,0.0884,0.2475,0.925
0.0,0.0,40,copas,strong,p_curve,68,0.85,0.1082,0.1656,0.75,0.6407,0.4704,0.868
0.0,0.0,40,copas,strong,p_uniform_star,68,0.85,0.1088,0.1148,0.162,0.1631,0.3314,0.941
0.0,0.0,40,copas,strong,pet_peese,80,1.0,0.0407,0.0672,0.787,0.1586,0.2805,0.975
0.0,0.0,40,copas,strong,reml_hksj,80,1.0,0.089,0.0922,0.013,0.0911,0.2454,0.925
0.0,0.0,40,copas,strong,trim_and_fill,80,1.0,-0.0301,0.0424,0.438,0.057,0.1694,1.0
0.0,0.0,40,copas,strong,ubcma,79,0.988,-0.0061,0.037,0.937,0.1497,0.1227,0.897
0.0,0.0,40,copas,strong,vevea_hedges,80,1.0,0.1008,0.1077,0.225,0.1501,0.3102,0.925
0.0,0.0,40,none,strong,adaptshrink_ens,80,1.0,0.0039,0.0344,1.0,0.3274,0.1042,0.85
0.0,0.0,40,none,strong,adaptshrink_fast,80,1.0,0.0746,0.0815,0.787,0.2916,0.2237,0.825
0.0,0.0,40,none,strong,adaptshrink_solo,80,1.0,0.0733,0.0823,0.463,0.1767,0.2641,0.975
0.0,0.0,40,none,strong,copas,80,1.0,0.0734,0.077,0.1,0.0834,0.2262,0.975
0.0,0.0,40,none,strong,dl_hksj,80,1.0,0.0735,0.0771,0.125,0.0885,0.2262,0.975
0.0,0.0,40,none,strong,henmi_copas,80,1.0,0.0738,0.0772,0.15,0.0909,0.2223,0.975
0.0,0.0,40,none,strong,p_curve,70,0.875,0.1377,0.1676,0.757,0.5658,0.4979,0.889
0.0,0.0,40,none,strong,p_uniform_star,63,0.788,0.077,0.0852,0.333,0.1287,0.2457,0.867
0.0,0.0,40,none,strong,pet_peese,80,1.0,0.068,0.0813,0.425,0.1262,0.237,0.925
0.0,0.0,40,none,strong,reml_hksj,80,1.0,0.0734,0.077,0.163,0.0895,0.2262,0.975
0.0,0.0,40,none,strong,trim_and_fill,80,1.0,-0.0401,0.0533,0.362,0.055,0.1886,0.95
0.0,0.0,40,none,strong,ubcma,78,0.975,0.0065,0.0323,0.974,0.1431,0.0965,0.875
0.0,0.0,40,none,strong,vevea_hedges,80,1.0,0.075,0.0824,0.3,0.1187,0.2289,0.825
0.0,0.0,40,step,strong,adaptshrink_ens,80,1.0,0.0866,0.1126,0.9,0.406,0.4242,1.0
0.0,0.0,40,step,strong,adaptshrink_fast,80,1.0,0.0801,0.2054,1.0,1.0366,0.4285,0.975
0.0,0.0,40,step,strong,adaptshrink_solo,80,1.0,0.1483,0.1737,0.575,0.5044,0.6637,1.0
0.0,0.0,40,step,strong,copas,80,1.0,0.1667,0.1731,0.075,0.1677,0.5301,1.0
0.0,0.0,40,step,strong,dl_hksj,80,1.0,0.1669,0.1734,0.163,0.2342,0.5279,1.0
0.0,0.0,40,step,strong,henmi_copas,80,1.0,0.1624,0.1688,0.237,0.2246,0.5058,0.95
0.0,0.0,40,step,strong,p_curve,69,0.862,0.1085,0.1567,0.739,0.6266,0.4625,0.882
0.0,0.0,40,step,strong,p_uniform_star,50,0.625,-1.3386,10.0079,0.88,0.3431,0.3203,0.875
0.0,0.0,40,step,strong,pet_peese,80,1.0,0.1278,0.1776,0.637,0.3176,0.6566,0.95
0.0,0.0,40,step,strong,reml_hksj,80,1.0,0.1671,0.1738,0.15,0.2322,0.5296,0.975
0.0,0.0,40,step,strong,trim_and_fill,80,1.0,0.0715,0.1058,0.25,0.1116,0.4279,1.0
0.0,0.0,40,step,strong,ubcma,76,0.95,0.0736,0.1532,0.816,0.3861,0.4362,0.833
0.0,0.0,40,step,strong,vevea_hedges,80,1.0,0.07,0.2661,0.7,0.3528,0.4036,0.95
0.0,0.1,10,copas,strong,adaptshrink_ens,80,1.0,-0.025,0.11,0.925,0.5317,0.3297,0.825
0.0,0.1,10,copas,strong,adaptshrink_fast,80,1.0,0.0882,0.1382,0.95,1.2002,0.4703,0.875
0.0,0.1,10,copas,strong,adaptshrink_solo,80,1.0,0.0477,0.1319,0.912,0.8494,0.3659,0.775
0.0,0.1,10,copas,strong,copas,80,1.0,0.094,0.1148,0.613,0.2107,0.3153,0.8
0.0,0.1,10,copas,strong,dl_hksj,80,1.0,0.0955,0.1162,0.787,0.2744,0.3224,0.8
0.0,0.1,10,copas,strong,henmi_copas,80,1.0,0.0859,0.1119,0.775,0.2824,0.339,0.85
0.0,0.1,10,copas,strong,p_curve,33,0.412,0.224,0.2545,0.667,0.7916,0.8577,0.941
0.0,0.1,10,copas,strong,p_uniform_star,60,0.75,0.1604,0.2992,0.983,1.1267,0.8581,0.967
0.0,0.1,10,copas,strong,pet_peese,80,1.0,0.0103,0.1416,0.762,0.3948,0.4314,0.9
0.0,0.1,10,copas,strong,reml_hksj,80,1.0,0.0956,0.1159,0.8,0.2751,0.3256,0.8
0.0,0.1,10,copas,strong,trim_and_fill,80,1.0,-0.0574,0.1321,0.3,0.1185,0.4472,0.85
0.0,0.1,10,copas,strong,ubcma,75,0.938,0.0222,0.1462,0.867,0.4334,0.3543,0.838
0.0,0.1,10,copas,strong,vevea_hedges,75,0.938,0.1269,0.2534,0.747,0.5196,0.5121,0.889
0.0,0.1,10,none,strong,adaptshrink_ens,80,1.0,-0.0074,0.0919,0.975,0.5665,0.3969,1.0
0.0,0.1,10,none,strong,adaptshrink_fast,80,1.0,0.0644,0.0933,0.975,0.825,0.3587,0.975
0.0,0.1,10,none,strong,adaptshrink_solo,80,1.0,0.0869,0.157,0.863,0.5969,0.8352,1.0
0.0,0.1,10,none,strong,copas,80,1.0,0.0696,0.085,0.65,0.1954,0.2872,0.975
0.0,0.1,10,none,strong,dl_hksj,80,1.0,0.0682,0.0835,0.75,0.2483,0.2841,0.975
0.0,0.1,10,none,strong,henmi_copas,80,1.0,0.0729,0.0906,0.738,0.2581,0.321,1.0
0.0,0.1,10,none,strong,p_curve,33,0.412,0.2174,0.2474,0.606,0.7928,0.8019,1.0
0.0,0.1,10,none,strong,p_uniform_star,53,0.662,0.0788,0.1226,0.925,0.411,0.4561,1.0
0.0,0.1,10,none,strong,pet_peese,80,1.0,0.0669,0.1444,0.675,0.3397,0.6177,1.0
0.0,0.1,10,none,strong,reml_hksj,80,1.0,0.0688,0.0842,0.762,0.2493,0.2842,0.95
0.0,0.1,10,none,strong,trim_and_fill,80,1.0,-0.0446,0.1103,0.412,0.1174,0.4195,0.975
0.0,0.1,10,none,strong,ubcma,71,0.888,-0.007,0.0916,0.873,0.3389,0.4238,1.0
0.0,0.1,10,none,strong,vevea_hedges,80,1.0,0.0656,0.0959,0.838,0.2952,0.4332,1.0
0.0,0.1,10,step,strong,adaptshrink_ens,80,1.0,0.0865,0.1371,0.75,0.5918,0.3737,0.775
0.0,0.1,10,step,strong,adaptshrink_fast,80,1.0,0.1109,0.1479,0.925,1.2006,0.4995,0.875
0.0,0.1,10,step,strong,adaptshrink_solo,80,1.0,0.157,0.1905,0.662,0.5803,0.5362,0.85
0.0,0.1,10,step,strong,copas,80,1.0,0.164,0.1885,0.362,0.2026,0.5212,0.825
0.0,0.1,10,step,strong,dl_hksj,80,1.0,0.165,0.1897,0.4,0.2892,0.5303,0.825
0.0,0.1,10,step,strong,henmi_copas,80,1.0,0.1614,0.1846,0.438,0.2815,0.5117,0.825
0.0,0.1,10,step,strong,p_curve,57,0.712,0.1785,0.2184,0.632,0.6022,0.5798,0.793
0.0,0.1,10,step,strong,p_uniform_star,53,0.662,0.1022,0.1578,0.811,0.5638,0.5672,0.929
0.0,0.1,10,step,strong,pet_peese,80,1.0,0.1286,0.1841,0.688,0.3834,0.581,0.85
0.0,0.1,10,step,strong,reml_hksj,80,1.0,0.1647,0.1896,0.375,0.2858,0.5212,0.825
0.0,0.1,10,step,strong,trim_and_fill,80,1.0,0.0491,0.1326,0.263,0.1224,0.3685,0.775
0.0,0.1,10,step,strong,ubcma,72,0.9,0.1045,0.171,0.722,0.5033,0.5189,0.857
0.0,0.1,10,step,strong,vevea_hedges,76,0.95,0.1088,0.1523,0.711,0.3655,0.5148,0.921
0.0,0.1,40,copas,strong,adaptshrink_ens,80,1.0,0.0044,0.054,0.988,0.4248,0.2001,0.9
0.0,0.1,40,copas,strong,adaptshrink_fast,80,1.0,0.1188,0.1268,0.787,0.3376,0.335,0.8
0.0,0.1,40,copas,strong,adaptshrink_solo,80,1.0,0.0754,0.0987,0.6,0.2797,0.3019,0.925
0.0,0.1,40,copas,strong,copas,80,1.0,0.1036,0.1075,0.037,0.109,0.2845,0.875
0.0,0.1,40,copas,strong,dl_hksj,80,1.0,0.1035,0.1074,0.05,0.1148,0.2841,0.875
0.0,0.1,40,copas,strong,henmi_copas,80,1.0,0.0962,0.1016,0.175,0.1278,0.2956,0.95
0.0,0.1,40,copas,strong,p_curve,79,0.988,0.2015,0.2204,0.481,0.4137,0.557,0.923
0.0,0.1,40,copas,strong,p_uniform_star,79,0.988,0.1251,0.134,0.228,0.1932,0.3649,0.821
0.0,0.1,40,copas,strong,pet_peese,80,1.0,0.0542,0.0841,0.675,0.1499,0.348,1.0
0.0,0.1,40,copas,strong,reml_hksj,80,1.0,0.1039,0.1079,0.05,0.1155,0.2843,0.875
0.0,0.1,40,copas,strong,trim_and_fill,80,1.0,-0.0562,0.0711,0.225,0.0563,0.2372,0.85
0.0,0.1,40,copas,strong,ubcma,76,0.95,0.0199,0.0598,0.868,0.234,0.2022,0.944
0.0,0.1,40,copas,strong,vevea_hedges,80,1.0,0.1254,0.134,0.2,0.1913,0.3633,0.8
0.0,0.1,40,none,strong,adaptshrink_ens,80,1.0,-0.0131,0.06,0.925,0.5597,0.183,0.825
0.0,0.1,40,none,strong,adaptshrink_fast,80,1.0,0.0719,0.0811,0.912,0.2825,0.2672,0.95
0.0,0.1,40,none,strong,adaptshrink_solo,80,1.0,0.066,0.0896,0.637,0.2415,0.3154,0.975
0.0,0.1,40,none,strong,copas,80,1.0,0.0713,0.0763,0.263,0.1082,0.2296,0.925
0.0,0.1,40,none,strong,dl_hksj,80,1.0,0.0714,0.0763,0.287,0.115,0.2298,0.925
0.0,0.1,40,none,strong,henmi_copas,80,1.0,0.0697,0.0764,0.425,0.1282,0.2411,0.9
0.0,0.1,40,none,strong,p_curve,79,0.988,0.1979,0.2227,0.532,0.4558,0.6513,0.897
0.0,0.1,40,none,strong,p_uniform_star,79,0.988,0.0737,0.0838,0.595,0.1672,0.26,0.925
0.0,0.1,40,none,strong,pet_peese,80,1.0,0.0576,0.0844,0.588,0.1338,0.2882,0.95
0.0,0.1,40,none,strong,reml_hksj,80,1.0,0.0713,0.0763,0.3,0.1155,0.2293,0.925
0.0,0.1,40,none,strong,trim_and_fill,80,1.0,-0.089,0.1022,0.05,0.0546,0.3134,0.875
0.0,0.1,40,none,strong,ubcma,74,0.925,-0.0052,0.0583,0.878,0.2313,0.2198,0.889
0.0,0.1,40,none,strong,vevea_hedges,80,1.0,0.073,0.083,0.625,0.1656,0.2632,0.9
0.0,0.1,40,step,strong,adaptshrink_ens,80,1.0,0.1244,0.1507,0.562,0.4241,0.5045,0.975
0.0,0.1,40,step,strong,adaptshrink_fast,80,1.0,0.1144,0.1435,0.875,0.7687,0.5501,1.0
0.0,0.1,40,step,strong,adaptshrink_solo,80,1.0,0.185,0.1999,0.625,0.4766,0.5951,0.95
0.0,0.1,40,step,strong,copas,80,1.0,0.2094,0.2162,0.05,0.1735,0.5912,0.95
0.0,0.1,40,step,strong,dl_hksj,80,1.0,0.2108,0.2178,0.113,0.2359,0.5919,0.95
0.0,0.1,40,step,strong,henmi_copas,80,1.0,0.205,0.2117,0.15,0.2467,0.5877,0.975
0.0,0.1,40,step,strong,p_curve,74,0.925,0.1822,0.2011,0.446,0.435,0.5644,0.972
0.0,0.1,40,step,strong,p_uniform_star,66,0.825,0.0818,0.1277,0.818,0.433,0.5186,1.0
0.0,0.1,40,step,strong,pet_peese,80,1.0,0.1512,0.1781,0.487,0.2578,0.612,0.95
0.0,0.1,40,step,strong,reml_hksj,80,1.0,0.2098,0.2168,0.113,0.2309,0.5918,0.95
0.0,0.1,40,step,strong,trim_and_fill,80,1.0,0.099,0.1356,0.163,0.1003,0.4688,1.0
0.0,0.1,40,step,strong,ubcma,75,0.938,0.1289,0.1796,0.533,0.3587,0.6811,1.0
0.0,0.1,40,step,strong,vevea_hedges,80,1.0,0.1086,0.1432,0.725,0.3618,0.5275,1.0
0.0,0.3,10,copas,strong,adaptshrink_ens,80,1.0,0.0188,0.226,0.8,0.7623,0.84,0.925
0.0,0.3,10,copas,strong,adaptshrink_fast,80,1.0,0.1969,0.2644,0.812,1.203,0.9289,0.875
0.0,0.3,10,copas,strong,adaptshrink_solo,80,1.0,0.1278,0.3107,0.825,1.3992,1.0488,0.9
0.0,0.3,10,copas,strong,copas,80,1.0,0.1847,0.2142,0.475,0.3722,0.6948,0.95
0.0,0.3,10,copas,strong,dl_hksj,80,1.0,0.1855,0.2148,0.7,0.5188,0.6935,0.95
0.0,0.3,10,copas,strong,henmi_copas,80,1.0,0.1583,0.2126,0.775,0.648,0.77,0.925
0.0,0.3,10,copas,strong,p_curve,65,0.812,0.4079,0.4345,0.292,0.619,1.285,0.939
0.0,0.3,10,copas,strong,p_uniform_star,73,0.912,0.2292,0.288,0.712,0.6672,0.9664,0.895
0.0,0.3,10,copas,strong,pet_peese,80,1.0,0.0841,0.2682,0.512,0.355,0.8641,0.85
0.0,0.3,10,copas,strong,reml_hksj,80,1.0,0.1857,0.2148,0.675,0.4893,0.6929,0.95
0.0,0.3,10,copas,strong,trim_and_fill,80,1.0,-0.0871,0.2358,0.25,0.1232,0.8565,0.95
0.0,0.3,10,copas,strong,ubcma,75,0.938,0.1315,0.2877,0.6,0.4986,1.07,0.946
0.0,0.3,10,copas,strong,vevea_hedges,79,0.988,0.2232,0.2862,0.658,0.6301,0.9391,0.872
0.0,0.3,10,none,strong,adaptshrink_ens,80,1.0,-0.0419,0.2081,0.863,1.3077,0.7138,0.9
0.0,0.3,10,none,strong,adaptshrink_fast,80,1.0,0.0799,0.1762,0.912,0.92,0.8546,1.0
0.0,0.3,10,none,strong,adaptshrink_solo,80,1.0,0.0742,0.2439,0.912,1.2036,0.8298,0.9
0.0,0.3,10,none,strong,copas,80,1.0,0.0725,0.1278,0.812,0.3734,0.4803,0.95
0.0,0.3,10,none,strong,dl_hksj,80,1.0,0.0726,0.128,0.912,0.4823,0.4766,0.95
0.0,0.3,10,none,strong,henmi_copas,80,1.0,0.0826,0.1584,0.925,0.6023,0.6371,1.0
0.0,0.3,10,none,strong,p_curve,57,0.712,0.3695,0.3977,0.368,0.6001,1.2902,1.0
0.0,0.3,10,none,strong,p_uniform_star,80,1.0,0.0802,0.1758,0.9,0.6317,0.8848,1.0
0.0,0.3,10,none,strong,pet_peese,80,1.0,0.0776,0.2326,0.45,0.2782,0.8137,0.975
0.0,0.3,10,none,strong,reml_hksj,80,1.0,0.0723,0.1277,0.912,0.4612,0.4788,0.95
0.0,0.3,10,none,strong,trim_and_fill,80,1.0,-0.1721,0.292,0.125,0.1111,1.1012,0.975
0.0,0.3,10,none,strong,ubcma,65,0.812,-0.0117,0.2115,0.692,0.5385,0.7826,0.906
0.0,0.3,10,none,strong,vevea_hedges,78,0.975,0.0827,0.179,0.897,0.6171,0.9214,1.0
0.0,0.3,10,step,strong,adaptshrink_ens,80,1.0,0.2534,0.3327,0.463,0.6204,1.1034,0.9
0.0,0.3,10,step,strong,adaptshrink_fast,80,1.0,0.0806,0.7522,0.75,2.9371,1.0667,0.925
0.0,0.3,10,step,strong,adaptshrink_solo,80,1.0,0.3405,0.4064,0.613,1.2057,1.6575,1.0
0.0,0.3,10,step,strong,copas,80,1.0,0.3475,0.367,0.2,0.3767,1.0574,1.0
0.0,0.3,10,step,strong,dl_hksj,80,1.0,0.3488,0.3678,0.3,0.5552,1.0574,1.0
0.0,0.3,10,step,strong,henmi_copas,80,1.0,0.346,0.3686,0.362,0.6251,1.082,0.95
0.0,0.3,10,step,strong,p_curve,78,0.975,0.3981,0.4204,0.218,0.4828,1.2952,0.975
0.0,0.3,10,step,strong,p_uniform_star,75,0.938,-8.1141,42.4172,0.6,0.778,1.0466,0.892
0.0,0.3,10,step,strong,pet_peese,80,1.0,0.2921,0.3813,0.388,0.3543,1.4003,1.0
0.0,0.3,10,step,strong,reml_hksj,80,1.0,0.3481,0.3675,0.287,0.5458,1.0574,1.0
0.0,0.3,10,step,strong,trim_and_fill,80,1.0,0.1698,0.278,0.113,0.1333,0.9886,1.0
0.0,0.3,10,step,strong,ubcma,77,0.962,0.3015,0.3978,0.377,0.6268,1.0086,0.718
0.0,0.3,10,step,strong,vevea_hedges,75,0.938,-0.026,1.1736,0.587,1.3869,1.0476,0.923
0.0,0.3,40,copas,strong,adaptshrink_ens,80,1.0,-0.0369,0.1281,0.95,1.6535,0.4658,0.925
0.0,0.3,40,copas,strong,adaptshrink_fast,80,1.0,0.1546,0.1758,0.8,0.5578,0.5338,0.875
0.0,0.3,40,copas,strong,adaptshrink_solo,80,1.0,0.0639,0.1614,0.787,0.7232,0.5688,0.975
0.0,0.3,40,copas,strong,copas,80,1.0,0.1521,0.1609,0.212,0.212,0.491,0.95
0.0,0.3,40,copas,strong,dl_hksj,80,1.0,0.1533,0.162,0.287,0.2395,0.4994,1.0
0.0,0.3,40,copas,strong,henmi_copas,80,1.0,0.1111,0.1306,0.713,0.3082,0.4357,0.95
0.0,0.3,40,copas,strong,p_curve,80,1.0,0.3778,0.3838,0.062,0.2846,0.9069,0.825
0.0,0.3,40,copas,strong,p_uniform_star,80,1.0,0.1725,0.1919,0.525,0.3513,0.5457,0.825
0.0,0.3,40,copas,strong,pet_peese,80,1.0,0.037,0.1165,0.562,0.1331,0.4265,0.95
0.0,0.3,40,copas,strong,reml_hksj,80,1.0,0.1524,0.1611,0.263,0.2247,0.4928,0.975
0.0,0.3,40,copas,strong,trim_and_fill,80,1.0,-0.2114,0.2319,0.013,0.0575,0.7126,0.925
0.0,0.3,40,copas,strong,ubcma,47,0.588,0.0885,0.1989,0.787,0.5071,0.6459,0.864
0.0,0.3,40,copas,strong,vevea_hedges,80,1.0,0.1708,0.1902,0.537,0.353,0.5307,0.775
0.0,0.3,40,none,strong,adaptshrink_ens,80,1.0,-0.04,0.1329,0.9,1.5598,0.4332,0.9
0.0,0.3,40,none,strong,adaptshrink_fast,80,1.0,0.0822,0.1095,0.938,0.4872,0.3691,0.875
0.0,0.3,40,none,strong,adaptshrink_solo,80,1.0,0.0645,0.1422,0.887,0.5607,0.5112,0.925
0.0,0.3,40,none,strong,copas,80,1.0,0.0721,0.0889,0.675,0.2029,0.3006,0.9
0.0,0.3,40,none,strong,dl_hksj,80,1.0,0.0722,0.0889,0.738,0.2201,0.3011,0.925
0.0,0.3,40,none,strong,henmi_copas,80,1.0,0.0674,0.0979,0.775,0.2798,0.2759,0.8
0.0,0.3,40,none,strong,p_curve,80,1.0,0.3851,0.3964,0.05,0.2918,0.9923,0.875
0.0,0.3,40,none,strong,p_uniform_star,80,1.0,0.0889,0.1156,0.875,0.3314,0.3939,0.925
0.0,0.3,40,none,strong,pet_peese,80,1.0,0.0542,0.1278,0.475,0.1265,0.4343,0.95
0.0,0.3,40,none,strong,reml_hksj,80,1.0,0.0721,0.0889,0.738,0.2133,0.3004,0.9
0.0,0.3,40,none,strong,trim_and_fill,80,1.0,-0.2654,0.2837,0.0,0.054,0.9434,0.975
0.0,0.3,40,none,strong,ubcma,56,0.7,0.0161,0.1968,0.786,0.6507,0.6889,0.875
0.0,0.3,40,none,strong,vevea_hedges,80,1.0,0.0891,0.1157,0.875,0.3314,0.3973,0.925
0.0,0.3,40,step,strong,adaptshrink_ens,80,1.0,0.2334,0.2708,0.5,0.7901,0.8499,0.95
0.0,0.3,40,step,strong,adaptshrink_fast,80,1.0,0.1631,0.236,0.738,0.9526,0.8339,0.925
0.0,0.3,40,step,strong,adaptshrink_solo,80,1.0,0.3069,0.334,0.35,0.5911,0.9055,0.875
0.0,0.3,40,step,strong,copas,80,1.0,0.3396,0.3493,0.0,0.2755,0.9017,0.875
0.0,0.3,40,step,strong,dl_hksj,80,1.0,0.3406,0.3501,0.062,0.3329,0.9055,0.875
0.0,0.3,40,step,strong,henmi_copas,80,1.0,0.3293,0.3411,0.1,0.3796,0.8855,0.85
0.0,0.3,40,step,strong,p_curve,80,1.0,0.3796,0.3916,0.075,0.2813,0.9847,0.875
0.0,0.3,40,step,strong,p_uniform_star,79,0.988,0.1305,0.2219,0.709,0.6245,0.8115,0.949
0.0,0.3,40,step,strong,pet_peese,80,1.0,0.2835,0.3247,0.25,0.1981,0.8924,0.8
0.0,0.3,40,step,strong,reml_hksj,80,1.0,0.3402,0.3499,0.05,0.3295,0.9035,0.875
0.0,0.3,40,step,strong,trim_and_fill,80,1.0,0.1279,0.1915,0.05,0.0891,0.6347,0.925
0.0,0.3,40,step,strong,ubcma,68,0.85,0.2931,0.3235,0.221,0.3671,1.0198,1.0
0.0,0.3,40,step,strong,vevea_hedges,79,0.988,0.1329,0.2233,0.734,0.6136,0.8115,0.9
0.2,0.0,10,copas,strong,adaptshrink_ens,80,1.0,0.0108,0.0584,0.988,0.3269,0.1732,0.875
0.2,0.0,10,copas,strong,adaptshrink_fast,80,1.0,0.0626,0.0912,0.938,0.9905,0.2573,0.875
0.2,0.0,10,copas,strong,adaptshrink_solo,80,1.0,0.0445,0.0987,0.787,0.4337,0.2869,0.85
0.2,0.0,10,copas,strong,copas,80,1.0,0.0837,0.0967,0.475,0.1638,0.2858,0.9
0.2,0.0,10,copas,strong,dl_hksj,80,1.0,0.0843,0.0968,0.6,0.205,0.2854,0.9
0.2,0.0,10,copas,strong,henmi_copas,80,1.0,0.0802,0.0935,0.562,0.184,0.2805,0.925
0.2,0.0,10,copas,strong,p_curve,78,0.975,0.0702,0.1121,0.705,0.3774,0.4744,1.0
0.2,0.0,10,copas,strong,p_uniform_star,37,0.462,0.0837,0.1042,0.622,0.5076,0.3165,0.947
0.2,0.0,10,copas,strong,pet_peese,80,1.0,0.0157,0.1017,0.75,0.2967,0.2927,0.875
0.2,0.0,10,copas,strong,reml_hksj,80,1.0,0.085,0.098,0.6,0.2077,0.2938,0.9
0.2,0.0,10,copas,strong,trim_and_fill,80,1.0,-0.0093,0.0671,0.625,0.115,0.282,0.95
0.2,0.0,10,copas,strong,ubcma,79,0.988,0.0125,0.0633,0.987,0.309,0.1976,0.872
0.2,0.0,10,copas,strong,vevea_hedges,80,1.0,0.08,0.0995,0.688,0.2381,0.305,0.925
0.2,0.0,10,none,strong,adaptshrink_ens,80,1.0,0.0042,0.0776,0.963,0.4235,0.2386,0.825
0.2,0.0,10,none,strong,adaptshrink_fast,80,1.0,0.0736,0.1033,0.963,0.6746,0.3222,0.9
0.2,0.0,10,none,strong,adaptshrink_solo,80,1.0,0.0731,0.1092,0.863,0.4489,0.3573,0.85
0.2,0.0,10,none,strong,copas,80,1.0,0.0665,0.0819,0.55,0.1681,0.2584,0.925
0.2,0.0,10,none,strong,dl_hksj,80,1.0,0.0663,0.0815,0.738,0.2089,0.2581,0.925
0.2,0.0,10,none,strong,henmi_copas,80,1.0,0.0682,0.0838,0.637,0.2,0.2591,0.9
0.2,0.0,10,none,strong,p_curve,78,0.975,0.0794,0.1259,0.692,0.4444,0.4122,0.921
0.2,0.0,10,none,strong,p_uniform_star,49,0.612,0.0609,0.0973,0.796,0.4455,0.4005,1.0
0.2,0.0,10,none,strong,pet_peese,80,1.0,0.0652,0.1163,0.613,0.2515,0.3626,0.875
0.2,0.0,10,none,strong,reml_hksj,80,1.0,0.0659,0.0812,0.738,0.2099,0.258,0.925
0.2,0.0,10,none,strong,trim_and_fill,80,1.0,-0.0317,0.1021,0.438,0.1148,0.2838,0.775
0.2,0.0,10,none,strong,ubcma,79,0.988,-0.0034,0.0742,0.962,0.308,0.2985,0.975
0.2,0.0,10,none,strong,vevea_hedges,80,1.0,0.0735,0.1027,0.6,0.2394,0.3697,0.95
0.2,0.0,10,step,strong,adaptshrink_ens,80,1.0,0.0293,0.0702,0.988,0.381,0.2684,0.975
0.2,0.0,10,step,strong,adaptshrink_fast,80,1.0,0.0495,0.096,0.925,1.1273,0.3219,0.975
0.2,0.0,10,step,strong,adaptshrink_solo,80,1.0,0.0343,0.1135,0.775,0.5789,0.3831,0.975
0.2,0.0,10,step,strong,copas,80,1.0,0.1143,0.1239,0.25,0.1709,0.3462,0.925
0.2,0.0,10,step,strong,dl_hksj,80,1.0,0.1176,0.1264,0.512,0.2382,0.3463,0.925
0.2,0.0,10,step,strong,henmi_copas,80,1.0,0.1086,0.1186,0.4,0.2048,0.3416,0.95
0.2,0.0,10,step,strong,p_curve,79,0.988,0.0751,0.1008,0.785,0.3274,0.296,0.846
0.2,0.0,10,step,strong,p_uniform_star,49,0.612,0.0445,0.0913,0.776,0.5527,0.2979,1.0
0.2,0.0,10,step,strong,pet_peese,80,1.0,0.0092,0.1197,0.75,0.3593,0.4674,1.0
0.2,0.0,10,step,strong,reml_hksj,80,1.0,0.1172,0.1267,0.512,0.2363,0.3463,0.925
0.2,0.0,10,step,strong,trim_and_fill,80,1.0,0.0209,0.0614,0.7,0.1214,0.2475,0.95
0.2,0.0,10,step,strong,ubcma,76,0.95,0.0475,0.109,0.961,0.4067,0.4971,0.974
0.2,0.0,10,step,strong,vevea_hedges,75,0.938,0.0683,0.0986,0.787,0.3311,0.3002,0.872
0.2,0.0,40,copas,strong,adaptshrink_ens,80,1.0,0.0119,0.0359,1.0,0.2642,0.099,0.75
0.2,0.0,40,copas,strong,adaptshrink_fast,80,1.0,0.0817,0.0856,0.512,0.2347,0.2581,0.95
0.2,0.0,40,copas,strong,adaptshrink_solo,80,1.0,0.065,0.0777,0.625,0.2098,0.2479,1.0
0.2,0.0,40,copas,strong,copas,80,1.0,0.0894,0.0921,0.013,0.0848,0.2365,0.925
0.2,0.0,40,copas,strong,dl_hksj,80,1.0,0.0893,0.0919,0.013,0.0868,0.2333,0.925
0.2,0.0,40,copas,strong,henmi_copas,80,1.0,0.0864,0.0892,0.075,0.0865,0.2357,0.95
0.2,0.0,40,copas,strong,p_curve,80,1.0,0.0876,0.0938,0.25,0.1354,0.2528,0.875
0.2,0.0,40,copas,strong,p_uniform_star,66,0.825,0.0905,0.0937,0.106,0.1571,0.2564,0.943
0.2,0.0,40,copas,strong,pet_peese,80,1.0,0.0661,0.075,0.263,0.1028,0.2439,1.0
0.2,0.0,40,copas,strong,reml_hksj,80,1.0,0.0897,0.0924,0.013,0.0902,0.2369,0.925
0.2,0.0,40,copas,strong,trim_and_fill,80,1.0,-0.0285,0.0416,0.512,0.0559,0.159,0.975
0.2,0.0,40,copas,strong,ubcma,80,1.0,0.0149,0.036,0.95,0.1256,0.1093,0.825
0.2,0.0,40,copas,strong,vevea_hedges,80,1.0,0.0853,0.089,0.125,0.1076,0.2596,0.95
0.2,0.0,40,none,strong,adaptshrink_ens,80,1.0,-0.0006,0.0331,1.0,0.3178,0.1094,0.9
0.2,0.0,40,none,strong,adaptshrink_fast,80,1.0,0.0695,0.0742,0.75,0.2495,0.213,0.925
0.2,0.0,40,none,strong,adaptshrink_solo,80,1.0,0.0747,0.0827,0.425,0.159,0.2387,0.85
0.2,0.0,40,none,strong,copas,80,1.0,0.0679,0.0715,0.1,0.0847,0.1989,0.85
0.2,0.0,40,none,strong,dl_hksj,80,1.0,0.0678,0.0715,0.163,0.0907,0.1994,0.9
0.2,0.0,40,none,strong,henmi_copas,80,1.0,0.0689,0.0726,0.163,0.093,0.1927,0.825
0.2,0.0,40,none,strong,p_curve,80,1.0,0.0843,0.0902,0.375,0.1384,0.2518,0.875
0.2,0.0,40,none,strong,p_uniform_star,63,0.788,0.0628,0.0692,0.492,0.1797,0.2091,0.943
0.2,0.0,40,none,strong,pet_peese,80,1.0,0.0733,0.0802,0.25,0.1018,0.2219,0.825
0.2,0.0,40,none,strong,reml_hksj,80,1.0,0.0677,0.0714,0.15,0.0911,0.1986,0.85
0.2,0.0,40,none,strong,trim_and_fill,80,1.0,-0.051,0.0622,0.175,0.0559,0.1708,0.85
0.2,0.0,40,none,strong,ubcma,79,0.988,-0.0002,0.0294,0.975,0.1258,0.1082,0.974
0.2,0.0,40,none,strong,vevea_hedges,80,1.0,0.0702,0.0744,0.325,0.1125,0.2353,0.95
0.2,0.0,40,step,strong,adaptshrink_ens,80,1.0,0.0348,0.0472,0.963,0.1942,0.1492,0.875
0.2,0.0,40,step,strong,adaptshrink_fast,80,1.0,0.0699,0.0855,0.713,0.2883,0.246,0.875
0.2,0.0,40,step,strong,adaptshrink_solo,80,1.0,0.0349,0.074,0.863,0.2814,0.2496,0.85
0.2,0.0,40,step,strong,copas,80,1.0,0.1145,0.1185,0.0,0.0926,0.3227,0.9
0.2,0.0,40,step,strong,dl_hksj,80,1.0,0.1158,0.1194,0.0,0.1025,0.313,0.875
0.2,0.0,40,step,strong,henmi_copas,80,1.0,0.1088,0.1126,0.013,0.1005,0.3049,0.9
0.2,0.0,40,step,strong,p_curve,80,1.0,0.0835,0.0909,0.412,0.1385,0.2506,0.9
0.2,0.0,40,step,strong,p_uniform_star,69,0.862,0.0658,0.0921,0.391,0.2172,0.278,0.909
0.2,0.0,40,step,strong,pet_peese,80,1.0,0.0681,0.0784,0.412,0.1156,0.2246,0.825
0.2,0.0,40,step,strong,reml_hksj,80,1.0,0.1158,0.1197,0.0,0.1037,0.3253,0.9
0.2,0.0,40,step,strong,trim_and_fill,80,1.0,0.0201,0.0378,0.65,0.0644,0.116,0.85
0.2,0.0,40,step,strong,ubcma,80,1.0,0.0361,0.0518,0.875,0.1491,0.2416,0.975
0.2,0.0,40,step,strong,vevea_hedges,80,1.0,0.0703,0.0899,0.425,0.1637,0.252,0.9
0.2,0.1,10,copas,strong,adaptshrink_ens,80,1.0,0.0093,0.1005,0.912,0.46,0.3621,0.925
0.2,0.1,10,copas,strong,adaptshrink_fast,80,1.0,0.0949,0.1252,0.925,0.8667,0.3952,0.9
0.2,0.1,10,copas,strong,adaptshrink_solo,80,1.0,0.0628,0.1484,0.863,0.7131,0.4877,0.95
0.2,0.1,10,copas,strong,copas,80,1.0,0.1034,0.1162,0.525,0.2068,0.3335,0.875
0.2,0.1,10,copas,strong,dl_hksj,80,1.0,0.1047,0.1174,0.688,0.2702,0.3396,0.875
0.2,0.1,10,copas,strong,henmi_copas,80,1.0,0.0958,0.1136,0.65,0.2757,0.3138,0.775
0.2,0.1,10,copas,strong,p_curve,77,0.962,0.1194,0.1544,0.649,0.4945,0.4939,0.95
0.2,0.1,10,copas,strong,p_uniform_star,57,0.712,0.0986,0.125,0.754,0.4734,0.4432,0.964
0.2,0.1,10,copas,strong,pet_peese,80,1.0,0.0383,0.164,0.575,0.32,0.5867,0.95
0.2,0.1,10,copas,strong,reml_hksj,80,1.0,0.1045,0.1169,0.7,0.2708,0.3474,0.925
0.2,0.1,10,copas,strong,trim_and_fill,80,1.0,-0.0398,0.097,0.412,0.1197,0.3243,0.875
0.2,0.1,10,copas,strong,ubcma,78,0.975,0.037,0.1005,0.872,0.3412,0.4561,0.975
0.2,0.1,10,copas,strong,vevea_hedges,80,1.0,0.0995,0.1242,0.65,0.3208,0.4011,0.9
0.2,0.1,10,none,strong,adaptshrink_ens,80,1.0,-0.0098,0.1065,0.925,0.5392,0.3581,0.875
0.2,0.1,10,none,strong,adaptshrink_fast,80,1.0,0.0644,0.0856,0.95,0.7699,0.2815,0.85
0.2,0.1,10,none,strong,adaptshrink_solo,80,1.0,0.0637,0.1099,0.875,0.5071,0.3534,0.825
0.2,0.1,10,none,strong,copas,80,1.0,0.0661,0.0825,0.738,0.2015,0.269,0.9
0.2,0.1,10,none,strong,dl_hksj,80,1.0,0.0668,0.0831,0.825,0.2549,0.2684,0.9
0.2,0.1,10,none,strong,henmi_copas,80,1.0,0.0642,0.0861,0.8,0.2746,0.3202,0.975
0.2,0.1,10,none,strong,p_curve,75,0.938,0.1067,0.1355,0.68,0.4241,0.4025,0.842
0.2,0.1,10,none,strong,p_uniform_star,59,0.738,0.0617,0.0859,0.864,0.4054,0.2791,0.935
0.2,0.1,10,none,strong,pet_peese,80,1.0,0.0478,0.1265,0.588,0.2708,0.4262,0.9
0.2,0.1,10,none,strong,reml_hksj,80,1.0,0.0666,0.0828,0.838,0.2551,0.2654,0.9
0.2,0.1,10,none,strong,trim_and_fill,80,1.0,-0.0615,0.1261,0.35,0.117,0.4217,0.9
0.2,0.1,10,none,strong,ubcma,74,0.925,0.0059,0.1023,0.919,0.3334,0.3751,0.917
0.2,0.1,10,none,strong,vevea_hedges,80,1.0,0.0649,0.0875,0.825,0.3197,0.2695,0.825
0.2,0.1,10,step,strong,adaptshrink_ens,80,1.0,0.0408,0.1002,0.938,0.4363,0.4581,0.95
0.2,0.1,10,step,strong,adaptshrink_fast,80,1.0,0.0097,0.4247,0.875,1.9546,0.5733,0.975
0.2,0.1,10,step,strong,adaptshrink_solo,80,1.0,0.0424,0.1557,0.863,0.7967,0.5656,1.0
0.2,0.1,10,step,strong,copas,80,1.0,0.1454,0.1576,0.25,0.208,0.5171,0.95
0.2,0.1,10,step,strong,dl_hksj,80,1.0,0.1484,0.1599,0.425,0.2902,0.5182,0.95
0.2,0.1,10,step,strong,henmi_copas,80,1.0,0.1326,0.1481,0.5,0.2886,0.559,1.0
0.2,0.1,10,step,strong,p_curve,79,0.988,0.1112,0.1402,0.658,0.353,0.5184,1.0
0.2,0.1,10,step,strong,p_uniform_star,65,0.812,-2.836,23.2747,0.708,1.0119,0.8395,0.969
0.2,0.1,10,step,strong,pet_peese,80,1.0,0.013,0.1803,0.6,0.3749,0.6583,0.975
0.2,0.1,10,step,strong,reml_hksj,80,1.0,0.1486,0.1601,0.45,0.29,0.5172,0.95
0.2,0.1,10,step,strong,trim_and_fill,80,1.0,0.0208,0.0839,0.562,0.1195,0.4556,1.0
0.2,0.1,10,step,strong,ubcma,76,0.95,0.1,0.1419,0.75,0.3814,0.5011,0.923
0.2,0.1,10,step,strong,vevea_hedges,62,0.775,-0.0219,0.7147,0.726,0.6484,0.6468,0.97
0.2,0.1,40,copas,strong,adaptshrink_ens,80,1.0,0.0238,0.0549,0.963,0.3492,0.1782,0.925
0.2,0.1,40,copas,strong,adaptshrink_fast,80,1.0,0.0993,0.1066,0.662,0.24,0.3045,0.875
0.2,0.1,40,copas,strong,adaptshrink_solo,80,1.0,0.0673,0.0947,0.55,0.2595,0.3052,0.975
0.2,0.1,40,copas,strong,copas,80,1.0,0.1022,0.1063,0.037,0.1078,0.3047,0.975
0.2,0.1,40,copas,strong,dl_hksj,80,1.0,0.1025,0.1067,0.037,0.1148,0.3052,0.975
0.2,0.1,40,copas,strong,henmi_copas,80,1.0,0.0946,0.1001,0.212,0.1281,0.2881,0.95
0.2,0.1,40,copas,strong,p_curve,80,1.0,0.1215,0.1281,0.225,0.1524,0.3914,0.95
0.2,0.1,40,copas,strong,p_uniform_star,77,0.962,0.109,0.1161,0.208,0.1865,0.3285,0.868
0.2,0.1,40,copas,strong,pet_peese,80,1.0,0.0705,0.0908,0.325,0.1027,0.3198,1.0
0.2,0.1,40,copas,strong,reml_hksj,80,1.0,0.1026,0.1067,0.062,0.1152,0.3054,0.975
0.2,0.1,40,copas,strong,trim_and_fill,80,1.0,-0.0557,0.0718,0.175,0.056,0.2328,0.95
0.2,0.1,40,copas,strong,ubcma,80,1.0,0.0305,0.0568,0.875,0.177,0.1697,0.875
0.2,0.1,40,copas,strong,vevea_hedges,80,1.0,0.102,0.1093,0.25,0.1471,0.3202,0.9
0.2,0.1,40,none,strong,adaptshrink_ens,80,1.0,-0.008,0.0548,0.975,0.4135,0.1931,0.95
0.2,0.1,40,none,strong,adaptshrink_fast,80,1.0,0.0677,0.0796,0.825,0.2524,0.2296,0.775
0.2,0.1,40,none,strong,adaptshrink_solo,80,1.0,0.0531,0.0786,0.75,0.2724,0.2554,0.875
0.2,0.1,40,none,strong,copas,80,1.0,0.0692,0.0753,0.338,0.1115,0.2125,0.85
0.2,0.1,40,none,strong,dl_hksj,80,1.0,0.0693,0.0754,0.412,0.1203,0.2149,0.875
0.2,0.1,40,none,strong,henmi_copas,80,1.0,0.0654,0.0729,0.525,0.1356,0.2177,0.925
0.2,0.1,40,none,strong,p_curve,80,1.0,0.1193,0.1276,0.225,0.1609,0.3615,0.95
0.2,0.1,40,none,strong,p_uniform_star,77,0.962,0.0708,0.0829,0.61,0.1714,0.2387,0.85
0.2,0.1,40,none,strong,pet_peese,80,1.0,0.054,0.0792,0.4,0.1035,0.2623,0.875
0.2,0.1,40,none,strong,reml_hksj,80,1.0,0.0693,0.0754,0.4,0.1196,0.2141,0.85
0.2,0.1,40,none,strong,trim_and_fill,80,1.0,-0.1001,0.1134,0.087,0.0553,0.3598,0.925
0.2,0.1,40,none,strong,ubcma,80,1.0,-0.0038,0.0489,0.9,0.1925,0.1859,0.95
0.2,0.1,40,none,strong,vevea_hedges,80,1.0,0.0677,0.0799,0.575,0.164,0.2355,0.85
0.2,0.1,40,step,strong,adaptshrink_ens,80,1.0,0.052,0.0778,0.925,0.2748,0.2649,0.85
0.2,0.1,40,step,strong,adaptshrink_fast,80,1.0,0.0865,0.1027,0.625,0.2812,0.3002,0.875
0.2,0.1,40,step,strong,adaptshrink_solo,80,1.0,0.0601,0.1096,0.8,0.3758,0.4243,0.975
0.2,0.1,40,step,strong,copas,80,1.0,0.1455,0.1494,0.0,0.1155,0.3941,0.925
0.2,0.1,40,step,strong,dl_hksj,80,1.0,0.1463,0.1501,0.025,0.1271,0.3954,0.925
0.2,0.1,40,step,strong,henmi_copas,80,1.0,0.13,0.1356,0.087,0.1366,0.3618,0.85
0.2,0.1,40,step,strong,p_curve,80,1.0,0.1195,0.1263,0.188,0.1533,0.3608,0.925
0.2,0.1,40,step,strong,p_uniform_star,77,0.962,0.0889,0.1051,0.494,0.2194,0.2885,0.846
0.2,0.1,40,step,strong,pet_peese,80,1.0,0.0759,0.1105,0.175,0.1232,0.3514,0.925
0.2,0.1,40,step,strong,reml_hksj,80,1.0,0.1466,0.1504,0.025,0.1282,0.3931,0.9
0.2,0.1,40,step,strong,trim_and_fill,80,1.0,0.0076,0.0447,0.625,0.0645,0.167,0.9
0.2,0.1,40,step,strong,ubcma,80,1.0,0.0682,0.0884,0.65,0.1791,0.3125,0.875
0.2,0.1,40,step,strong,vevea_hedges,80,1.0,0.0852,0.1018,0.475,0.2197,0.2894,0.875
0.2,0.3,10,copas,strong,adaptshrink_ens,80,1.0,-0.0254,0.2196,0.775,0.8143,0.8966,0.975
0.2,0.3,10,copas,strong,adaptshrink_fast,80,1.0,0.1559,0.2307,0.838,1.0957,1.008,0.975
0.2,0.3,10,copas,strong,adaptshrink_solo,80,1.0,0.1267,0.3062,0.887,1.3945,0.819,0.875
0.2,0.3,10,copas,strong,copas,80,1.0,0.1504,0.188,0.625,0.3574,0.755,1.0
0.2,0.3,10,copas,strong,dl_hksj,80,1.0,0.1517,0.1883,0.787,0.4988,0.7556,1.0
0.2,0.3,10,copas,strong,henmi_copas,80,1.0,0.1262,0.1899,0.825,0.605,0.7927,1.0
0.2,0.3,10,copas,strong,p_curve,77,0.962,0.2613,0.2952,0.429,0.4923,1.1664,1.0
0.2,0.3,10,copas,strong,p_uniform_star,76,0.95,0.1752,0.2376,0.697,0.5785,0.9428,0.972
0.2,0.3,10,copas,strong,pet_peese,80,1.0,0.0605,0.3038,0.375,0.3518,1.236,0.95
0.2,0.3,10,copas,strong,reml_hksj,80,1.0,0.1521,0.1889,0.775,0.4704,0.7551,1.0
0.2,0.3,10,copas,strong,trim_and_fill,80,1.0,-0.1211,0.2613,0.212,0.1201,0.9597,0.95
0.2,0.3,10,copas,strong,ubcma,74,0.925,0.0688,0.2058,0.676,0.4609,0.7855,0.972
0.2,0.3,10,copas,strong,vevea_hedges,78,0.975,0.1668,0.2326,0.718,0.5621,0.9676,0.975
0.2,0.3,10,none,strong,adaptshrink_ens,80,1.0,-0.0502,0.2329,0.787,0.947,0.7868,0.9
0.2,0.3,10,none,strong,adaptshrink_fast,80,1.0,0.0662,0.1784,0.912,0.9304,0.5998,0.825
0.2,0.3,10,none,strong,adaptshrink_solo,80,1.0,0.0978,0.2689,0.912,1.3728,1.0395,0.875
0.2,0.3,10,none,strong,copas,80,1.0,0.0669,0.126,0.838,0.3843,0.4575,0.95
0.2,0.3,10,none,strong,dl_hksj,80,1.0,0.0666,0.126,0.938,0.4909,0.459,0.95
0.2,0.3,10,none,strong,henmi_copas,80,1.0,0.0706,0.1551,0.925,0.5947,0.5476,0.925
0.2,0.3,10,none,strong,p_curve,77,0.962,0.2753,0.3077,0.351,0.4553,0.8509,0.775
0.2,0.3,10,none,strong,p_uniform_star,80,1.0,0.0695,0.1822,0.825,0.6236,0.6173,0.9
0.2,0.3,10,none,strong,pet_peese,80,1.0,0.0535,0.263,0.375,0.274,0.7994,0.85
0.2,0.3,10,none,strong,reml_hksj,80,1.0,0.0668,0.1258,0.925,0.4765,0.455,0.95
0.2,0.3,10,none,strong,trim_and_fill,80,1.0,-0.18,0.2971,0.062,0.1162,1.1294,0.95
0.2,0.3,10,none,strong,ubcma,69,0.862,0.0338,0.2281,0.681,0.536,0.7923,0.909
0.2,0.3,10,none,strong,vevea_hedges,80,1.0,0.07,0.1808,0.887,0.6131,0.5718,0.775
0.2,0.3,10,step,strong,adaptshrink_ens,80,1.0,0.1213,0.233,0.75,0.5965,0.7883,0.925
0.2,0.3,10,step,strong,adaptshrink_fast,80,1.0,-0.0776,1.3327,0.725,4.2884,0.8826,0.875
0.2,0.3,10,step,strong,adaptshrink_solo,80,1.0,0.1777,0.3433,0.812,1.4658,0.8983,0.9
0.2,0.3,10,step,strong,copas,80,1.0,0.2902,0.3076,0.125,0.3539,0.8743,0.9
0.2,0.3,10,step,strong,dl_hksj,80,1.0,0.2935,0.3105,0.375,0.5308,0.8797,0.9
0.2,0.3,10,step,strong,henmi_copas,80,1.0,0.2606,0.2893,0.588,0.6333,0.8002,0.875
0.2,0.3,10,step,strong,p_curve,80,1.0,0.2993,0.3265,0.225,0.441,0.9683,0.85
0.2,0.3,10,step,strong,p_uniform_star,79,0.988,-12.6701,65.5303,0.532,18.0386,59.3036,0.975
0.2,0.3,10,step,strong,pet_peese,80,1.0,0.1359,0.31,0.275,0.3553,1.0165,0.925
0.2,0.3,10,step,strong,reml_hksj,80,1.0,0.2932,0.3103,0.362,0.5052,0.8762,0.9
0.2,0.3,10,step,strong,trim_and_fill,80,1.0,0.059,0.1936,0.263,0.1309,0.7862,0.95
0.2,0.3,10,step,strong,ubcma,77,0.962,0.2441,0.3345,0.481,0.5353,1.146,0.925
0.2,0.3,10,step,strong,vevea_hedges,61,0.762,-0.3731,2.3681,0.426,2.4873,0.9559,0.812
0.2,0.3,40,copas,strong,adaptshrink_ens,80,1.0,-0.0023,0.1299,0.863,0.9677,0.4087,0.925
0.2,0.3,40,copas,strong,adaptshrink_fast,80,1.0,0.1425,0.1646,0.812,0.4921,0.5041,0.9
0.2,0.3,40,copas,strong,adaptshrink_solo,80,1.0,0.0699,0.1601,0.725,0.6162,0.5134,0.9
0.2,0.3,40,copas,strong,copas,80,1.0,0.1551,0.1619,0.15,0.2111,0.4425,0.925
0.2,0.3,40,copas,strong,dl_hksj,80,1.0,0.1558,0.1626,0.188,0.2354,0.4425,0.925
0.2,0.3,40,copas,strong,henmi_copas,80,1.0,0.1163,0.1325,0.675,0.2965,0.3875,0.85
0.2,0.3,40,copas,strong,p_curve,80,1.0,0.2663,0.2752,0.0,0.1994,0.7948,0.95
0.2,0.3,40,copas,strong,p_uniform_star,80,1.0,0.1593,0.1794,0.463,0.3303,0.5221,0.9
0.2,0.3,40,copas,strong,pet_peese,80,1.0,0.0466,0.142,0.188,0.1173,0.5273,0.975
0.2,0.3,40,copas,strong,reml_hksj,80,1.0,0.1553,0.1621,0.163,0.2243,0.4425,0.925
0.2,0.3,40,copas,strong,trim_and_fill,80,1.0,-0.1948,0.2194,0.025,0.0576,0.7723,1.0
0.2,0.3,40,copas,strong,ubcma,59,0.738,0.1055,0.1622,0.746,0.4179,0.5209,0.867
0.2,0.3,40,copas,strong,vevea_hedges,80,1.0,0.1482,0.1703,0.537,0.3319,0.5127,0.925
0.2,0.3,40,none,strong,adaptshrink_ens,80,1.0,-0.0195,0.1339,0.938,1.3795,0.4981,0.925
0.2,0.3,40,none,strong,adaptshrink_fast,80,1.0,0.0531,0.102,0.925,0.4823,0.3189,0.775
0.2,0.3,40,none,strong,adaptshrink_solo,80,1.0,0.0714,0.1485,0.9,0.5727,0.5996,0.95
0.2,0.3,40,none,strong,copas,80,1.0,0.0702,0.0866,0.762,0.2109,0.2641,0.825
0.2,0.3,40,none,strong,dl_hksj,80,1.0,0.0703,0.0865,0.762,0.2259,0.2644,0.825
0.2,0.3,40,none,strong,henmi_copas,80,1.0,0.071,0.0987,0.85,0.2844,0.3261,0.875
0.2,0.3,40,none,strong,p_curve,80,1.0,0.2631,0.2721,0.025,0.2046,0.7569,0.95
0.2,0.3,40,none,strong,p_uniform_star,80,1.0,0.0492,0.1034,0.875,0.3413,0.3563,0.85
0.2,0.3,40,none,strong,pet_peese,80,1.0,0.0586,0.1458,0.25,0.1106,0.4862,0.925
0.2,0.3,40,none,strong,reml_hksj,80,1.0,0.0701,0.0866,0.762,0.222,0.2643,0.825
0.2,0.3,40,none,strong,trim_and_fill,80,1.0,-0.2767,0.2983,0.0,0.0544,0.8921,0.95
0.2,0.3,40,none,strong,ubcma,60,0.75,0.0454,0.1274,0.817,0.42,0.3985,0.733
0.2,0.3,40,none,strong,vevea_hedges,80,1.0,0.0503,0.1048,0.875,0.3392,0.3488,0.825
0.2,0.3,40,step,strong,adaptshrink_ens,80,1.0,0.1465,0.1792,0.812,0.687,0.6824,0.95
0.2,0.3,40,step,strong,adaptshrink_fast,80,1.0,0.1529,0.2,0.625,0.6947,0.6891,0.975
0.2,0.3,40,step,strong,adaptshrink_solo,80,1.0,0.1938,0.2377,0.65,0.6477,0.7312,0.95
0.2,0.3,40,step,strong,copas,80,1.0,0.2827,0.2884,0.0,0.2148,0.7633,0.975
0.2,0.3,40,step,strong,dl_hksj,80,1.0,0.2826,0.2884,0.013,0.2453,0.7666,0.975
0.2,0.3,40,step,strong,henmi_copas,80,1.0,0.2482,0.2585,0.113,0.2919,0.7236,0.975
0.2,0.3,40,step,strong,p_curve,80,1.0,0.278,0.2851,0.025,0.2094,0.7442,0.975
0.2,0.3,40,step,strong,p_uniform_star,80,1.0,0.1294,0.2016,0.625,0.5794,0.7096,0.975
0.2,0.3,40,step,strong,pet_peese,80,1.0,0.1913,0.2324,0.037,0.1351,0.765,0.975
0.2,0.3,40,step,strong,reml_hksj,80,1.0,0.2834,0.289,0.0,0.2388,0.7644,0.975
0.2,0.3,40,step,strong,trim_and_fill,80,1.0,0.0342,0.0834,0.4,0.0704,0.3192,0.95
0.2,0.3,40,step,strong,ubcma,68,0.85,0.1934,0.222,0.441,0.3048,0.8,1.0
0.2,0.3,40,step,strong,vevea_hedges,79,0.988,0.1344,0.2016,0.671,0.5651,0.7065,0.974
0.5,0.0,10,copas,strong,adaptshrink_ens,80,1.0,0.0173,0.0536,1.0,0.3917,0.2617,1.0
0.5,0.0,10,copas,strong,adaptshrink_fast,80,1.0,0.0853,0.0955,0.887,0.3123,0.3239,0.95
0.5,0.0,10,copas,strong,adaptshrink_solo,80,1.0,0.0694,0.1123,0.825,0.561,0.4367,0.95
0.5,0.0,10,copas,strong,copas,80,1.0,0.0949,0.1034,0.475,0.1744,0.3439,0.975
0.5,0.0,10,copas,strong,dl_hksj,80,1.0,0.0961,0.1047,0.675,0.2174,0.3443,0.975
0.5,0.0,10,copas,strong,henmi_copas,80,1.0,0.0914,0.1,0.55,0.1971,0.3384,0.95
0.5,0.0,10,copas,strong,p_curve,80,1.0,0.0941,0.1054,0.525,0.2061,0.327,0.95
0.5,0.0,10,copas,strong,p_uniform_star,80,1.0,0.0887,0.0989,0.6,0.2866,0.3121,0.925
0.5,0.0,10,copas,strong,pet_peese,80,1.0,0.0666,0.0967,0.738,0.2736,0.4294,0.975
0.5,0.0,10,copas,strong,reml_hksj,80,1.0,0.0962,0.1048,0.675,0.2209,0.3434,0.975
0.5,0.0,10,copas,strong,trim_and_fill,80,1.0,-0.0108,0.0556,0.738,0.1198,0.259,0.975
0.5,0.0,10,copas,strong,ubcma,78,0.975,0.0189,0.079,0.974,0.3123,0.4062,1.0
0.5,0.0,10,copas,strong,vevea_hedges,80,1.0,0.0885,0.0981,0.625,0.232,0.3161,0.95
0.5,0.0,10,none,strong,adaptshrink_ens,80,1.0,-0.0047,0.0647,1.0,0.3749,0.2819,1.0
0.5,0.0,10,none,strong,adaptshrink_fast,80,1.0,0.0674,0.0815,0.925,0.336,0.266,0.825
0.5,0.0,10,none,strong,adaptshrink_solo,80,1.0,0.0609,0.1034,0.875,0.4246,0.4161,0.95
0.5,0.0,10,none,strong,copas,80,1.0,0.0693,0.0828,0.625,0.1672,0.2742,0.85
0.5,0.0,10,none,strong,dl_hksj,80,1.0,0.0693,0.083,0.775,0.2113,0.2586,0.825
0.5,0.0,10,none,strong,henmi_copas,80,1.0,0.066,0.0796,0.75,0.2031,0.2273,0.825
0.5,0.0,10,none,strong,p_curve,80,1.0,0.074,0.0909,0.688,0.2057,0.2767,0.875
0.5,0.0,10,none,strong,p_uniform_star,79,0.988,0.0682,0.0834,0.696,0.2012,0.2618,0.825
0.5,0.0,10,none,strong,pet_peese,80,1.0,0.0598,0.0941,0.762,0.2284,0.3227,0.875
0.5,0.0,10,none,strong,reml_hksj,80,1.0,0.0694,0.0829,0.775,0.2107,0.2647,0.85
0.5,0.0,10,none,strong,trim_and_fill,80,1.0,-0.0368,0.0827,0.5,0.1144,0.3165,0.9
0.5,0.0,10,none,strong,ubcma,80,1.0,0.0029,0.0731,0.95,0.2585,0.2683,0.95
0.5,0.0,10,none,strong,vevea_hedges,79,0.988,0.0685,0.0828,0.696,0.1993,0.2631,0.85
0.5,0.0,10,step,strong,adaptshrink_ens,80,1.0,0.008,0.0705,0.938,0.3959,0.2067,0.8
0.5,0.0,10,step,strong,adaptshrink_fast,80,1.0,0.066,0.0881,0.875,0.4087,0.2953,0.925
0.5,0.0,10,step,strong,adaptshrink_solo,80,1.0,0.0623,0.1168,0.812,0.4724,0.3976,0.9
0.5,0.0,10,step,strong,copas,80,1.0,0.0797,0.0898,0.463,0.165,0.2729,0.875
0.5,0.0,10,step,strong,dl_hksj,80,1.0,0.0807,0.091,0.625,0.2067,0.2663,0.875
0.5,0.0,10,step,strong,henmi_copas,80,1.0,0.0782,0.0905,0.562,0.1902,0.2582,0.85
0.5,0.0,10,step,strong,p_curve,80,1.0,0.0685,0.0833,0.7,0.2094,0.2771,0.95
0.5,0.0,10,step,strong,p_uniform_star,79,0.988,0.0627,0.09,0.595,0.2246,0.2861,0.9
0.5,0.0,10,step,strong,pet_peese,80,1.0,0.0632,0.1034,0.662,0.2357,0.3097,0.825
0.5,0.0,10,step,strong,reml_hksj,80,1.0,0.0812,0.0908,0.613,0.2088,0.2729,0.875
0.5,0.0,10,step,strong,trim_and_fill,80,1.0,-0.0192,0.0795,0.487,0.1164,0.2923,0.9
0.5,0.0,10,step,strong,ubcma,77,0.962,0.0076,0.0645,0.948,0.2853,0.2104,0.974
0.5,0.0,10,step,strong,vevea_hedges,76,0.95,0.0677,0.0896,0.592,0.2468,0.2945,0.947
0.5,0.0,40,copas,strong,adaptshrink_ens,80,1.0,0.0117,0.0312,1.0,0.2566,0.0847,0.675
0.5,0.0,40,copas,strong,adaptshrink_fast,80,1.0,0.0789,0.082,0.362,0.1458,0.2098,0.9
0.5,0.0,40,copas,strong,adaptshrink_solo,80,1.0,0.0554,0.0764,0.662,0.2123,0.2157,0.925
0.5,0.0,40,copas,strong,copas,80,1.0,0.0886,0.0908,0.0,0.0851,0.2195,0.925
0.5,0.0,40,copas,strong,dl_hksj,80,1.0,0.0883,0.0905,0.0,0.0875,0.2195,0.925
0.5,0.0,40,copas,strong,henmi_copas,80,1.0,0.0854,0.0879,0.037,0.0873,0.2201,0.95
0.5,0.0,40,copas,strong,p_curve,80,1.0,0.0871,0.0901,0.087,0.096,0.2351,0.9
0.5,0.0,40,copas,strong,p_uniform_star,80,1.0,0.0812,0.0842,0.05,0.0914,0.2175,0.925
0.5,0.0,40,copas,strong,pet_peese,80,1.0,0.0636,0.072,0.338,0.1016,0.198,0.85
0.5,0.0,40,copas,strong,reml_hksj,80,1.0,0.089,0.0911,0.0,0.0907,0.2195,0.925
0.5,0.0,40,copas,strong,trim_and_fill,80,1.0,-0.0277,0.0386,0.475,0.056,0.1366,0.95
0.5,0.0,40,copas,strong,ubcma,80,1.0,0.0153,0.0321,0.938,0.117,0.0885,0.725
0.5,0.0,40,copas,strong,vevea_hedges,80,1.0,0.081,0.0839,0.087,0.0924,0.2125,0.925
0.5,0.0,40,none,strong,adaptshrink_ens,80,1.0,-0.001,0.0347,1.0,0.2853,0.1317,0.95
0.5,0.0,40,none,strong,adaptshrink_fast,80,1.0,0.0663,0.0709,0.5,0.1397,0.208,0.925
0.5,0.0,40,none,strong,adaptshrink_solo,80,1.0,0.0722,0.0813,0.512,0.1781,0.2191,0.825
0.5,0.0,40,none,strong,copas,80,1.0,0.0656,0.0697,0.188,0.0855,0.1996,0.925
0.5,0.0,40,none,strong,dl_hksj,80,1.0,0.0655,0.0697,0.225,0.0905,0.1996,0.925
0.5,0.0,40,none,strong,henmi_copas,80,1.0,0.0673,0.0714,0.225,0.0938,0.2027,0.9
0.5,0.0,40,none,strong,p_curve,80,1.0,0.0671,0.0726,0.275,0.0974,0.2318,0.975
0.5,0.0,40,none,strong,p_uniform_star,80,1.0,0.0652,0.0699,0.275,0.0937,0.2114,0.95
0.5,0.0,40,none,strong,pet_peese,80,1.0,0.0706,0.0779,0.312,0.1,0.2168,0.8
0.5,0.0,40,none,strong,reml_hksj,80,1.0,0.0655,0.0697,0.237,0.0915,0.1996,0.925
0.5,0.0,40,none,strong,trim_and_fill,80,1.0,-0.0528,0.0674,0.2,0.0554,0.2463,1.0
0.5,0.0,40,none,strong,ubcma,80,1.0,-0.0018,0.0326,0.938,0.1116,0.1281,0.95
0.5,0.0,40,none,strong,vevea_hedges,80,1.0,0.0658,0.0703,0.237,0.0927,0.2083,0.95
0.5,0.0,40,step,strong,adaptshrink_ens,80,1.0,0.0133,0.0295,1.0,0.2843,0.0911,0.825
0.5,0.0,40,step,strong,adaptshrink_fast,80,1.0,0.0731,0.0775,0.375,0.1388,0.2307,0.925
0.5,0.0,40,step,strong,adaptshrink_solo,80,1.0,0.0689,0.0822,0.45,0.1812,0.2673,0.975
0.5,0.0,40,step,strong,copas,80,1.0,0.0843,0.0876,0.037,0.0835,0.2654,0.975
0.5,0.0,40,step,strong,dl_hksj,80,1.0,0.0841,0.0874,0.05,0.0856,0.259,0.975
0.5,0.0,40,step,strong,henmi_copas,80,1.0,0.0826,0.086,0.062,0.0865,0.2638,0.975
0.5,0.0,40,step,strong,p_curve,80,1.0,0.0727,0.0774,0.188,0.0962,0.2403,0.95
0.5,0.0,40,step,strong,p_uniform_star,80,1.0,0.0739,0.078,0.175,0.0916,0.2302,0.925
0.5,0.0,40,step,strong,pet_peese,80,1.0,0.0685,0.0771,0.312,0.1011,0.2586,0.95
0.5,0.0,40,step,strong,reml_hksj,80,1.0,0.0844,0.0877,0.05,0.0885,0.2654,0.975
0.5,0.0,40,step,strong,trim_and_fill,80,1.0,-0.0399,0.0519,0.3,0.0542,0.1857,0.975
0.5,0.0,40,step,strong,ubcma,80,1.0,0.0146,0.0296,0.95,0.115,0.0972,0.825
0.5,0.0,40,step,strong,vevea_hedges,80,1.0,0.0737,0.0779,0.188,0.0946,0.2302,0.925
0.5,0.1,10,copas,strong,adaptshrink_ens,80,1.0,0.0025,0.0926,0.938,0.4796,0.3816,0.925
0.5,0.1,10,copas,strong,adaptshrink_fast,80,1.0,0.0717,0.1177,0.85,0.6232,0.3903,0.95
0.5,0.1,10,copas,strong,adaptshrink_solo,80,1.0,0.0256,0.1524,0.838,0.7257,0.4203,0.9
0.5,0.1,10,copas,strong,copas,80,1.0,0.0998,0.1132,0.55,0.2135,0.3471,0.95
0.5,0.1,10,copas,strong,dl_hksj,80,1.0,0.1016,0.1144,0.725,0.2801,0.3541,0.95
0.5,0.1,10,copas,strong,henmi_copas,80,1.0,0.0863,0.1043,0.775,0.2929,0.3242,0.9
0.5,0.1,10,copas,strong,p_curve,80,1.0,0.0994,0.1185,0.588,0.2508,0.4173,1.0
0.5,0.1,10,copas,strong,p_uniform_star,79,0.988,0.085,0.1105,0.696,0.3026,0.384,0.95
0.5,0.1,10,copas,strong,pet_peese,80,1.0,0.0171,0.1653,0.637,0.2785,0.5299,0.875
0.5,0.1,10,copas,strong,reml_hksj,80,1.0,0.1014,0.1141,0.725,0.2787,0.3527,0.95
0.5,0.1,10,copas,strong,trim_and_fill,80,1.0,-0.0557,0.105,0.425,0.1186,0.3895,0.925
0.5,0.1,10,copas,strong,ubcma,79,0.988,0.0433,0.0967,0.835,0.3498,0.3181,0.846
0.5,0.1,10,copas,strong,vevea_hedges,76,0.95,0.0913,0.107,0.697,0.5931,0.3335,0.923
0.5,0.1,10,none,strong,adaptshrink_ens,80,1.0,0.0154,0.0898,0.988,0.4944,0.3116,0.9
0.5,0.1,10,none,strong,adaptshrink_fast,80,1.0,0.0802,0.1046,0.863,0.3942,0.3263,0.85
0.5,0.1,10,none,strong,adaptshrink_solo,80,1.0,0.0867,0.1539,0.875,0.624,0.6935,1.0
0.5,0.1,10,none,strong,copas,80,1.0,0.0749,0.094,0.637,0.198,0.2902,0.85
0.5,0.1,10,none,strong,dl_hksj,80,1.0,0.0756,0.0943,0.775,0.2507,0.2786,0.85
0.5,0.1,10,none,strong,henmi_copas,80,1.0,0.0795,0.1014,0.775,0.2641,0.3557,0.975
0.5,0.1,10,none,strong,p_curve,80,1.0,0.0926,0.1167,0.588,0.2315,0.3728,0.85
0.5,0.1,10,none,strong,p_uniform_star,78,0.975,0.0823,0.1043,0.667,0.2418,0.3332,0.842
0.5,0.1,10,none,strong,pet_peese,80,1.0,0.0772,0.1435,0.562,0.2566,0.6313,1.0
0.5,0.1,10,none,strong,reml_hksj,80,1.0,0.075,0.0943,0.762,0.2489,0.2874,0.85
0.5,0.1,10,none,strong,trim_and_fill,80,1.0,-0.0374,0.1095,0.35,0.1201,0.3943,0.975
0.5,0.1,10,none,strong,ubcma,77,0.962,0.0128,0.0892,0.896,0.3047,0.3157,0.947
0.5,0.1,10,none,strong,vevea_hedges,80,1.0,0.0803,0.1036,0.675,0.2787,0.3356,0.875
0.5,0.1,10,step,strong,adaptshrink_ens,80,1.0,-0.0092,0.0757,0.963,0.4311,0.3367,1.0
0.5,0.1,10,step,strong,adaptshrink_fast,80,1.0,0.056,0.0949,0.925,0.6446,0.342,0.975
0.5,0.1,10,step,strong,adaptshrink_solo,80,1.0,0.0498,0.1264,0.812,0.6597,0.4717,1.0
0.5,0.1,10,step,strong,copas,80,1.0,0.0824,0.0997,0.613,0.1977,0.3267,0.95
0.5,0.1,10,step,strong,dl_hksj,80,1.0,0.0831,0.1002,0.762,0.2485,0.3294,0.95
0.5,0.1,10,step,strong,henmi_copas,80,1.0,0.075,0.094,0.762,0.2521,0.3176,0.975
0.5,0.1,10,step,strong,p_curve,80,1.0,0.0658,0.0919,0.75,0.2448,0.3134,0.95
0.5,0.1,10,step,strong,p_uniform_star,79,0.988,0.0555,0.0888,0.772,0.3034,0.2936,0.925
0.5,0.1,10,step,strong,pet_peese,80,1.0,0.0356,0.1248,0.675,0.2637,0.5198,0.975
0.5,0.1,10,step,strong,reml_hksj,80,1.0,0.0838,0.1007,0.75,0.2503,0.3307,0.95
0.5,0.1,10,step,strong,trim_and_fill,80,1.0,-0.0601,0.1018,0.338,0.116,0.365,0.975
0.5,0.1,10,step,strong,ubcma,80,1.0,0.0153,0.0719,0.95,0.2857,0.2664,0.95
0.5,0.1,10,step,strong,vevea_hedges,71,0.888,0.0627,0.0887,0.789,0.3754,0.2936,0.944
0.5,0.1,40,copas,strong,adaptshrink_ens,80,1.0,0.0252,0.0544,1.0,0.3387,0.169,0.85
0.5,0.1,40,copas,strong,adaptshrink_fast,80,1.0,0.0864,0.0936,0.5,0.1801,0.2783,0.9
0.5,0.1,40,copas,strong,adaptshrink_solo,80,1.0,0.0646,0.0922,0.562,0.2638,0.2934,0.925
0.5,0.1,40,copas,strong,copas,80,1.0,0.0995,0.1049,0.075,0.1062,0.2968,0.925
0.5,0.1,40,copas,strong,dl_hksj,80,1.0,0.0997,0.1051,0.087,0.1123,0.2977,0.925
0.5,0.1,40,copas,strong,henmi_copas,80,1.0,0.0915,0.0985,0.263,0.1242,0.2921,0.9
0.5,0.1,40,copas,strong,p_curve,80,1.0,0.0984,0.1035,0.125,0.1114,0.3085,0.975
0.5,0.1,40,copas,strong,p_uniform_star,80,1.0,0.0893,0.0955,0.237,0.1189,0.268,0.9
0.5,0.1,40,copas,strong,pet_peese,80,1.0,0.0683,0.0856,0.362,0.1042,0.288,0.95
0.5,0.1,40,copas,strong,reml_hksj,80,1.0,0.0998,0.1053,0.087,0.1132,0.2986,0.925
0.5,0.1,40,copas,strong,trim_and_fill,80,1.0,-0.0562,0.0766,0.263,0.057,0.2911,0.975
0.5,0.1,40,copas,strong,ubcma,80,1.0,0.0316,0.0584,0.812,0.1524,0.2226,0.975
0.5,0.1,40,copas,strong,vevea_hedges,80,1.0,0.089,0.0953,0.263,0.1205,0.2776,0.9
0.5,0.1,40,none,strong,adaptshrink_ens,80,1.0,0.0066,0.0392,1.0,0.3738,0.1486,0.9
0.5,0.1,40,none,strong,adaptshrink_fast,80,1.0,0.0768,0.0834,0.613,0.1776,0.2492,0.95
0.5,0.1,40,none,strong,adaptshrink_solo,80,1.0,0.0802,0.1,0.562,0.2315,0.3268,0.925
0.5,0.1,40,none,strong,copas,80,1.0,0.0733,0.0786,0.2,0.1066,0.2502,1.0
0.5,0.1,40,none,strong,dl_hksj,80,1.0,0.0732,0.0784,0.237,0.114,0.2506,1.0
0.5,0.1,40,none,strong,henmi_copas,80,1.0,0.075,0.0817,0.35,0.1273,0.2482,0.975
0.5,0.1,40,none,strong,p_curve,80,1.0,0.0821,0.0875,0.188,0.1106,0.2596,0.9
0.5,0.1,40,none,strong,p_uniform_star,80,1.0,0.0752,0.0813,0.3,0.1301,0.2387,0.95
0.5,0.1,40,none,strong,pet_peese,80,1.0,0.0803,0.0953,0.325,0.0989,0.3158,0.925
0.5,0.1,40,none,strong,reml_hksj,80,1.0,0.0732,0.0785,0.237,0.114,0.2503,1.0
0.5,0.1,40,none,strong,trim_and_fill,80,1.0,-0.0778,0.0953,0.2,0.0548,0.3499,0.975
0.5,0.1,40,none,strong,ubcma,80,1.0,0.0066,0.0376,0.95,0.1469,0.1289,0.875
0.5,0.1,40,none,strong,vevea_hedges,80,1.0,0.0766,0.0826,0.287,0.1175,0.2485,0.95
0.5,0.1,40,step,strong,adaptshrink_ens,80,1.0,0.0047,0.0493,0.988,0.3398,0.1876,0.975
0.5,0.1,40,step,strong,adaptshrink_fast,80,1.0,0.0634,0.071,0.7,0.1941,0.2356,0.95
0.5,0.1,40,step,strong,adaptshrink_solo,80,1.0,0.0495,0.0823,0.713,0.3083,0.2802,1.0
0.5,0.1,40,step,strong,copas,80,1.0,0.0864,0.0899,0.138,0.1085,0.2615,0.95
0.5,0.1,40,step,strong,dl_hksj,80,1.0,0.0866,0.0901,0.15,0.1147,0.2614,0.95
0.5,0.1,40,step,strong,henmi_copas,80,1.0,0.0771,0.0824,0.412,0.1298,0.2635,1.0
0.5,0.1,40,step,strong,p_curve,80,1.0,0.0747,0.0806,0.25,0.1145,0.2522,0.95
0.5,0.1,40,step,strong,p_uniform_star,80,1.0,0.0651,0.0725,0.512,0.1312,0.248,0.975
0.5,0.1,40,step,strong,pet_peese,80,1.0,0.0514,0.069,0.438,0.101,0.2436,0.975
0.5,0.1,40,step,strong,reml_hksj,80,1.0,0.0867,0.0902,0.163,0.1148,0.2621,0.95
0.5,0.1,40,step,strong,trim_and_fill,80,1.0,-0.0824,0.093,0.062,0.0549,0.2998,0.925
0.5,0.1,40,step,strong,ubcma,80,1.0,0.0099,0.0511,0.863,0.1484,0.188,0.975
0.5,0.1,40,step,strong,vevea_hedges,80,1.0,0.0652,0.0724,0.525,0.138,0.2457,0.95
0.5,0.3,10,copas,strong,adaptshrink_ens,80,1.0,-0.052,0.2584,0.675,0.7155,1.0499,0.925
0.5,0.3,10,copas,strong,adaptshrink_fast,80,1.0,0.0574,0.2105,0.9,1.2973,0.7368,0.925
0.5,0.3,10,copas,strong,adaptshrink_solo,80,1.0,0.0166,0.3349,0.912,1.4909,1.2629,0.9
0.5,0.3,10,copas,strong,copas,80,1.0,0.1381,0.1707,0.675,0.3948,0.6841,0.975
0.5,0.3,10,copas,strong,dl_hksj,80,1.0,0.1391,0.1705,0.875,0.5516,0.6863,1.0
0.5,0.3,10,copas,strong,henmi_copas,80,1.0,0.093,0.1826,0.912,0.7011,0.7429,0.975
0.5,0.3,10,copas,strong,p_curve,80,1.0,0.1703,0.1997,0.5,0.3622,0.6937,0.975
0.5,0.3,10,copas,strong,p_uniform_star,80,1.0,0.0607,0.2435,0.787,1.0349,0.8439,0.95
0.5,0.3,10,copas,strong,pet_peese,80,1.0,-0.0173,0.3012,0.375,0.2645,1.0779,0.9
0.5,0.3,10,copas,strong,reml_hksj,80,1.0,0.1399,0.1714,0.838,0.5146,0.6897,1.0
0.5,0.3,10,copas,strong,trim_and_fill,80,1.0,-0.1868,0.316,0.1,0.1175,1.0512,0.875
0.5,0.3,10,copas,strong,ubcma,77,0.962,0.0985,0.2321,0.662,0.4753,0.8708,0.947
0.5,0.3,10,copas,strong,vevea_hedges,61,0.762,0.0933,0.1651,0.869,0.7383,0.637,0.931
0.5,0.3,10,none,strong,adaptshrink_ens,80,1.0,-0.0664,0.2476,0.75,0.8725,1.1157,0.975
0.5,0.3,10,none,strong,adaptshrink_fast,80,1.0,0.0698,0.1811,0.85,0.9248,0.711,0.95
0.5,0.3,10,none,strong,adaptshrink_solo,80,1.0,0.0434,0.3194,0.938,1.4684,1.839,1.0
0.5,0.3,10,none,strong,copas,80,1.0,0.0702,0.1335,0.825,0.381,0.4926,0.875
0.5,0.3,10,none,strong,dl_hksj,80,1.0,0.0698,0.1324,0.9,0.4941,0.4827,0.875
0.5,0.3,10,none,strong,henmi_copas,80,1.0,0.0578,0.1641,0.912,0.6172,0.6901,0.95
0.5,0.3,10,none,strong,p_curve,80,1.0,0.1686,0.2033,0.575,0.3491,0.6479,0.85
0.5,0.3,10,none,strong,p_uniform_star,80,1.0,0.0704,0.1751,0.8,0.5886,0.6994,0.975
0.5,0.3,10,none,strong,pet_peese,80,1.0,0.0178,0.2966,0.35,0.2517,1.2594,1.0
0.5,0.3,10,none,strong,reml_hksj,80,1.0,0.0704,0.1334,0.9,0.4682,0.4889,0.875
0.5,0.3,10,none,strong,trim_and_fill,80,1.0,-0.2174,0.3541,0.138,0.1171,1.3845,0.95
0.5,0.3,10,none,strong,ubcma,74,0.925,0.0215,0.1706,0.757,0.4585,0.5191,0.868
0.5,0.3,10,none,strong,vevea_hedges,76,0.95,0.0756,0.1715,0.816,0.579,0.6821,1.0
0.5,0.3,10,step,strong,adaptshrink_ens,80,1.0,0.0627,0.2257,0.787,0.6459,0.6043,0.775
0.5,0.3,10,step,strong,adaptshrink_fast,80,1.0,0.0898,0.2262,0.887,1.9551,0.7844,0.9
0.5,0.3,10,step,strong,adaptshrink_solo,80,1.0,0.1297,0.31,0.887,1.2905,0.8707,0.825
0.5,0.3,10,step,strong,copas,80,1.0,0.1583,0.1959,0.6,0.3459,0.7746,0.975
0.5,0.3,10,step,strong,dl_hksj,80,1.0,0.1583,0.1958,0.738,0.4719,0.7671,0.975
0.5,0.3,10,step,strong,henmi_copas,80,1.0,0.1485,0.2043,0.85,0.5728,0.595,0.825
0.5,0.3,10,step,strong,p_curve,80,1.0,0.1447,0.1908,0.562,0.3621,0.6086,0.9
0.5,0.3,10,step,strong,p_uniform_star,79,0.988,0.0026,0.4072,0.747,2.0444,1.2007,1.0
0.5,0.3,10,step,strong,pet_peese,80,1.0,0.0907,0.2982,0.35,0.2663,0.8496,0.8
0.5,0.3,10,step,strong,reml_hksj,80,1.0,0.1594,0.1964,0.7,0.4541,0.772,0.975
0.5,0.3,10,step,strong,trim_and_fill,80,1.0,-0.067,0.2187,0.1,0.1179,0.5556,0.725
0.5,0.3,10,step,strong,ubcma,76,0.95,0.1296,0.2378,0.684,0.4221,0.9337,0.947
0.5,0.3,10,step,strong,vevea_hedges,46,0.575,0.0644,0.4852,0.804,1.5722,0.8477,1.0
0.5,0.3,40,copas,strong,adaptshrink_ens,80,1.0,0.0094,0.1263,0.887,0.5279,0.3798,0.875
0.5,0.3,40,copas,strong,adaptshrink_fast,80,1.0,0.0961,0.1239,0.863,0.4661,0.4443,1.0
0.5,0.3,40,copas,strong,adaptshrink_solo,80,1.0,0.0334,0.1834,0.787,0.7119,0.4835,0.85
0.5,0.3,40,copas,strong,copas,80,1.0,0.1501,0.1592,0.188,0.2137,0.4645,0.95
0.5,0.3,40,copas,strong,dl_hksj,80,1.0,0.1509,0.1599,0.25,0.2373,0.4656,0.95
0.5,0.3,40,copas,strong,henmi_copas,80,1.0,0.1015,0.128,0.688,0.3012,0.4531,1.0
0.5,0.3,40,copas,strong,p_curve,80,1.0,0.1827,0.1899,0.037,0.1735,0.5629,0.975
0.5,0.3,40,copas,strong,p_uniform_star,80,1.0,0.1146,0.1398,0.625,0.3271,0.4995,1.0
0.5,0.3,40,copas,strong,pet_peese,80,1.0,0.0349,0.1505,0.275,0.1052,0.4959,0.9
0.5,0.3,40,copas,strong,reml_hksj,80,1.0,0.1505,0.1596,0.225,0.2271,0.4658,0.95
0.5,0.3,40,copas,strong,trim_and_fill,80,1.0,-0.215,0.2402,0.013,0.0572,0.7326,0.925
0.5,0.3,40,copas,strong,ubcma,77,0.962,0.0781,0.1296,0.792,0.3228,0.5005,0.9
0.5,0.3,40,copas,strong,vevea_hedges,80,1.0,0.0976,0.1259,0.725,0.3659,0.4346,1.0
0.5,0.3,40,none,strong,adaptshrink_ens,80,1.0,0.0132,0.0947,0.963,0.8241,0.2974,0.875
0.5,0.3,40,none,strong,adaptshrink_fast,80,1.0,0.0764,0.0987,0.9,0.4075,0.3602,0.975
0.5,0.3,40,none,strong,adaptshrink_solo,80,1.0,0.0755,0.1414,0.887,0.5597,0.5564,0.95
0.5,0.3,40,none,strong,copas,80,1.0,0.0745,0.0912,0.675,0.2059,0.3075,0.925
0.5,0.3,40,none,strong,dl_hksj,80,1.0,0.0743,0.0911,0.713,0.2227,0.3067,0.925
0.5,0.3,40,none,strong,henmi_copas,80,1.0,0.075,0.0977,0.838,0.2838,0.2935,0.875
0.5,0.3,40,none,strong,p_curve,80,1.0,0.1589,0.1664,0.1,0.1723,0.4953,0.975
0.5,0.3,40,none,strong,p_uniform_star,80,1.0,0.0753,0.1021,0.775,0.3084,0.3765,0.975
0.5,0.3,40,none,strong,pet_peese,80,1.0,0.075,0.1278,0.338,0.1002,0.4329,0.925
0.5,0.3,40,none,strong,reml_hksj,80,1.0,0.0745,0.0913,0.713,0.2164,0.3077,0.925
0.5,0.3,40,none,strong,trim_and_fill,80,1.0,-0.2645,0.2979,0.013,0.0543,0.8358,0.875
0.5,0.3,40,none,strong,ubcma,76,0.95,0.0349,0.0859,0.908,0.3371,0.2786,0.861
0.5,0.3,40,none,strong,vevea_hedges,80,1.0,0.0743,0.0986,0.8,0.3009,0.3477,0.975
0.5,0.3,40,step,strong,adaptshrink_ens,80,1.0,0.0431,0.1107,0.875,0.8025,0.4052,0.975
0.5,0.3,40,step,strong,adaptshrink_fast,80,1.0,0.098,0.1361,0.738,0.5335,0.4476,0.925
0.5,0.3,40,step,strong,adaptshrink_solo,80,1.0,0.0851,0.1828,0.662,0.6228,0.5591,0.875
0.5,0.3,40,step,strong,copas,80,1.0,0.1751,0.1827,0.075,0.1957,0.5191,0.925
0.5,0.3,40,step,strong,dl_hksj,80,1.0,0.1755,0.1831,0.087,0.2167,0.5192,0.925
0.5,0.3,40,step,strong,henmi_copas,80,1.0,0.1399,0.1605,0.425,0.2727,0.5364,0.95
0.5,0.3,40,step,strong,p_curve,80,1.0,0.1654,0.1765,0.138,0.1782,0.4977,0.875
0.5,0.3,40,step,strong,p_uniform_star,80,1.0,0.0798,0.1491,0.65,0.43,0.4565,0.9
0.5,0.3,40,step,strong,pet_peese,80,1.0,0.0952,0.1533,0.263,0.1063,0.6032,0.975
0.5,0.3,40,step,strong,reml_hksj,80,1.0,0.1754,0.1829,0.075,0.208,0.5191,0.925
0.5,0.3,40,step,strong,trim_and_fill,80,1.0,-0.1381,0.1589,0.075,0.0581,0.5617,0.975
0.5,0.3,40,step,strong,ubcma,68,0.85,0.0919,0.1336,0.632,0.3077,0.512,0.938
0.5,0.3,40,step,strong,vevea_hedges,76,0.95,0.0974,0.1378,0.75,0.4145,0.4442,0.921
