method,bias,rmse,coverage,interval_width,convergence_rate
copas,0.05581866902893702,0.07942331321014648,0.5866666666666667,0.1366894667232751,1.0
dl,0.05756031315969147,0.0808259911732912,0.5966666666666667,0.14359686159217167,1.0
dl_hksj,0.05756031315969147,0.0808259911732912,0.6333333333333333,0.16222343464454142,1.0
pet_peese,0.02340138322981255,0.09360394580313941,0.645,0.18656721604773865,1.0
quality_effects,0.044873907615116664,0.06691625301595307,0.6216666666666667,0.1288927461101387,1.0
reml,0.05752766072517209,0.08080732121512019,0.5933333333333334,0.1423730369984118,1.0
reml_hksj,0.05752766072517209,0.08080732121512019,0.6383333333333333,0.16170575785476313,1.0
trim_and_fill,-0.05580656550118538,0.09391689024081683,0.39,0.08567975647444409,1.0
ubcma,0.023012017543266004,0.06962794020620507,0.8883333333333333,0.22590429895027483,0.9766666666666667
