cell,strength,method,n,bias1,bias2,rmse,raw_cov,raw_area,mciw0_area,mciw0_cov,kappa,mciw_area,mciw_cov
k10_rho-0.4_p0.1,moderate,adaptshrink_dta,400,-0.2083,0.0185,0.3982,0.823,0.9503,1.1538,0.905,1.6,1.5427,0.93
k10_rho-0.4_p0.1,moderate,reitsma,400,-0.1969,0.0196,0.3959,0.805,0.8832,1.1384,0.895,1.865,1.6737,0.955
k10_rho-0.4_p0.1,moderate,reitsma_indep,400,-0.2331,0.0169,0.4116,0.782,0.8988,1.1644,0.885,1.724,1.5731,0.91
k10_rho-0.4_p0.1,moderate,reitsma_reml,400,-0.1867,0.026,0.3907,0.838,0.9593,1.1422,0.905,1.676,1.6395,0.955
k10_rho-0.4_p0.1,moderate,sep_univariate,400,-0.2262,0.0201,0.4054,0.815,0.9564,1.1207,0.89,1.457,1.421,0.91
k10_rho-0.4_p0.1,none,adaptshrink_dta,400,-0.3525,-0.065,0.4782,0.705,0.8751,1.7807,0.94,2.398,2.1234,0.94
k10_rho-0.4_p0.1,none,reitsma,400,-0.3469,-0.0644,0.4741,0.65,0.8147,1.7438,0.935,2.659,2.2019,0.935
k10_rho-0.4_p0.1,none,reitsma_indep,400,-0.3722,-0.0662,0.4946,0.65,0.8344,1.9157,0.945,2.784,2.3587,0.95
k10_rho-0.4_p0.1,none,reitsma_reml,400,-0.3388,-0.0589,0.4674,0.677,0.8848,1.6666,0.925,2.659,2.3897,0.94
k10_rho-0.4_p0.1,none,sep_univariate,400,-0.3652,-0.0624,0.4869,0.698,0.8984,1.905,0.955,2.425,2.2073,0.95
k10_rho-0.4_p0.1,strong,adaptshrink_dta,400,-0.036,0.1011,0.3537,0.868,1.0178,1.121,0.935,1.572,1.6218,0.965
k10_rho-0.4_p0.1,strong,reitsma,400,-0.0168,0.1024,0.3592,0.863,0.9253,1.1283,0.94,1.646,1.5324,0.955
k10_rho-0.4_p0.1,strong,reitsma_indep,400,-0.0726,0.0987,0.3579,0.845,0.9383,1.0772,0.935,1.63,1.5475,0.95
k10_rho-0.4_p0.1,strong,reitsma_reml,400,-0.0081,0.1095,0.361,0.873,0.9998,1.1814,0.935,1.482,1.4927,0.96
k10_rho-0.4_p0.1,strong,sep_univariate,400,-0.0704,0.1025,0.3572,0.87,0.9961,1.0937,0.935,1.624,1.643,0.955
k10_rho-0.4_p0.3,moderate,adaptshrink_dta,400,-0.0318,0.0276,0.31,0.873,0.7227,0.8856,0.945,1.579,1.1792,0.945
k10_rho-0.4_p0.3,moderate,reitsma,400,-0.0263,0.0288,0.3126,0.843,0.645,0.9033,0.945,1.955,1.2913,0.95
k10_rho-0.4_p0.3,moderate,reitsma_indep,400,-0.0464,0.0235,0.3095,0.863,0.6971,0.8779,0.955,1.719,1.2438,0.95
k10_rho-0.4_p0.3,moderate,reitsma_reml,400,-0.0151,0.0365,0.313,0.858,0.7204,0.9109,0.95,1.852,1.3624,0.955
k10_rho-0.4_p0.3,moderate,sep_univariate,400,-0.029,0.0296,0.3082,0.882,0.7885,0.897,0.955,1.416,1.1551,0.945
k10_rho-0.4_p0.3,none,adaptshrink_dta,400,-0.1504,-0.0605,0.3464,0.787,0.7156,1.1549,0.955,2.15,1.5226,0.955
k10_rho-0.4_p0.3,none,reitsma,400,-0.1488,-0.0609,0.3465,0.738,0.6449,1.1413,0.955,2.599,1.6602,0.95
k10_rho-0.4_p0.3,none,reitsma_indep,400,-0.1633,-0.0633,0.3527,0.76,0.6975,1.1653,0.945,2.312,1.5999,0.955
k10_rho-0.4_p0.3,none,reitsma_reml,400,-0.1379,-0.0541,0.3406,0.775,0.7201,1.1344,0.955,2.136,1.523,0.955
k10_rho-0.4_p0.3,none,sep_univariate,400,-0.1474,-0.058,0.3439,0.833,0.7882,1.1249,0.95,1.762,1.3737,0.95
k10_rho-0.4_p0.3,strong,adaptshrink_dta,400,0.0839,0.128,0.3478,0.853,0.7825,1.1619,0.96,1.864,1.5129,0.97
k10_rho-0.4_p0.3,strong,reitsma,400,0.09,0.1292,0.3528,0.765,0.6681,1.1605,0.955,2.32,1.6003,0.975
k10_rho-0.4_p0.3,strong,reitsma_indep,400,0.0618,0.1211,0.3407,0.833,0.7274,1.1129,0.96,1.926,1.4494,0.97
k10_rho-0.4_p0.3,strong,reitsma_reml,400,0.1018,0.1376,0.3592,0.772,0.7426,1.2454,0.955,2.225,1.7024,0.985
k10_rho-0.4_p0.3,strong,sep_univariate,400,0.0803,0.1296,0.3475,0.86,0.8376,1.152,0.955,1.699,1.4785,0.97
k10_rho-0.4_p0.5,moderate,adaptshrink_dta,400,0.0068,0.0326,0.3018,0.86,0.7056,0.7458,0.915,1.579,1.1522,0.945
k10_rho-0.4_p0.5,moderate,reitsma,400,0.0093,0.0343,0.3037,0.818,0.6178,0.7658,0.92,1.833,1.169,0.945
k10_rho-0.4_p0.5,moderate,reitsma_indep,400,-0.0019,0.0255,0.3001,0.855,0.6817,0.7225,0.9,1.599,1.1279,0.94
k10_rho-0.4_p0.5,moderate,reitsma_reml,400,0.0191,0.0437,0.3057,0.845,0.6923,0.7497,0.925,1.682,1.2012,0.945
k10_rho-0.4_p0.5,moderate,sep_univariate,400,0.0102,0.0357,0.303,0.885,0.7777,0.7375,0.91,1.411,1.1336,0.945
k10_rho-0.4_p0.5,none,adaptshrink_dta,400,-0.0865,-0.0743,0.3227,0.833,0.6874,0.8736,0.91,2.123,1.4499,0.95
k10_rho-0.4_p0.5,none,reitsma,400,-0.0859,-0.0754,0.324,0.785,0.6115,0.8831,0.915,2.229,1.3537,0.905
k10_rho-0.4_p0.5,none,reitsma_indep,400,-0.0938,-0.0786,0.3249,0.82,0.6801,0.8952,0.91,2.332,1.584,0.955
k10_rho-0.4_p0.5,none,reitsma_reml,400,-0.076,-0.0673,0.3201,0.807,0.6882,0.8418,0.91,2.014,1.3768,0.905
k10_rho-0.4_p0.5,none,sep_univariate,400,-0.0843,-0.07,0.3215,0.855,0.7681,0.8484,0.9,1.783,1.361,0.935
k10_rho-0.4_p0.5,strong,adaptshrink_dta,400,0.1065,0.1374,0.3501,0.81,0.7389,1.127,0.96,1.703,1.285,0.945
k10_rho-0.4_p0.5,strong,reitsma,400,0.1098,0.1404,0.3553,0.713,0.6227,1.1415,0.94,1.877,1.1881,0.92
k10_rho-0.4_p0.5,strong,reitsma_indep,400,0.0954,0.1259,0.34,0.81,0.6955,1.0279,0.935,1.877,1.3247,0.955
k10_rho-0.4_p0.5,strong,reitsma_reml,400,0.1197,0.1498,0.3628,0.725,0.6937,1.2014,0.94,1.868,1.3169,0.925
k10_rho-0.4_p0.5,strong,sep_univariate,400,0.1077,0.1378,0.35,0.835,0.7976,1.067,0.935,1.862,1.5209,0.975
k10_rho-0.8_p0.1,moderate,adaptshrink_dta,400,-0.204,0.0039,0.4044,0.848,1.0057,1.0418,0.875,1.612,1.6593,0.935
k10_rho-0.8_p0.1,moderate,reitsma,400,-0.1766,0.0058,0.3934,0.845,0.8818,0.9844,0.885,1.572,1.4112,0.92
k10_rho-0.8_p0.1,moderate,reitsma_indep,400,-0.2531,0.0008,0.4338,0.787,0.9027,1.1951,0.855,1.771,1.631,0.915
k10_rho-0.8_p0.1,moderate,reitsma_reml,400,-0.1687,0.0118,0.3897,0.855,0.9511,0.9741,0.885,1.423,1.3799,0.91
k10_rho-0.8_p0.1,moderate,sep_univariate,400,-0.2446,0.0041,0.4256,0.833,0.9687,1.2171,0.865,1.744,1.7334,0.945
k10_rho-0.8_p0.1,none,adaptshrink_dta,400,-0.34,-0.0625,0.467,0.748,0.92,1.8171,0.915,1.907,1.7685,0.925
k10_rho-0.8_p0.1,none,reitsma,400,-0.3179,-0.0603,0.4516,0.693,0.8177,1.6825,0.92,2.347,1.9427,0.935
k10_rho-0.8_p0.1,none,reitsma_indep,400,-0.3747,-0.0653,0.4945,0.682,0.8415,2.2095,0.925,2.639,2.2511,0.94
k10_rho-0.8_p0.1,none,reitsma_reml,400,-0.3113,-0.0551,0.4463,0.725,0.8804,1.5467,0.91,2.319,2.0661,0.955
k10_rho-0.8_p0.1,none,sep_univariate,400,-0.3677,-0.0621,0.4872,0.715,0.9026,2.1899,0.935,2.178,1.9821,0.96
k10_rho-0.8_p0.1,strong,adaptshrink_dta,400,-0.0625,0.067,0.3563,0.885,1.0701,0.9886,0.94,1.268,1.3875,0.925
k10_rho-0.8_p0.1,strong,reitsma,400,-0.0297,0.0692,0.3576,0.882,0.9231,1.1229,0.95,1.42,1.332,0.935
k10_rho-0.8_p0.1,strong,reitsma_indep,400,-0.1209,0.0629,0.3746,0.845,0.9358,0.9322,0.92,1.613,1.5455,0.93
k10_rho-0.8_p0.1,strong,reitsma_reml,400,-0.0207,0.0761,0.3593,0.897,0.9954,1.1555,0.955,1.277,1.291,0.935
k10_rho-0.8_p0.1,strong,sep_univariate,400,-0.1173,0.0676,0.3716,0.865,1.0007,0.9666,0.93,1.345,1.3882,0.91
k10_rho-0.8_p0.3,moderate,adaptshrink_dta,400,-0.0535,0.0092,0.3125,0.9,0.8031,0.8343,0.965,1.554,1.2905,0.96
k10_rho-0.8_p0.3,moderate,reitsma,400,-0.0379,0.0127,0.313,0.88,0.6329,0.8116,0.97,1.544,0.9978,0.95
k10_rho-0.8_p0.3,moderate,reitsma_indep,400,-0.0838,0.0013,0.3172,0.86,0.7368,0.8427,0.96,1.925,1.4791,0.97
k10_rho-0.8_p0.3,moderate,reitsma_reml,400,-0.0294,0.0189,0.3135,0.892,0.6915,0.8049,0.965,1.422,1.0062,0.965
k10_rho-0.8_p0.3,moderate,sep_univariate,400,-0.0658,0.0065,0.3138,0.88,0.8336,0.863,0.96,1.533,1.3307,0.965
k10_rho-0.8_p0.3,none,adaptshrink_dta,400,-0.1384,-0.0553,0.34,0.83,0.7597,1.1136,0.95,1.892,1.4382,0.965
k10_rho-0.8_p0.3,none,reitsma,400,-0.1258,-0.0521,0.335,0.752,0.6058,1.0521,0.95,1.983,1.2014,0.96
k10_rho-0.8_p0.3,none,reitsma_indep,400,-0.165,-0.0616,0.3543,0.757,0.7038,1.2589,0.945,2.426,1.7085,0.975
k10_rho-0.8_p0.3,none,reitsma_reml,400,-0.1178,-0.0466,0.3317,0.797,0.6646,1.0302,0.955,1.849,1.2289,0.96
k10_rho-0.8_p0.3,none,sep_univariate,400,-0.1485,-0.0567,0.3458,0.828,0.7963,1.1915,0.955,1.926,1.5344,0.97
k10_rho-0.8_p0.3,strong,adaptshrink_dta,400,0.0457,0.0769,0.3217,0.9,0.899,0.878,0.955,1.137,1.0603,0.945
k10_rho-0.8_p0.3,strong,reitsma,400,0.0641,0.0797,0.3313,0.855,0.6804,0.9018,0.935,1.488,1.0387,0.95
k10_rho-0.8_p0.3,strong,reitsma_indep,400,0.0071,0.0671,0.3152,0.875,0.7934,0.859,0.96,1.834,1.5128,0.97
k10_rho-0.8_p0.3,strong,reitsma_reml,400,0.0735,0.0865,0.3362,0.86,0.7404,0.9382,0.935,1.507,1.1446,0.955
k10_rho-0.8_p0.3,strong,sep_univariate,400,0.0277,0.0735,0.3183,0.89,0.9073,0.856,0.955,1.427,1.3529,0.96
k10_rho-0.8_p0.5,moderate,adaptshrink_dta,400,-0.0243,0.0297,0.3148,0.88,0.8069,0.7096,0.915,1.693,1.4065,0.945
k10_rho-0.8_p0.5,moderate,reitsma,400,-0.0159,0.0351,0.3162,0.855,0.6108,0.7277,0.925,1.67,1.037,0.945
k10_rho-0.8_p0.5,moderate,reitsma_indep,400,-0.0422,0.0158,0.3145,0.855,0.7474,0.6611,0.9,2.068,1.5865,0.94
k10_rho-0.8_p0.5,moderate,reitsma_reml,400,-0.0079,0.0425,0.3178,0.865,0.6728,0.7364,0.925,1.639,1.1201,0.955
k10_rho-0.8_p0.5,moderate,sep_univariate,400,-0.0316,0.0251,0.3159,0.87,0.8401,0.6762,0.905,1.767,1.5141,0.945
k10_rho-0.8_p0.5,none,adaptshrink_dta,400,-0.0852,-0.0682,0.3292,0.828,0.7263,0.8946,0.935,2.126,1.5436,0.96
k10_rho-0.8_p0.5,none,reitsma,400,-0.0781,-0.064,0.3275,0.762,0.5652,0.8105,0.925,2.734,1.5258,0.975
k10_rho-0.8_p0.5,none,reitsma_indep,400,-0.1001,-0.0792,0.3352,0.802,0.6866,0.9548,0.94,2.663,1.8218,0.97
k10_rho-0.8_p0.5,none,reitsma_reml,400,-0.0708,-0.0573,0.3251,0.805,0.6237,0.7943,0.93,2.408,1.4842,0.965
k10_rho-0.8_p0.5,none,sep_univariate,400,-0.0905,-0.0705,0.3317,0.845,0.7749,0.8925,0.935,2.25,1.7234,0.975
k10_rho-0.8_p0.5,strong,adaptshrink_dta,400,0.0583,0.1077,0.3401,0.887,0.863,0.8748,0.95,1.388,1.2462,0.95
k10_rho-0.8_p0.5,strong,reitsma,400,0.0675,0.1158,0.3471,0.84,0.6333,0.8877,0.935,1.63,1.0538,0.955
k10_rho-0.8_p0.5,strong,reitsma_indep,400,0.0377,0.0876,0.3286,0.855,0.7663,0.7731,0.95,1.593,1.2538,0.925
k10_rho-0.8_p0.5,strong,reitsma_reml,400,0.0764,0.1237,0.3521,0.848,0.6918,0.9338,0.935,1.611,1.1363,0.95
k10_rho-0.8_p0.5,strong,sep_univariate,400,0.049,0.1008,0.3358,0.877,0.8744,0.8073,0.95,1.548,1.3951,0.96
k10_rho0.0_p0.1,moderate,adaptshrink_dta,400,-0.1667,0.0388,0.3835,0.812,0.9148,1.2905,0.965,1.976,1.8294,0.98
k10_rho0.0_p0.1,moderate,reitsma,400,-0.1607,0.0392,0.3858,0.802,0.8672,1.3357,0.965,2.366,2.0762,0.99
k10_rho0.0_p0.1,moderate,reitsma_indep,400,-0.1815,0.0378,0.3883,0.802,0.8818,1.3192,0.965,2.002,1.7865,0.965
k10_rho0.0_p0.1,moderate,reitsma_reml,400,-0.1497,0.0456,0.3816,0.835,0.9477,1.3135,0.965,2.109,2.0242,0.985
k10_rho0.0_p0.1,moderate,sep_univariate,400,-0.1739,0.0417,0.3842,0.835,0.9485,1.3051,0.965,1.881,1.8139,0.98
k10_rho0.0_p0.1,none,adaptshrink_dta,400,-0.3433,-0.0726,0.4855,0.67,0.8745,1.7009,0.95,2.211,1.9544,0.935
k10_rho0.0_p0.1,none,reitsma,400,-0.3398,-0.0729,0.4856,0.65,0.8317,1.67,0.945,2.549,2.1456,0.935
k10_rho0.0_p0.1,none,reitsma_indep,400,-0.3579,-0.0733,0.4937,0.642,0.8431,1.7157,0.945,2.395,2.0492,0.93
k10_rho0.0_p0.1,none,reitsma_reml,400,-0.3303,-0.0672,0.4782,0.688,0.9076,1.679,0.95,2.342,2.1638,0.94
k10_rho0.0_p0.1,none,sep_univariate,400,-0.3498,-0.0704,0.4856,0.688,0.9079,1.7195,0.945,2.219,2.0535,0.945
k10_rho0.0_p0.1,strong,adaptshrink_dta,400,0.0034,0.1379,0.3719,0.855,0.9582,1.2122,0.925,1.993,1.9171,0.965
k10_rho0.0_p0.1,strong,reitsma,400,0.018,0.1387,0.3798,0.818,0.9003,1.2099,0.92,2.298,2.0809,0.975
k10_rho0.0_p0.1,strong,reitsma_indep,400,-0.0222,0.1362,0.3702,0.848,0.9053,1.2366,0.925,1.995,1.8219,0.97
k10_rho0.0_p0.1,strong,reitsma_reml,400,0.0275,0.1459,0.3827,0.833,0.9761,1.2874,0.92,2.076,2.0377,0.975
k10_rho0.0_p0.1,strong,sep_univariate,400,-0.0193,0.1423,0.371,0.855,0.9732,1.261,0.94,1.743,1.7175,0.95
k10_rho0.0_p0.3,moderate,adaptshrink_dta,400,0.0029,0.0597,0.3275,0.848,0.707,1.1413,0.95,1.664,1.2013,0.935
k10_rho0.0_p0.3,moderate,reitsma,400,0.0031,0.0594,0.3295,0.795,0.6528,1.1563,0.96,2.563,1.7098,0.965
k10_rho0.0_p0.3,moderate,reitsma_indep,400,-0.0045,0.057,0.3261,0.833,0.6931,1.1796,0.96,1.852,1.3084,0.935
k10_rho0.0_p0.3,moderate,reitsma_reml,400,0.0157,0.0675,0.333,0.828,0.7327,1.2031,0.955,2.133,1.5922,0.96
k10_rho0.0_p0.3,moderate,sep_univariate,400,0.0114,0.0633,0.3282,0.868,0.7878,1.1716,0.955,1.49,1.1941,0.925
k10_rho0.0_p0.3,none,adaptshrink_dta,400,-0.1326,-0.0659,0.3465,0.792,0.7109,1.0658,0.945,2.523,1.8478,0.955
k10_rho0.0_p0.3,none,reitsma,400,-0.1346,-0.0669,0.3483,0.723,0.6615,1.0678,0.945,2.871,1.9625,0.96
k10_rho0.0_p0.3,none,reitsma_indep,400,-0.1381,-0.0672,0.3488,0.77,0.7036,1.0783,0.945,2.401,1.7505,0.95
k10_rho0.0_p0.3,none,reitsma_reml,400,-0.1233,-0.0597,0.3432,0.77,0.7424,1.0417,0.95,2.262,1.7354,0.95
k10_rho0.0_p0.3,none,sep_univariate,400,-0.1238,-0.0618,0.3425,0.833,0.7939,1.0609,0.955,2.158,1.7766,0.965
k10_rho0.0_p0.3,strong,adaptshrink_dta,400,0.1284,0.1533,0.3788,0.785,0.725,1.419,0.955,1.92,1.3996,0.91
k10_rho0.0_p0.3,strong,reitsma,400,0.1318,0.1543,0.3824,0.728,0.661,1.4571,0.955,2.7,1.813,0.95
k10_rho0.0_p0.3,strong,reitsma_indep,400,0.1151,0.1496,0.3727,0.765,0.6933,1.3701,0.955,1.922,1.3408,0.9
k10_rho0.0_p0.3,strong,reitsma_reml,400,0.1436,0.163,0.3911,0.735,0.7361,1.5125,0.955,2.634,1.9734,0.955
k10_rho0.0_p0.3,strong,sep_univariate,400,0.1317,0.1583,0.3811,0.807,0.7925,1.5794,0.97,1.839,1.4745,0.92
k10_rho0.0_p0.5,moderate,adaptshrink_dta,400,0.0328,0.038,0.325,0.845,0.7022,1.0148,0.955,1.84,1.3075,0.95
k10_rho0.0_p0.5,moderate,reitsma,400,0.0324,0.0376,0.3264,0.802,0.6566,1.0773,0.96,1.996,1.3178,0.955
k10_rho0.0_p0.5,moderate,reitsma_indep,400,0.0299,0.0344,0.3232,0.845,0.6939,1.0031,0.945,1.763,1.2355,0.955
k10_rho0.0_p0.5,moderate,reitsma_reml,400,0.0429,0.0483,0.3297,0.833,0.7417,1.1153,0.965,1.734,1.293,0.955
k10_rho0.0_p0.5,moderate,sep_univariate,400,0.04,0.0457,0.3275,0.875,0.7866,1.0554,0.95,1.478,1.1704,0.955
k10_rho0.0_p0.5,none,adaptshrink_dta,400,-0.0773,-0.0901,0.3289,0.8,0.689,0.9031,0.92,2.548,1.7837,0.955
k10_rho0.0_p0.5,none,reitsma,400,-0.0795,-0.0918,0.3315,0.745,0.6383,0.9375,0.92,2.959,1.9144,0.94
k10_rho0.0_p0.5,none,reitsma_indep,400,-0.0795,-0.0925,0.3286,0.797,0.6892,0.9144,0.92,2.324,1.6237,0.95
k10_rho0.0_p0.5,none,reitsma_reml,400,-0.0705,-0.0822,0.327,0.795,0.7199,0.9337,0.93,2.74,1.9994,0.955
k10_rho0.0_p0.5,none,sep_univariate,400,-0.0715,-0.083,0.3259,0.845,0.7763,0.8181,0.895,1.656,1.3055,0.95
k10_rho0.0_p0.5,strong,adaptshrink_dta,400,0.1457,0.1573,0.3931,0.72,0.6905,1.5498,0.97,2.506,1.7556,0.975
k10_rho0.0_p0.5,strong,reitsma,400,0.1469,0.1591,0.3969,0.647,0.632,1.5391,0.975,3.12,1.9739,0.98
k10_rho0.0_p0.5,strong,reitsma_indep,400,0.1403,0.1509,0.3879,0.713,0.6682,1.5227,0.97,2.374,1.6132,0.965
k10_rho0.0_p0.5,strong,reitsma_reml,400,0.1585,0.1705,0.4072,0.665,0.7136,1.5878,0.97,2.926,2.0856,0.975
k10_rho0.0_p0.5,strong,sep_univariate,400,0.1542,0.1645,0.3996,0.743,0.7744,1.613,0.97,2.144,1.6849,0.965
k20_rho-0.4_p0.1,moderate,adaptshrink_dta,400,-0.2108,0.021,0.3112,0.81,0.461,0.7028,0.95,2.139,0.9827,0.97
k20_rho-0.4_p0.1,moderate,reitsma,400,-0.2072,0.0213,0.309,0.79,0.4364,0.7139,0.96,2.147,0.9344,0.96
k20_rho-0.4_p0.1,moderate,reitsma_indep,400,-0.2355,0.0188,0.329,0.76,0.4477,0.7714,0.945,2.31,1.0274,0.945
k20_rho-0.4_p0.1,moderate,reitsma_reml,400,-0.2014,0.0244,0.3054,0.81,0.456,0.718,0.96,2.12,0.9633,0.96
k20_rho-0.4_p0.1,moderate,sep_univariate,400,-0.2369,0.0197,0.3289,0.745,0.4552,0.7582,0.94,2.113,0.9535,0.95
k20_rho-0.4_p0.1,none,adaptshrink_dta,400,-0.3838,-0.0558,0.4496,0.445,0.4458,1.2986,0.95,3.257,1.4954,0.955
k20_rho-0.4_p0.1,none,reitsma,400,-0.3805,-0.0552,0.4472,0.403,0.4266,1.2934,0.955,3.627,1.5832,0.945
k20_rho-0.4_p0.1,none,reitsma_indep,400,-0.3994,-0.0575,0.4633,0.42,0.4373,1.3025,0.945,3.47,1.5655,0.95
k20_rho-0.4_p0.1,none,reitsma_reml,400,-0.3759,-0.0524,0.4428,0.432,0.4459,1.2696,0.95,3.555,1.6244,0.95
k20_rho-0.4_p0.1,none,sep_univariate,400,-0.3965,-0.0575,0.4595,0.435,0.4483,1.3163,0.945,3.286,1.5034,0.96
k20_rho-0.4_p0.1,strong,adaptshrink_dta,400,-0.0357,0.0981,0.264,0.887,0.5051,0.7562,0.975,1.747,0.8899,0.985
k20_rho-0.4_p0.1,strong,reitsma,400,-0.0279,0.0982,0.2656,0.87,0.4673,0.7792,0.985,1.763,0.8289,0.985
k20_rho-0.4_p0.1,strong,reitsma_indep,400,-0.0787,0.0952,0.272,0.843,0.4772,0.6642,0.955,1.821,0.8746,0.975
k20_rho-0.4_p0.1,strong,reitsma_reml,400,-0.0224,0.1015,0.2657,0.877,0.4869,0.7627,0.975,1.696,0.8301,0.985
k20_rho-0.4_p0.1,strong,sep_univariate,400,-0.0887,0.0965,0.2725,0.838,0.4791,0.6453,0.955,1.984,0.9582,0.985
k20_rho-0.4_p0.3,moderate,adaptshrink_dta,400,-0.0318,0.0216,0.2291,0.905,0.3779,0.3532,0.895,1.305,0.4944,0.95
k20_rho-0.4_p0.3,moderate,reitsma,400,-0.0315,0.0215,0.2289,0.873,0.3524,0.3589,0.895,1.405,0.4955,0.945
k20_rho-0.4_p0.3,moderate,reitsma_indep,400,-0.0446,0.0169,0.2313,0.882,0.3816,0.3472,0.885,1.218,0.4641,0.895
k20_rho-0.4_p0.3,moderate,reitsma_reml,400,-0.0254,0.0252,0.2288,0.892,0.3733,0.3571,0.9,1.309,0.4894,0.945
k20_rho-0.4_p0.3,moderate,sep_univariate,400,-0.0349,0.0199,0.2314,0.897,0.4085,0.3516,0.9,1.173,0.4782,0.91
k20_rho-0.4_p0.3,none,adaptshrink_dta,400,-0.1581,-0.057,0.2779,0.755,0.3789,0.7074,0.96,2.197,0.8338,0.945
k20_rho-0.4_p0.3,none,reitsma,400,-0.1585,-0.0571,0.2783,0.728,0.3584,0.7084,0.96,2.663,0.9503,0.94
k20_rho-0.4_p0.3,none,reitsma_indep,400,-0.1662,-0.0609,0.283,0.75,0.3858,0.728,0.955,2.169,0.8424,0.94
k20_rho-0.4_p0.3,none,reitsma_reml,400,-0.1526,-0.0537,0.2747,0.745,0.3804,0.696,0.96,2.436,0.9234,0.94
k20_rho-0.4_p0.3,none,sep_univariate,400,-0.1592,-0.0596,0.2798,0.775,0.4055,0.7097,0.955,2.091,0.8521,0.96
k20_rho-0.4_p0.3,strong,adaptshrink_dta,400,0.0894,0.1103,0.2733,0.838,0.3972,0.7585,0.95,1.902,0.7638,0.97
k20_rho-0.4_p0.3,strong,reitsma,400,0.0904,0.1098,0.2737,0.755,0.3506,0.7962,0.955,2.298,0.8072,0.965
k20_rho-0.4_p0.3,strong,reitsma_indep,400,0.0672,0.1026,0.2638,0.848,0.3906,0.7295,0.955,1.827,0.7199,0.945
k20_rho-0.4_p0.3,strong,reitsma_reml,400,0.0967,0.1138,0.2776,0.76,0.3706,0.818,0.955,2.277,0.8438,0.97
k20_rho-0.4_p0.3,strong,sep_univariate,400,0.0771,0.1068,0.2693,0.858,0.4204,0.7869,0.965,1.781,0.7554,0.955
k20_rho-0.4_p0.5,moderate,adaptshrink_dta,400,0.0118,0.0191,0.2209,0.895,0.3802,0.4116,0.94,1.373,0.5318,0.965
k20_rho-0.4_p0.5,moderate,reitsma,400,0.0107,0.0183,0.2206,0.88,0.3519,0.4134,0.945,1.574,0.5617,0.955
k20_rho-0.4_p0.5,moderate,reitsma_indep,400,0.0042,0.011,0.2201,0.892,0.3863,0.4082,0.955,1.413,0.5562,0.965
k20_rho-0.4_p0.5,moderate,reitsma_reml,400,0.0158,0.0232,0.2219,0.892,0.3737,0.4201,0.94,1.435,0.5439,0.955
k20_rho-0.4_p0.5,moderate,sep_univariate,400,0.009,0.0172,0.2235,0.902,0.412,0.4281,0.955,1.444,0.6016,0.97
k20_rho-0.4_p0.5,none,adaptshrink_dta,400,-0.0982,-0.0761,0.2567,0.777,0.3715,0.629,0.97,1.984,0.7463,0.96
k20_rho-0.4_p0.5,none,reitsma,400,-0.0991,-0.0767,0.257,0.743,0.3511,0.6353,0.97,2.374,0.8411,0.94
k20_rho-0.4_p0.5,none,reitsma_indep,400,-0.1034,-0.0819,0.2605,0.792,0.3792,0.6565,0.96,1.93,0.7421,0.96
k20_rho-0.4_p0.5,none,reitsma_reml,400,-0.0947,-0.0722,0.2546,0.772,0.3727,0.6487,0.97,2.218,0.8337,0.94
k20_rho-0.4_p0.5,none,sep_univariate,400,-0.1004,-0.078,0.26,0.802,0.3973,0.6441,0.955,2.0,0.8074,0.965
k20_rho-0.4_p0.5,strong,adaptshrink_dta,400,0.1096,0.1191,0.271,0.787,0.3899,0.7183,0.945,2.084,0.8367,0.975
k20_rho-0.4_p0.5,strong,reitsma,400,0.1091,0.1184,0.2711,0.695,0.3442,0.7372,0.945,2.634,0.9241,0.955
k20_rho-0.4_p0.5,strong,reitsma_indep,400,0.0967,0.1058,0.2591,0.823,0.3886,0.6633,0.945,1.8,0.7233,0.96
k20_rho-0.4_p0.5,strong,reitsma_reml,400,0.1143,0.1233,0.2757,0.693,0.365,0.7547,0.945,2.627,0.9774,0.955
k20_rho-0.4_p0.5,strong,sep_univariate,400,0.1031,0.1131,0.2667,0.83,0.4181,0.7113,0.95,1.756,0.7564,0.975
k20_rho-0.8_p0.1,moderate,adaptshrink_dta,400,-0.1965,0.0085,0.3013,0.86,0.4852,0.5757,0.9,1.505,0.7326,0.945
k20_rho-0.8_p0.1,moderate,reitsma,400,-0.1832,0.0095,0.2934,0.843,0.4343,0.5651,0.905,1.425,0.622,0.93
k20_rho-0.8_p0.1,moderate,reitsma_indep,400,-0.2478,0.0043,0.3374,0.76,0.4497,0.7003,0.895,1.976,0.8913,0.895
k20_rho-0.8_p0.1,moderate,reitsma_reml,400,-0.1796,0.0125,0.2911,0.855,0.4504,0.5252,0.895,1.36,0.6158,0.925
k20_rho-0.8_p0.1,moderate,sep_univariate,400,-0.2484,0.0052,0.336,0.77,0.4595,0.7082,0.905,1.998,0.9254,0.92
k20_rho-0.8_p0.1,none,adaptshrink_dta,400,-0.3603,-0.0572,0.4292,0.497,0.4627,1.3782,0.955,2.947,1.402,0.97
k20_rho-0.8_p0.1,none,reitsma,400,-0.344,-0.055,0.4165,0.435,0.4176,1.2731,0.935,2.909,1.2397,0.955
k20_rho-0.8_p0.1,none,reitsma_indep,400,-0.3995,-0.0615,0.4639,0.372,0.4336,1.5042,0.945,3.567,1.6017,0.96
k20_rho-0.8_p0.1,none,reitsma_reml,400,-0.3413,-0.0524,0.4138,0.45,0.4333,1.262,0.945,2.897,1.2827,0.96
k20_rho-0.8_p0.1,none,sep_univariate,400,-0.3966,-0.0616,0.4601,0.41,0.4439,1.4704,0.94,3.417,1.5526,0.97
k20_rho-0.8_p0.1,strong,adaptshrink_dta,400,-0.0317,0.0543,0.246,0.915,0.5272,0.3515,0.885,1.056,0.5658,0.905
k20_rho-0.8_p0.1,strong,reitsma,400,-0.0134,0.0547,0.2448,0.92,0.4619,0.4071,0.935,1.094,0.5119,0.915
k20_rho-0.8_p0.1,strong,reitsma_indep,400,-0.1007,0.0493,0.2655,0.84,0.4758,0.4276,0.895,1.408,0.675,0.88
k20_rho-0.8_p0.1,strong,reitsma_reml,400,-0.01,0.0579,0.2455,0.927,0.4778,0.4168,0.935,1.052,0.5095,0.915
k20_rho-0.8_p0.1,strong,sep_univariate,400,-0.1095,0.0499,0.2672,0.85,0.4762,0.4413,0.905,1.523,0.7299,0.9
k20_rho-0.8_p0.3,moderate,adaptshrink_dta,400,-0.0506,0.0056,0.2266,0.92,0.4037,0.3636,0.905,1.139,0.4665,0.93
k20_rho-0.8_p0.3,moderate,reitsma,400,-0.0468,0.006,0.2246,0.897,0.3294,0.3881,0.925,1.265,0.4203,0.915
k20_rho-0.8_p0.3,moderate,reitsma_indep,400,-0.0829,-0.005,0.2374,0.858,0.3949,0.412,0.915,1.424,0.5682,0.915
k20_rho-0.8_p0.3,moderate,reitsma_reml,400,-0.0424,0.0091,0.2243,0.91,0.3459,0.3609,0.925,1.186,0.4137,0.915
k20_rho-0.8_p0.3,moderate,sep_univariate,400,-0.0731,-0.0024,0.235,0.885,0.4222,0.3967,0.91,1.21,0.5166,0.92
k20_rho-0.8_p0.3,none,adaptshrink_dta,400,-0.1439,-0.0525,0.2727,0.79,0.3858,0.6868,0.97,2.046,0.801,0.975
k20_rho-0.8_p0.3,none,reitsma,400,-0.1395,-0.0507,0.27,0.688,0.3211,0.661,0.97,2.606,0.8399,0.965
k20_rho-0.8_p0.3,none,reitsma_indep,400,-0.1689,-0.0629,0.2883,0.757,0.3873,0.762,0.955,2.209,0.8682,0.94
k20_rho-0.8_p0.3,none,reitsma_reml,400,-0.1355,-0.048,0.2676,0.715,0.3384,0.6462,0.97,2.467,0.8373,0.96
k20_rho-0.8_p0.3,none,sep_univariate,400,-0.1618,-0.0615,0.2851,0.777,0.4074,0.7536,0.95,2.206,0.9132,0.95
k20_rho-0.8_p0.3,strong,adaptshrink_dta,400,0.0587,0.0624,0.2546,0.892,0.4398,0.5743,0.975,1.241,0.552,0.93
k20_rho-0.8_p0.3,strong,reitsma,400,0.0653,0.063,0.2561,0.828,0.3424,0.5742,0.955,1.647,0.5625,0.96
k20_rho-0.8_p0.3,strong,reitsma_indep,400,0.0172,0.0489,0.2452,0.858,0.4117,0.4773,0.965,1.5,0.6212,0.91
k20_rho-0.8_p0.3,strong,reitsma_reml,400,0.0696,0.0664,0.2584,0.828,0.3577,0.593,0.955,1.601,0.5707,0.96
k20_rho-0.8_p0.3,strong,sep_univariate,400,0.0278,0.0518,0.2474,0.87,0.4409,0.5115,0.965,1.423,0.6317,0.91
k20_rho-0.8_p0.5,moderate,adaptshrink_dta,400,-0.0132,0.0049,0.2302,0.907,0.3959,0.4009,0.935,1.214,0.4885,0.935
k20_rho-0.8_p0.5,moderate,reitsma,400,-0.0126,0.0058,0.2303,0.887,0.3108,0.4062,0.93,1.407,0.443,0.92
k20_rho-0.8_p0.5,moderate,reitsma_indep,400,-0.0322,-0.0136,0.2314,0.873,0.3941,0.3719,0.91,1.633,0.6509,0.94
k20_rho-0.8_p0.5,moderate,reitsma_reml,400,-0.009,0.0094,0.2306,0.89,0.327,0.4034,0.925,1.413,0.4683,0.925
k20_rho-0.8_p0.5,moderate,sep_univariate,400,-0.0276,-0.0085,0.2323,0.885,0.4175,0.3616,0.905,1.522,0.6391,0.945
k20_rho-0.8_p0.5,none,adaptshrink_dta,400,-0.0881,-0.0678,0.2502,0.833,0.3748,0.6077,0.95,1.901,0.7195,0.955
k20_rho-0.8_p0.5,none,reitsma,400,-0.0869,-0.066,0.2484,0.757,0.3071,0.5844,0.94,2.439,0.7525,0.95
k20_rho-0.8_p0.5,none,reitsma_indep,400,-0.1035,-0.0842,0.261,0.8,0.3808,0.6415,0.945,2.247,0.8648,0.96
k20_rho-0.8_p0.5,none,reitsma_reml,400,-0.0835,-0.0628,0.2467,0.775,0.3242,0.5734,0.94,2.321,0.7565,0.945
k20_rho-0.8_p0.5,none,sep_univariate,400,-0.1001,-0.0804,0.2602,0.815,0.3997,0.6236,0.935,2.056,0.8354,0.965
k20_rho-0.8_p0.5,strong,adaptshrink_dta,400,0.0617,0.0837,0.2575,0.877,0.4289,0.6234,0.935,1.391,0.61,0.955
k20_rho-0.8_p0.5,strong,reitsma,400,0.063,0.0848,0.2587,0.792,0.3224,0.6666,0.935,1.938,0.6303,0.945
k20_rho-0.8_p0.5,strong,reitsma_indep,400,0.0382,0.0619,0.2438,0.86,0.4126,0.5345,0.94,1.607,0.6757,0.955
k20_rho-0.8_p0.5,strong,reitsma_reml,400,0.0669,0.0886,0.2613,0.79,0.338,0.6792,0.935,1.883,0.6414,0.945
k20_rho-0.8_p0.5,strong,sep_univariate,400,0.0443,0.068,0.2481,0.863,0.4411,0.5361,0.94,1.611,0.724,0.96
k20_rho0.0_p0.1,moderate,adaptshrink_dta,400,-0.2111,0.0443,0.3092,0.792,0.4533,0.5918,0.9,1.705,0.7722,0.935
k20_rho0.0_p0.1,moderate,reitsma,400,-0.2105,0.0442,0.3096,0.782,0.4418,0.6156,0.925,1.681,0.7428,0.925
k20_rho0.0_p0.1,moderate,reitsma_indep,400,-0.2221,0.0435,0.3154,0.777,0.4467,0.6442,0.92,2.03,0.906,0.94
k20_rho0.0_p0.1,moderate,reitsma_reml,400,-0.205,0.0473,0.3063,0.8,0.4614,0.6286,0.935,1.67,0.7711,0.93
k20_rho0.0_p0.1,moderate,sep_univariate,400,-0.2241,0.0445,0.316,0.78,0.4536,0.6356,0.91,1.878,0.8476,0.935
k20_rho0.0_p0.1,none,adaptshrink_dta,400,-0.3823,-0.064,0.4538,0.425,0.4369,1.3728,0.91,3.248,1.3996,0.925
k20_rho0.0_p0.1,none,reitsma,400,-0.3827,-0.0643,0.4547,0.407,0.4264,1.3552,0.9,3.558,1.4975,0.935
k20_rho0.0_p0.1,none,reitsma_indep,400,-0.3895,-0.0645,0.4597,0.41,0.4329,1.3779,0.91,3.349,1.4288,0.925
k20_rho0.0_p0.1,none,reitsma_reml,400,-0.3774,-0.0616,0.4497,0.44,0.4463,1.3186,0.9,3.37,1.4849,0.935
k20_rho0.0_p0.1,none,sep_univariate,400,-0.3867,-0.0639,0.4561,0.422,0.444,1.4021,0.91,3.21,1.4025,0.925
k20_rho0.0_p0.1,strong,adaptshrink_dta,400,-0.0306,0.1418,0.2737,0.838,0.4712,0.7753,0.99,1.801,0.8306,0.985
k20_rho0.0_p0.1,strong,reitsma,400,-0.0282,0.1419,0.275,0.828,0.4556,0.8345,0.995,1.798,0.8017,0.985
k20_rho0.0_p0.1,strong,reitsma_indep,400,-0.0498,0.1405,0.2759,0.812,0.4576,0.7685,0.99,1.724,0.7739,0.97
k20_rho0.0_p0.1,strong,reitsma_reml,400,-0.0224,0.1454,0.2764,0.835,0.4746,0.8602,0.995,1.72,0.7995,0.985
k20_rho0.0_p0.1,strong,sep_univariate,400,-0.0576,0.1425,0.2776,0.805,0.463,0.7505,0.99,1.538,0.6983,0.965
k20_rho0.0_p0.3,moderate,adaptshrink_dta,400,-0.0205,0.0449,0.2177,0.91,0.3767,0.3815,0.935,1.352,0.516,0.935
k20_rho0.0_p0.3,moderate,reitsma,400,-0.0216,0.0441,0.2186,0.895,0.3652,0.3964,0.94,1.721,0.6377,0.965
k20_rho0.0_p0.3,moderate,reitsma_indep,400,-0.0248,0.0437,0.2172,0.907,0.3806,0.3969,0.945,1.368,0.5279,0.935
k20_rho0.0_p0.3,moderate,reitsma_reml,400,-0.0148,0.0479,0.2191,0.902,0.3874,0.3847,0.935,1.635,0.642,0.955
k20_rho0.0_p0.3,moderate,sep_univariate,400,-0.0153,0.0459,0.2169,0.92,0.4043,0.402,0.945,1.237,0.5026,0.95
k20_rho0.0_p0.3,none,adaptshrink_dta,400,-0.1574,-0.0678,0.2841,0.725,0.3736,0.7921,0.94,2.475,0.9236,0.965
k20_rho0.0_p0.3,none,reitsma,400,-0.1587,-0.0685,0.2854,0.703,0.3633,0.8002,0.94,2.554,0.9264,0.945
k20_rho0.0_p0.3,none,reitsma_indep,400,-0.1597,-0.0687,0.2856,0.74,0.378,0.7573,0.94,2.072,0.7806,0.935
k20_rho0.0_p0.3,none,reitsma_reml,400,-0.1523,-0.0649,0.2813,0.728,0.3861,0.7766,0.94,2.498,0.9636,0.955
k20_rho0.0_p0.3,none,sep_univariate,400,-0.1519,-0.0671,0.2821,0.765,0.3999,0.762,0.94,1.893,0.7492,0.935
k20_rho0.0_p0.3,strong,adaptshrink_dta,400,0.1046,0.1505,0.2763,0.735,0.3675,0.7581,0.965,2.396,0.8914,0.975
k20_rho0.0_p0.3,strong,reitsma,400,0.1046,0.1501,0.277,0.69,0.35,0.7618,0.96,2.484,0.8809,0.955
k20_rho0.0_p0.3,strong,reitsma_indep,400,0.0963,0.1473,0.2707,0.79,0.3687,0.7448,0.965,2.308,0.8615,0.97
k20_rho0.0_p0.3,strong,reitsma_reml,400,0.1116,0.1544,0.2821,0.703,0.371,0.7932,0.96,2.427,0.9122,0.955
k20_rho0.0_p0.3,strong,sep_univariate,400,0.1057,0.1509,0.2763,0.797,0.3939,0.7723,0.96,2.25,0.8904,0.975
k20_rho0.0_p0.5,moderate,adaptshrink_dta,400,0.0426,0.0277,0.2161,0.905,0.36,0.373,0.91,1.171,0.4233,0.935
k20_rho0.0_p0.5,moderate,reitsma,400,0.0416,0.0269,0.2162,0.892,0.3483,0.3724,0.905,1.288,0.4509,0.93
k20_rho0.0_p0.5,moderate,reitsma_indep,400,0.0405,0.0257,0.2148,0.905,0.3652,0.3594,0.905,1.253,0.4588,0.945
k20_rho0.0_p0.5,moderate,reitsma_reml,400,0.0468,0.0321,0.2182,0.897,0.3702,0.3829,0.92,1.26,0.4686,0.93
k20_rho0.0_p0.5,moderate,sep_univariate,400,0.0461,0.0308,0.218,0.922,0.3907,0.3734,0.91,1.113,0.4359,0.925
k20_rho0.0_p0.5,none,adaptshrink_dta,400,-0.0908,-0.088,0.2535,0.812,0.373,0.5874,0.925,1.952,0.7277,0.94
k20_rho0.0_p0.5,none,reitsma,400,-0.0916,-0.0889,0.2545,0.795,0.3644,0.6195,0.93,2.283,0.8323,0.945
k20_rho0.0_p0.5,none,reitsma_indep,400,-0.0922,-0.0896,0.2541,0.823,0.378,0.5904,0.925,2.042,0.7715,0.95
k20_rho0.0_p0.5,none,reitsma_reml,400,-0.0869,-0.0841,0.2516,0.823,0.387,0.5999,0.93,2.201,0.8525,0.955
k20_rho0.0_p0.5,none,sep_univariate,400,-0.0882,-0.0856,0.2526,0.84,0.3991,0.5686,0.92,1.842,0.7308,0.945
k20_rho0.0_p0.5,strong,adaptshrink_dta,400,0.1543,0.147,0.2983,0.69,0.3543,0.8599,0.965,2.272,0.8051,0.955
k20_rho0.0_p0.5,strong,reitsma,400,0.1538,0.1467,0.2981,0.637,0.337,0.8364,0.965,2.728,0.9168,0.955
k20_rho0.0_p0.5,strong,reitsma_indep,400,0.1496,0.1423,0.2932,0.708,0.3569,0.8579,0.97,2.082,0.7431,0.96
k20_rho0.0_p0.5,strong,reitsma_reml,400,0.1594,0.1523,0.3041,0.645,0.3582,0.8624,0.965,2.63,0.9389,0.95
k20_rho0.0_p0.5,strong,sep_univariate,400,0.1561,0.1493,0.3011,0.725,0.3859,0.8616,0.965,1.92,0.7397,0.935
k40_rho-0.4_p0.1,moderate,adaptshrink_dta,400,-0.2439,0.0254,0.2961,0.575,0.2298,0.5291,0.915,2.586,0.6023,0.915
k40_rho-0.4_p0.1,moderate,reitsma,400,-0.2431,0.0254,0.2961,0.562,0.2215,0.5295,0.915,2.688,0.6013,0.92
k40_rho-0.4_p0.1,moderate,reitsma_indep,400,-0.2653,0.0231,0.3136,0.525,0.2277,0.5887,0.92,3.254,0.7504,0.95
k40_rho-0.4_p0.1,moderate,reitsma_reml,400,-0.24,0.0269,0.2937,0.573,0.2265,0.5208,0.91,2.617,0.5991,0.93
k40_rho-0.4_p0.1,moderate,sep_univariate,400,-0.2739,0.0227,0.32,0.497,0.2243,0.5846,0.9,3.159,0.7215,0.94
k40_rho-0.4_p0.1,none,adaptshrink_dta,400,-0.3966,-0.0585,0.4278,0.11,0.223,1.0221,0.895,4.605,1.035,0.945
k40_rho-0.4_p0.1,none,reitsma,400,-0.3951,-0.0581,0.4265,0.102,0.2174,1.016,0.9,4.717,1.0334,0.935
k40_rho-0.4_p0.1,none,reitsma_indep,400,-0.409,-0.0606,0.4395,0.117,0.2227,1.0872,0.905,4.697,1.0523,0.95
k40_rho-0.4_p0.1,none,reitsma_reml,400,-0.3923,-0.0567,0.4237,0.115,0.2226,1.013,0.9,4.663,1.0465,0.945
k40_rho-0.4_p0.1,none,sep_univariate,400,-0.4106,-0.0615,0.4408,0.1,0.2217,1.0988,0.885,4.524,1.0044,0.91
k40_rho-0.4_p0.1,strong,adaptshrink_dta,400,-0.066,0.1026,0.211,0.82,0.2473,0.3359,0.915,1.589,0.3983,0.935
k40_rho-0.4_p0.1,strong,reitsma,400,-0.0635,0.1023,0.2123,0.805,0.2327,0.3368,0.92,1.533,0.3604,0.92
k40_rho-0.4_p0.1,strong,reitsma_indep,400,-0.1082,0.0994,0.2243,0.765,0.2384,0.3254,0.91,1.981,0.4787,0.94
k40_rho-0.4_p0.1,strong,reitsma_reml,400,-0.0609,0.1039,0.2121,0.812,0.2373,0.3444,0.92,1.524,0.3655,0.915
k40_rho-0.4_p0.1,strong,sep_univariate,400,-0.125,0.1001,0.2315,0.743,0.2334,0.3387,0.92,2.101,0.5003,0.94
k40_rho-0.4_p0.3,moderate,adaptshrink_dta,400,-0.0566,0.0113,0.1555,0.907,0.1892,0.1937,0.925,1.238,0.2365,0.935
k40_rho-0.4_p0.3,moderate,reitsma,400,-0.0585,0.0105,0.1566,0.887,0.1822,0.1956,0.92,1.349,0.2472,0.94
k40_rho-0.4_p0.3,moderate,reitsma_indep,400,-0.0655,0.0068,0.157,0.922,0.1956,0.2073,0.935,1.336,0.265,0.945
k40_rho-0.4_p0.3,moderate,reitsma_reml,400,-0.0554,0.0123,0.1556,0.897,0.1876,0.1922,0.925,1.282,0.2418,0.935
k40_rho-0.4_p0.3,moderate,sep_univariate,400,-0.0601,0.0081,0.1555,0.93,0.2032,0.1973,0.925,1.12,0.2306,0.94
k40_rho-0.4_p0.3,none,adaptshrink_dta,400,-0.1834,-0.0731,0.245,0.52,0.1923,0.4725,0.92,3.04,0.5943,0.96
k40_rho-0.4_p0.3,none,reitsma,400,-0.1836,-0.0731,0.2453,0.485,0.1878,0.4671,0.915,3.113,0.5931,0.955
k40_rho-0.4_p0.3,none,reitsma_indep,400,-0.1905,-0.077,0.2515,0.568,0.1978,0.4995,0.925,2.693,0.5418,0.955
k40_rho-0.4_p0.3,none,reitsma_reml,400,-0.1808,-0.0715,0.2428,0.522,0.1933,0.4598,0.915,2.938,0.5761,0.955
k40_rho-0.4_p0.3,none,sep_univariate,400,-0.1861,-0.0767,0.2485,0.595,0.2035,0.479,0.92,2.413,0.4971,0.95
k40_rho-0.4_p0.3,strong,adaptshrink_dta,400,0.0668,0.1052,0.1965,0.75,0.1899,0.3728,0.98,1.946,0.3706,0.975
k40_rho-0.4_p0.3,strong,reitsma,400,0.0641,0.1038,0.1955,0.69,0.1771,0.3696,0.98,2.251,0.3996,0.97
k40_rho-0.4_p0.3,strong,reitsma_indep,400,0.0495,0.0974,0.1855,0.868,0.1957,0.3374,0.98,1.771,0.3483,0.97
k40_rho-0.4_p0.3,strong,reitsma_reml,400,0.0672,0.1058,0.1975,0.688,0.1822,0.3785,0.98,2.258,0.4126,0.97
k40_rho-0.4_p0.3,strong,sep_univariate,400,0.0559,0.0992,0.1884,0.877,0.2044,0.3524,0.985,1.811,0.3709,0.975
k40_rho-0.4_p0.5,moderate,adaptshrink_dta,400,-0.0043,-0.0027,0.1445,0.945,0.1889,0.1654,0.925,1.116,0.2121,0.955
k40_rho-0.4_p0.5,moderate,reitsma,400,-0.0055,-0.0038,0.1444,0.932,0.1822,0.1652,0.93,1.108,0.2032,0.94
k40_rho-0.4_p0.5,moderate,reitsma_indep,400,-0.0104,-0.0092,0.1448,0.948,0.1957,0.1626,0.92,1.004,0.198,0.95
k40_rho-0.4_p0.5,moderate,reitsma_reml,400,-0.0032,-0.0015,0.1444,0.938,0.1875,0.1639,0.93,1.09,0.2056,0.945
k40_rho-0.4_p0.5,moderate,sep_univariate,400,-0.0079,-0.0058,0.1458,0.95,0.2036,0.1582,0.91,0.967,0.1978,0.94
k40_rho-0.4_p0.5,none,adaptshrink_dta,400,-0.1156,-0.0943,0.2089,0.677,0.1897,0.3923,0.93,2.126,0.4035,0.93
k40_rho-0.4_p0.5,none,reitsma,400,-0.1161,-0.0949,0.2094,0.645,0.1851,0.3946,0.93,2.149,0.3975,0.915
k40_rho-0.4_p0.5,none,reitsma_indep,400,-0.1204,-0.0992,0.2138,0.72,0.1958,0.4101,0.92,2.02,0.3959,0.95
k40_rho-0.4_p0.5,none,reitsma_reml,400,-0.114,-0.0928,0.2074,0.675,0.1905,0.3873,0.93,2.037,0.3878,0.915
k40_rho-0.4_p0.5,none,sep_univariate,400,-0.1188,-0.0972,0.2128,0.748,0.201,0.4063,0.93,1.861,0.3749,0.935
k40_rho-0.4_p0.5,strong,adaptshrink_dta,400,0.0978,0.099,0.2032,0.682,0.1862,0.3567,0.91,2.016,0.3777,0.93
k40_rho-0.4_p0.5,strong,reitsma,400,0.0961,0.0974,0.2017,0.635,0.1742,0.3604,0.925,2.514,0.4423,0.935
k40_rho-0.4_p0.5,strong,reitsma_indep,400,0.0874,0.0871,0.192,0.825,0.1933,0.3341,0.915,1.496,0.2905,0.935
k40_rho-0.4_p0.5,strong,reitsma_reml,400,0.0984,0.0997,0.2041,0.635,0.1793,0.3677,0.92,2.495,0.4518,0.94
k40_rho-0.4_p0.5,strong,sep_univariate,400,0.091,0.0918,0.197,0.828,0.2033,0.3401,0.905,1.438,0.2935,0.93
k40_rho-0.8_p0.1,moderate,adaptshrink_dta,400,-0.2195,0.0021,0.2743,0.69,0.2433,0.454,0.92,2.202,0.5364,0.935
k40_rho-0.8_p0.1,moderate,reitsma,400,-0.2103,0.0027,0.269,0.66,0.2199,0.43,0.91,2.282,0.504,0.915
k40_rho-0.8_p0.1,moderate,reitsma_indep,400,-0.2742,-0.0034,0.319,0.517,0.2315,0.6139,0.94,3.196,0.7457,0.955
k40_rho-0.8_p0.1,moderate,reitsma_reml,400,-0.2086,0.0041,0.2677,0.667,0.2238,0.4255,0.92,2.273,0.5111,0.92
k40_rho-0.8_p0.1,moderate,sep_univariate,400,-0.2813,-0.0034,0.3245,0.492,0.2293,0.6426,0.945,3.333,0.7718,0.95
k40_rho-0.8_p0.1,none,adaptshrink_dta,400,-0.3676,-0.056,0.4017,0.117,0.2305,1.0205,0.885,3.744,0.8727,0.925
k40_rho-0.8_p0.1,none,reitsma,400,-0.3573,-0.0546,0.3925,0.092,0.2121,1.0294,0.895,4.291,0.9187,0.93
k40_rho-0.8_p0.1,none,reitsma_indep,400,-0.4084,-0.0613,0.44,0.09,0.2228,1.1565,0.88,4.726,1.0613,0.94
k40_rho-0.8_p0.1,none,reitsma_reml,400,-0.3558,-0.0533,0.3909,0.098,0.2162,1.0301,0.895,4.265,0.9308,0.93
k40_rho-0.8_p0.1,none,sep_univariate,400,-0.4104,-0.062,0.4414,0.068,0.2221,1.1962,0.885,4.717,1.0541,0.955
k40_rho-0.8_p0.1,strong,adaptshrink_dta,400,-0.0563,0.0552,0.1854,0.91,0.2626,0.2579,0.97,1.18,0.3112,0.95
k40_rho-0.8_p0.1,strong,reitsma,400,-0.0461,0.0548,0.1857,0.907,0.2328,0.2737,0.975,1.187,0.2776,0.95
k40_rho-0.8_p0.1,strong,reitsma_indep,400,-0.1336,0.0492,0.2182,0.81,0.2427,0.2982,0.955,2.02,0.4932,0.955
k40_rho-0.8_p0.1,strong,reitsma_reml,400,-0.0445,0.0563,0.1858,0.917,0.2366,0.2693,0.975,1.168,0.2775,0.95
k40_rho-0.8_p0.1,strong,sep_univariate,400,-0.1494,0.0494,0.2274,0.792,0.2367,0.3076,0.955,2.422,0.5802,0.97
k40_rho-0.8_p0.3,moderate,adaptshrink_dta,400,-0.0581,-0.0158,0.1698,0.875,0.191,0.2407,0.925,1.327,0.2586,0.93
k40_rho-0.8_p0.3,moderate,reitsma,400,-0.058,-0.0167,0.1704,0.823,0.163,0.2212,0.895,1.44,0.2392,0.905
k40_rho-0.8_p0.3,moderate,reitsma_indep,400,-0.088,-0.0275,0.1818,0.843,0.1992,0.2633,0.91,1.674,0.3428,0.92
k40_rho-0.8_p0.3,moderate,reitsma_reml,400,-0.0558,-0.0153,0.1695,0.835,0.1672,0.2157,0.9,1.388,0.2366,0.905
k40_rho-0.8_p0.3,moderate,sep_univariate,400,-0.0818,-0.0273,0.1793,0.855,0.2059,0.2418,0.895,1.622,0.3424,0.925
k40_rho-0.8_p0.3,none,adaptshrink_dta,400,-0.1644,-0.0639,0.2297,0.535,0.1863,0.4667,0.915,2.403,0.4545,0.94
k40_rho-0.8_p0.3,none,reitsma,400,-0.1627,-0.0634,0.2282,0.407,0.1639,0.4614,0.91,2.986,0.4941,0.93
k40_rho-0.8_p0.3,none,reitsma_indep,400,-0.1898,-0.0757,0.2521,0.57,0.1979,0.5767,0.925,2.524,0.5083,0.95
k40_rho-0.8_p0.3,none,reitsma_reml,400,-0.1607,-0.0621,0.2265,0.432,0.1684,0.4538,0.915,2.823,0.4802,0.93
k40_rho-0.8_p0.3,none,sep_univariate,400,-0.1855,-0.0755,0.2491,0.593,0.2033,0.5613,0.93,2.313,0.4768,0.95
k40_rho-0.8_p0.3,strong,adaptshrink_dta,400,0.0442,0.0468,0.173,0.91,0.2084,0.2526,0.955,1.276,0.2728,0.96
k40_rho-0.8_p0.3,strong,reitsma,400,0.0451,0.0452,0.1741,0.838,0.1676,0.2574,0.945,1.606,0.2763,0.94
k40_rho-0.8_p0.3,strong,reitsma_indep,400,0.0046,0.0331,0.1601,0.895,0.2068,0.2079,0.955,1.259,0.269,0.93
k40_rho-0.8_p0.3,strong,reitsma_reml,400,0.0472,0.0467,0.175,0.843,0.1714,0.2639,0.95,1.614,0.2843,0.945
k40_rho-0.8_p0.3,strong,sep_univariate,400,0.0111,0.0339,0.1612,0.91,0.2142,0.2144,0.96,1.224,0.2709,0.935
k40_rho-0.8_p0.5,moderate,adaptshrink_dta,400,-0.0228,-0.0103,0.1523,0.943,0.1875,0.1882,0.955,1.263,0.2406,0.975
k40_rho-0.8_p0.5,moderate,reitsma,400,-0.025,-0.0122,0.1531,0.905,0.1568,0.1819,0.95,1.325,0.2098,0.965
k40_rho-0.8_p0.5,moderate,reitsma_indep,400,-0.0409,-0.029,0.1574,0.902,0.1989,0.2225,0.955,1.346,0.2719,0.96
k40_rho-0.8_p0.5,moderate,reitsma_reml,400,-0.0233,-0.0104,0.1528,0.91,0.1611,0.185,0.95,1.28,0.2083,0.965
k40_rho-0.8_p0.5,moderate,sep_univariate,400,-0.0391,-0.0266,0.1577,0.915,0.205,0.2245,0.955,1.273,0.2646,0.945
k40_rho-0.8_p0.5,none,adaptshrink_dta,400,-0.1037,-0.0818,0.1997,0.708,0.1796,0.3866,0.895,2.054,0.369,0.91
k40_rho-0.8_p0.5,none,reitsma,400,-0.1046,-0.083,0.2005,0.568,0.1573,0.3986,0.905,2.659,0.4186,0.9
k40_rho-0.8_p0.5,none,reitsma_indep,400,-0.1205,-0.0982,0.2163,0.725,0.1953,0.4825,0.9,2.002,0.3918,0.945
k40_rho-0.8_p0.5,none,reitsma_reml,400,-0.103,-0.0813,0.199,0.585,0.1618,0.3902,0.905,2.535,0.4106,0.89
k40_rho-0.8_p0.5,none,sep_univariate,400,-0.119,-0.0962,0.2153,0.745,0.2003,0.4667,0.9,1.829,0.3673,0.935
k40_rho-0.8_p0.5,strong,adaptshrink_dta,400,0.0543,0.0653,0.1785,0.88,0.2013,0.2906,0.93,1.282,0.2635,0.96
k40_rho-0.8_p0.5,strong,reitsma,400,0.052,0.0634,0.1772,0.777,0.1574,0.2937,0.94,1.774,0.283,0.93
k40_rho-0.8_p0.5,strong,reitsma_indep,400,0.032,0.041,0.1634,0.91,0.2042,0.2056,0.915,1.309,0.2731,0.965
k40_rho-0.8_p0.5,strong,reitsma_reml,400,0.0538,0.0652,0.1786,0.775,0.1611,0.2993,0.94,1.795,0.2933,0.93
k40_rho-0.8_p0.5,strong,sep_univariate,400,0.0346,0.0438,0.1657,0.907,0.2112,0.2234,0.92,1.25,0.2694,0.97
k40_rho0.0_p0.1,moderate,adaptshrink_dta,400,-0.2313,0.0346,0.2829,0.613,0.227,0.5916,0.955,2.827,0.6401,0.94
k40_rho0.0_p0.1,moderate,reitsma,400,-0.232,0.0344,0.2837,0.603,0.2244,0.5923,0.95,2.811,0.6294,0.93
k40_rho0.0_p0.1,moderate,reitsma_indep,400,-0.2377,0.0342,0.2876,0.59,0.2264,0.6008,0.95,2.81,0.6348,0.94
k40_rho0.0_p0.1,moderate,reitsma_reml,400,-0.2281,0.036,0.2807,0.635,0.2298,0.5811,0.95,2.788,0.6395,0.945
k40_rho0.0_p0.1,moderate,sep_univariate,400,-0.2466,0.0345,0.2941,0.562,0.2239,0.5937,0.945,2.699,0.6014,0.925
k40_rho0.0_p0.1,none,adaptshrink_dta,400,-0.3849,-0.0716,0.4201,0.193,0.2245,0.8984,0.9,4.33,0.9746,0.875
k40_rho0.0_p0.1,none,reitsma,400,-0.3858,-0.0719,0.4211,0.19,0.2221,0.9056,0.905,4.505,1.004,0.895
k40_rho0.0_p0.1,none,reitsma_indep,400,-0.3879,-0.0718,0.4227,0.18,0.2251,0.9055,0.9,4.408,0.9956,0.89
k40_rho0.0_p0.1,none,reitsma_reml,400,-0.3823,-0.0705,0.4177,0.207,0.2277,0.8935,0.905,4.408,1.0074,0.895
k40_rho0.0_p0.1,none,sep_univariate,400,-0.3912,-0.0725,0.4254,0.155,0.2231,0.9132,0.9,4.545,1.0156,0.91
k40_rho0.0_p0.1,strong,adaptshrink_dta,400,-0.048,0.1355,0.2172,0.745,0.2347,0.4042,0.935,2.151,0.5021,0.965
k40_rho0.0_p0.1,strong,reitsma,400,-0.0474,0.1355,0.2179,0.745,0.2297,0.4003,0.935,1.992,0.4556,0.955
k40_rho0.0_p0.1,strong,reitsma_indep,400,-0.0643,0.1342,0.2201,0.733,0.2319,0.4222,0.945,2.273,0.5249,0.95
k40_rho0.0_p0.1,strong,reitsma_reml,400,-0.0441,0.1372,0.2182,0.748,0.2347,0.4028,0.935,1.973,0.4609,0.955
k40_rho0.0_p0.1,strong,sep_univariate,400,-0.0797,0.1352,0.2253,0.725,0.2277,0.3999,0.945,2.142,0.4854,0.94
k40_rho0.0_p0.3,moderate,adaptshrink_dta,400,-0.0452,0.0283,0.1534,0.89,0.1885,0.1954,0.945,1.233,0.2356,0.95
k40_rho0.0_p0.3,moderate,reitsma,400,-0.0458,0.028,0.1535,0.887,0.1867,0.1966,0.945,1.278,0.2421,0.955
k40_rho0.0_p0.3,moderate,reitsma_indep,400,-0.0465,0.0278,0.1536,0.902,0.1913,0.1957,0.94,1.176,0.2283,0.945
k40_rho0.0_p0.3,moderate,reitsma_reml,400,-0.0425,0.0299,0.153,0.892,0.1922,0.1994,0.945,1.215,0.237,0.95
k40_rho0.0_p0.3,moderate,sep_univariate,400,-0.0414,0.0285,0.1532,0.912,0.1977,0.2147,0.955,1.126,0.2253,0.945
k40_rho0.0_p0.3,none,adaptshrink_dta,400,-0.1646,-0.0838,0.2352,0.63,0.1968,0.3992,0.93,2.914,0.5811,0.965
k40_rho0.0_p0.3,none,reitsma,400,-0.1652,-0.0841,0.2358,0.63,0.1955,0.4002,0.93,2.914,0.577,0.96
k40_rho0.0_p0.3,none,reitsma_indep,400,-0.1649,-0.084,0.2354,0.645,0.1991,0.392,0.92,2.813,0.5666,0.955
k40_rho0.0_p0.3,none,reitsma_reml,400,-0.1622,-0.0824,0.2332,0.642,0.2012,0.3901,0.925,2.748,0.56,0.955
k40_rho0.0_p0.3,none,sep_univariate,400,-0.1606,-0.084,0.2327,0.657,0.2045,0.3809,0.91,2.403,0.4958,0.945
k40_rho0.0_p0.3,strong,adaptshrink_dta,400,0.0895,0.1388,0.2208,0.63,0.1833,0.4401,0.98,2.505,0.4661,0.98
k40_rho0.0_p0.3,strong,reitsma,400,0.0886,0.1383,0.2203,0.615,0.1798,0.436,0.98,2.858,0.5216,0.98
k40_rho0.0_p0.3,strong,reitsma_indep,400,0.084,0.1367,0.2169,0.69,0.1861,0.4393,0.98,2.404,0.4542,0.98
k40_rho0.0_p0.3,strong,reitsma_reml,400,0.0921,0.1404,0.2231,0.62,0.1851,0.4391,0.98,2.796,0.5252,0.98
k40_rho0.0_p0.3,strong,sep_univariate,400,0.0892,0.1387,0.2204,0.7,0.1933,0.4698,0.985,2.443,0.48,0.98
k40_rho0.0_p0.5,moderate,adaptshrink_dta,400,0.0175,0.0056,0.149,0.912,0.1868,0.1761,0.895,1.172,0.2242,0.925
k40_rho0.0_p0.5,moderate,reitsma,400,0.0171,0.0052,0.1491,0.91,0.1854,0.1774,0.905,1.245,0.2363,0.93
k40_rho0.0_p0.5,moderate,reitsma_indep,400,0.0164,0.0045,0.1485,0.922,0.189,0.1762,0.9,1.131,0.2187,0.93
k40_rho0.0_p0.5,moderate,reitsma_reml,400,0.0196,0.0077,0.1496,0.912,0.1908,0.1814,0.905,1.221,0.2384,0.935
k40_rho0.0_p0.5,moderate,sep_univariate,400,0.0197,0.0071,0.1499,0.927,0.1962,0.1853,0.915,1.116,0.2238,0.93
k40_rho0.0_p0.5,none,adaptshrink_dta,400,-0.099,-0.1085,0.2066,0.748,0.1939,0.3415,0.925,1.915,0.3731,0.94
k40_rho0.0_p0.5,none,reitsma,400,-0.0995,-0.1089,0.207,0.74,0.1926,0.3403,0.925,1.97,0.3813,0.95
k40_rho0.0_p0.5,none,reitsma_indep,400,-0.0991,-0.1087,0.2068,0.762,0.1959,0.3394,0.925,1.797,0.3539,0.935
k40_rho0.0_p0.5,none,reitsma_reml,400,-0.0972,-0.1067,0.2048,0.767,0.1982,0.3346,0.925,1.874,0.3733,0.95
k40_rho0.0_p0.5,none,sep_univariate,400,-0.0972,-0.107,0.2055,0.772,0.2013,0.3352,0.925,1.828,0.3697,0.94
k40_rho0.0_p0.5,strong,adaptshrink_dta,400,0.1354,0.1287,0.2386,0.557,0.181,0.4397,0.93,2.897,0.5368,0.94
k40_rho0.0_p0.5,strong,reitsma,400,0.1348,0.128,0.238,0.54,0.1781,0.4409,0.935,3.063,0.5585,0.95
k40_rho0.0_p0.5,strong,reitsma_indep,400,0.1313,0.1254,0.234,0.623,0.1839,0.4327,0.93,2.449,0.46,0.935
k40_rho0.0_p0.5,strong,reitsma_reml,400,0.1375,0.1307,0.2411,0.535,0.1834,0.4506,0.935,3.012,0.5655,0.95
k40_rho0.0_p0.5,strong,sep_univariate,400,0.136,0.1293,0.2396,0.623,0.1929,0.4398,0.925,2.434,0.4793,0.935
k6_rho-0.4_p0.1,moderate,adaptshrink_dta,400,-0.1431,0.0342,0.4724,0.83,1.5483,1.7963,0.92,1.922,2.961,0.92
k6_rho-0.4_p0.1,moderate,reitsma,400,-0.1166,0.0363,0.4712,0.815,1.3881,1.841,0.93,2.13,2.9663,0.95
k6_rho-0.4_p0.1,moderate,reitsma_indep,400,-0.1745,0.0323,0.4809,0.797,1.4116,1.9074,0.925,2.222,3.1553,0.93
k6_rho-0.4_p0.1,moderate,reitsma_reml,400,-0.1008,0.0467,0.4676,0.85,1.5811,1.8406,0.94,1.856,2.9613,0.955
k6_rho-0.4_p0.1,moderate,sep_univariate,400,-0.1605,0.0381,0.472,0.858,1.5892,1.664,0.92,1.535,2.4397,0.905
k6_rho-0.4_p0.1,none,adaptshrink_dta,400,-0.2972,-0.0674,0.5146,0.802,1.448,2.1286,0.925,1.838,2.6247,0.91
k6_rho-0.4_p0.1,none,reitsma,400,-0.2805,-0.0663,0.5081,0.767,1.321,2.1283,0.93,2.16,2.8186,0.92
k6_rho-0.4_p0.1,none,reitsma_indep,400,-0.3219,-0.0686,0.5318,0.735,1.3435,2.2438,0.92,2.371,3.1601,0.925
k6_rho-0.4_p0.1,none,reitsma_reml,400,-0.2652,-0.0576,0.4982,0.81,1.51,2.1052,0.925,1.898,2.8405,0.92
k6_rho-0.4_p0.1,none,sep_univariate,400,-0.3032,-0.0625,0.5151,0.812,1.5509,2.2492,0.93,1.754,2.7124,0.93
k6_rho-0.4_p0.1,strong,adaptshrink_dta,400,-0.0113,0.1058,0.4607,0.848,1.5761,1.6723,0.915,1.549,2.4059,0.885
k6_rho-0.4_p0.1,strong,reitsma,400,0.0174,0.1081,0.4677,0.838,1.4083,1.6834,0.915,1.567,2.1753,0.88
k6_rho-0.4_p0.1,strong,reitsma_indep,400,-0.0505,0.1024,0.4629,0.833,1.4108,1.576,0.91,1.627,2.251,0.87
k6_rho-0.4_p0.1,strong,reitsma_reml,400,0.0334,0.1192,0.4683,0.865,1.5878,1.7392,0.915,1.422,2.227,0.89
k6_rho-0.4_p0.1,strong,sep_univariate,400,-0.0366,0.1117,0.4584,0.855,1.6063,1.5263,0.895,1.478,2.3165,0.9
k6_rho-0.4_p0.3,moderate,adaptshrink_dta,400,-0.0212,0.0471,0.4167,0.828,1.2331,1.5669,0.935,2.156,2.7584,0.94
k6_rho-0.4_p0.3,moderate,reitsma,400,-0.0066,0.0506,0.4231,0.782,1.0339,1.641,0.945,2.353,2.5287,0.945
k6_rho-0.4_p0.3,moderate,reitsma_indep,400,-0.0395,0.0424,0.4171,0.805,1.1245,1.5306,0.935,2.334,2.7173,0.94
k6_rho-0.4_p0.3,moderate,reitsma_reml,400,0.0123,0.0623,0.4248,0.82,1.2183,1.7335,0.96,2.156,2.736,0.95
k6_rho-0.4_p0.3,moderate,sep_univariate,400,-0.0154,0.0529,0.415,0.86,1.364,1.6082,0.95,2.123,2.9905,0.96
k6_rho-0.4_p0.3,none,adaptshrink_dta,400,-0.1132,-0.0696,0.4091,0.823,1.16,1.5143,0.95,1.645,1.8893,0.9
k6_rho-0.4_p0.3,none,reitsma,400,-0.1042,-0.0687,0.4081,0.765,0.9919,1.3263,0.92,2.008,1.9801,0.915
k6_rho-0.4_p0.3,none,reitsma_indep,400,-0.1283,-0.0722,0.4155,0.795,1.0943,1.6066,0.95,2.118,2.3058,0.915
k6_rho-0.4_p0.3,none,reitsma_reml,400,-0.0885,-0.0578,0.404,0.83,1.1758,1.3619,0.935,1.772,2.0649,0.91
k6_rho-0.4_p0.3,none,sep_univariate,400,-0.1071,-0.0633,0.4079,0.858,1.3158,1.4719,0.94,1.451,1.8849,0.89
k6_rho-0.4_p0.3,strong,adaptshrink_dta,400,0.0852,0.1279,0.4395,0.838,1.2426,1.8811,0.955,1.994,2.4486,0.96
k6_rho-0.4_p0.3,strong,reitsma,400,0.1011,0.131,0.4462,0.76,1.0305,2.0391,0.965,2.275,2.3364,0.95
k6_rho-0.4_p0.3,strong,reitsma_indep,400,0.0616,0.1217,0.4349,0.805,1.1103,1.9018,0.955,2.242,2.4615,0.97
k6_rho-0.4_p0.3,strong,reitsma_reml,400,0.1193,0.1433,0.4566,0.787,1.1966,2.2561,0.97,2.238,2.6955,0.96
k6_rho-0.4_p0.3,strong,sep_univariate,400,0.0893,0.1343,0.4441,0.858,1.3568,1.9856,0.95,1.929,2.6265,0.965
k6_rho-0.4_p0.5,moderate,adaptshrink_dta,400,0.0207,0.048,0.3935,0.858,1.1513,1.5599,0.95,2.002,2.3703,0.955
k6_rho-0.4_p0.5,moderate,reitsma,400,0.0271,0.0532,0.3993,0.81,0.9641,1.4721,0.94,2.273,2.2563,0.955
k6_rho-0.4_p0.5,moderate,reitsma_indep,400,0.0092,0.0394,0.3908,0.83,1.0642,1.489,0.94,2.327,2.5606,0.965
k6_rho-0.4_p0.5,moderate,reitsma_reml,400,0.0422,0.0664,0.405,0.838,1.1503,1.5916,0.95,2.228,2.6288,0.955
k6_rho-0.4_p0.5,moderate,sep_univariate,400,0.0286,0.0554,0.3967,0.873,1.3119,1.5431,0.95,1.92,2.6045,0.97
k6_rho-0.4_p0.5,none,adaptshrink_dta,400,-0.0726,-0.0867,0.3948,0.83,1.1147,1.3745,0.925,1.605,1.7881,0.915
k6_rho-0.4_p0.5,none,reitsma,400,-0.0689,-0.0844,0.3941,0.752,0.9341,1.273,0.91,2.048,1.906,0.93
k6_rho-0.4_p0.5,none,reitsma_indep,400,-0.0804,-0.0926,0.3983,0.8,1.0534,1.4138,0.925,1.888,1.9793,0.915
k6_rho-0.4_p0.5,none,reitsma_reml,400,-0.0542,-0.0705,0.391,0.828,1.1159,1.3009,0.92,1.967,2.1779,0.935
k6_rho-0.4_p0.5,none,sep_univariate,400,-0.0647,-0.0791,0.3965,0.85,1.2823,1.3963,0.925,1.434,1.8412,0.895
k6_rho-0.4_p0.5,strong,adaptshrink_dta,400,0.1027,0.1333,0.4377,0.82,1.2176,1.7176,0.93,1.651,2.1197,0.925
k6_rho-0.4_p0.5,strong,reitsma,400,0.1134,0.1398,0.4472,0.723,0.9768,1.6839,0.925,2.086,2.1145,0.935
k6_rho-0.4_p0.5,strong,reitsma_indep,400,0.0884,0.1199,0.4285,0.795,1.0866,1.7177,0.94,2.109,2.4553,0.945
k6_rho-0.4_p0.5,strong,reitsma_reml,400,0.1283,0.1535,0.4571,0.74,1.1465,1.8161,0.93,2.122,2.5374,0.945
k6_rho-0.4_p0.5,strong,sep_univariate,400,0.1066,0.1384,0.4399,0.828,1.3331,1.7942,0.945,2.092,2.9419,0.95
k6_rho-0.8_p0.1,moderate,adaptshrink_dta,400,-0.1541,0.0065,0.4676,0.845,1.6011,1.6724,0.95,1.786,2.868,0.93
k6_rho-0.8_p0.1,moderate,reitsma,400,-0.1185,0.0089,0.4626,0.853,1.3813,1.6056,0.95,2.034,2.8365,0.945
k6_rho-0.8_p0.1,moderate,reitsma_indep,400,-0.1975,0.0045,0.4862,0.818,1.41,1.8183,0.94,2.088,2.9448,0.92
k6_rho-0.8_p0.1,moderate,reitsma_reml,400,-0.105,0.0185,0.4599,0.88,1.558,1.5897,0.93,1.904,2.9976,0.955
k6_rho-0.8_p0.1,moderate,sep_univariate,400,-0.1808,0.0103,0.4752,0.855,1.612,1.5726,0.93,1.72,2.7638,0.935
k6_rho-0.8_p0.1,none,adaptshrink_dta,400,-0.2941,-0.0665,0.5126,0.812,1.5201,2.1557,0.915,1.719,2.5716,0.905
k6_rho-0.8_p0.1,none,reitsma,400,-0.2637,-0.0635,0.498,0.78,1.3284,2.1512,0.925,1.898,2.4849,0.9
k6_rho-0.8_p0.1,none,reitsma_indep,400,-0.3293,-0.0691,0.5375,0.75,1.3536,2.561,0.945,2.457,3.3002,0.93
k6_rho-0.8_p0.1,none,reitsma_reml,400,-0.2505,-0.0551,0.4897,0.823,1.5055,1.966,0.915,1.674,2.4946,0.905
k6_rho-0.8_p0.1,none,sep_univariate,400,-0.3104,-0.0631,0.5218,0.805,1.5689,2.4351,0.945,1.844,2.8763,0.935
k6_rho-0.8_p0.1,strong,adaptshrink_dta,400,-0.0275,0.0514,0.4469,0.88,1.7118,1.5844,0.945,1.413,2.4564,0.92
k6_rho-0.8_p0.1,strong,reitsma,400,0.014,0.054,0.4561,0.887,1.4546,1.6374,0.95,1.558,2.296,0.955
k6_rho-0.8_p0.1,strong,reitsma_indep,400,-0.0817,0.0482,0.4568,0.843,1.48,1.5916,0.935,1.78,2.6633,0.94
k6_rho-0.8_p0.1,strong,reitsma_reml,400,0.0265,0.0641,0.458,0.902,1.6263,1.6839,0.945,1.302,2.1488,0.94
k6_rho-0.8_p0.1,strong,sep_univariate,400,-0.0646,0.055,0.449,0.882,1.6731,1.6024,0.95,1.451,2.4341,0.94
k6_rho-0.8_p0.3,moderate,adaptshrink_dta,400,-0.0203,0.0183,0.4189,0.843,1.3397,1.3418,0.925,1.88,2.5737,0.915
k6_rho-0.8_p0.3,moderate,reitsma,400,0.0017,0.0253,0.4256,0.818,1.0281,1.3502,0.925,1.867,1.9731,0.91
k6_rho-0.8_p0.3,moderate,reitsma_indep,400,-0.0478,0.0104,0.4194,0.807,1.1741,1.2924,0.91,2.081,2.4994,0.91
k6_rho-0.8_p0.3,moderate,reitsma_reml,400,0.0184,0.0359,0.4291,0.835,1.1888,1.3578,0.93,1.645,2.0314,0.905
k6_rho-0.8_p0.3,moderate,sep_univariate,400,-0.0206,0.022,0.4192,0.855,1.4446,1.3496,0.925,1.786,2.6068,0.92
k6_rho-0.8_p0.3,none,adaptshrink_dta,400,-0.1045,-0.062,0.4083,0.84,1.251,1.2753,0.91,1.741,2.1431,0.91
k6_rho-0.8_p0.3,none,reitsma,400,-0.0857,-0.0578,0.4031,0.797,0.9746,1.2483,0.94,1.725,1.6667,0.9
k6_rho-0.8_p0.3,none,reitsma_indep,400,-0.127,-0.0672,0.4175,0.792,1.1255,1.4204,0.93,2.196,2.4426,0.93
k6_rho-0.8_p0.3,none,reitsma_reml,400,-0.073,-0.048,0.3999,0.855,1.1242,1.2773,0.945,1.388,1.5502,0.9
k6_rho-0.8_p0.3,none,sep_univariate,400,-0.1066,-0.0586,0.4118,0.848,1.3462,1.3575,0.93,1.518,2.0094,0.9
k6_rho-0.8_p0.3,strong,adaptshrink_dta,400,0.0639,0.0599,0.4321,0.838,1.3923,1.3951,0.905,1.881,2.63,0.95
k6_rho-0.8_p0.3,strong,reitsma,400,0.0866,0.0651,0.4423,0.805,1.0547,1.4578,0.9,1.645,1.7492,0.915
k6_rho-0.8_p0.3,strong,reitsma_indep,400,0.028,0.0508,0.4256,0.79,1.1873,1.2776,0.9,2.242,2.6733,0.94
k6_rho-0.8_p0.3,strong,reitsma_reml,400,0.1024,0.0773,0.449,0.843,1.2096,1.4786,0.9,1.445,1.7631,0.925
k6_rho-0.8_p0.3,strong,sep_univariate,400,0.0571,0.064,0.4308,0.853,1.4728,1.4019,0.9,1.889,2.7986,0.95
k6_rho-0.8_p0.5,moderate,adaptshrink_dta,400,0.0057,0.025,0.4017,0.873,1.2408,1.3751,0.945,1.955,2.4699,0.925
k6_rho-0.8_p0.5,moderate,reitsma,400,0.0174,0.0359,0.4062,0.84,0.9397,1.4651,0.95,1.88,1.8043,0.93
k6_rho-0.8_p0.5,moderate,reitsma_indep,400,-0.0114,0.0105,0.4017,0.818,1.0874,1.3152,0.93,2.471,2.7536,0.92
k6_rho-0.8_p0.5,moderate,reitsma_reml,400,0.0308,0.0502,0.41,0.865,1.097,1.5625,0.955,1.784,1.9939,0.94
k6_rho-0.8_p0.5,moderate,sep_univariate,400,0.0085,0.0278,0.4021,0.865,1.3361,1.3436,0.935,2.222,3.0527,0.955
k6_rho-0.8_p0.5,none,adaptshrink_dta,400,-0.0699,-0.0769,0.3978,0.835,1.2025,1.1001,0.89,1.864,2.2184,0.935
k6_rho-0.8_p0.5,none,reitsma,400,-0.0595,-0.0686,0.3958,0.795,0.9079,1.0356,0.885,2.065,1.8556,0.93
k6_rho-0.8_p0.5,none,reitsma_indep,400,-0.0818,-0.0895,0.4042,0.792,1.0845,1.1627,0.895,2.297,2.4489,0.93
k6_rho-0.8_p0.5,none,reitsma_reml,400,-0.0482,-0.0579,0.3939,0.845,1.054,1.0419,0.905,1.717,1.7834,0.92
k6_rho-0.8_p0.5,none,sep_univariate,400,-0.0668,-0.0743,0.4012,0.85,1.3271,1.1568,0.9,1.678,2.2184,0.915
k6_rho-0.8_p0.5,strong,adaptshrink_dta,400,0.0816,0.0951,0.4457,0.835,1.3677,1.7276,0.935,2.06,2.8379,0.92
k6_rho-0.8_p0.5,strong,reitsma,400,0.0957,0.108,0.4566,0.797,1.0001,1.9224,0.945,2.227,2.2368,0.95
k6_rho-0.8_p0.5,strong,reitsma_indep,400,0.061,0.0788,0.4382,0.787,1.1803,1.576,0.915,2.08,2.4838,0.905
k6_rho-0.8_p0.5,strong,reitsma_reml,400,0.1091,0.1214,0.4646,0.815,1.1495,2.0219,0.94,1.99,2.309,0.955
k6_rho-0.8_p0.5,strong,sep_univariate,400,0.0802,0.0952,0.444,0.838,1.4355,1.6132,0.915,1.963,2.8151,0.94
k6_rho0.0_p0.1,moderate,adaptshrink_dta,400,-0.1505,0.0416,0.4378,0.85,1.4096,1.537,0.935,1.566,2.2604,0.93
k6_rho0.0_p0.1,moderate,reitsma,400,-0.1349,0.0423,0.4385,0.823,1.2954,1.4929,0.94,1.724,2.2686,0.95
k6_rho0.0_p0.1,moderate,reitsma_indep,400,-0.1728,0.04,0.4463,0.82,1.3109,1.5734,0.94,1.835,2.4474,0.955
k6_rho0.0_p0.1,moderate,reitsma_reml,400,-0.1192,0.0523,0.4345,0.843,1.4731,1.4906,0.94,1.638,2.4517,0.95
k6_rho0.0_p0.1,moderate,sep_univariate,400,-0.158,0.0489,0.4386,0.86,1.5116,1.5527,0.945,1.517,2.3379,0.955
k6_rho0.0_p0.1,none,adaptshrink_dta,400,-0.2976,-0.065,0.5131,0.782,1.4285,2.1653,0.925,1.838,2.5882,0.895
k6_rho0.0_p0.1,none,reitsma,400,-0.2884,-0.0646,0.511,0.743,1.3154,2.1533,0.925,2.156,2.8225,0.905
k6_rho0.0_p0.1,none,reitsma_indep,400,-0.3199,-0.066,0.5269,0.725,1.3378,2.1542,0.92,1.965,2.609,0.895
k6_rho0.0_p0.1,none,reitsma_reml,400,-0.2729,-0.0551,0.5002,0.795,1.5164,1.9797,0.915,1.931,2.9284,0.91
k6_rho0.0_p0.1,none,sep_univariate,400,-0.3019,-0.0591,0.5125,0.81,1.553,1.9945,0.9,1.734,2.6583,0.915
k6_rho0.0_p0.1,strong,adaptshrink_dta,400,0.0078,0.1251,0.4357,0.84,1.432,1.571,0.91,1.66,2.4721,0.93
k6_rho0.0_p0.1,strong,reitsma,400,0.0297,0.1258,0.444,0.81,1.3194,1.5766,0.9,1.82,2.4765,0.94
k6_rho0.0_p0.1,strong,reitsma_indep,400,-0.0236,0.1235,0.4389,0.812,1.3159,1.6079,0.915,1.845,2.4996,0.94
k6_rho0.0_p0.1,strong,reitsma_reml,400,0.0446,0.137,0.449,0.835,1.493,1.6024,0.9,1.673,2.5762,0.945
k6_rho0.0_p0.1,strong,sep_univariate,400,-0.0127,0.1336,0.4368,0.855,1.5093,1.5813,0.91,1.613,2.5131,0.945
k6_rho0.0_p0.3,moderate,adaptshrink_dta,400,0.0217,0.0599,0.3978,0.845,1.1452,1.5811,0.945,1.957,2.2947,0.965
k6_rho0.0_p0.3,moderate,reitsma,400,0.0288,0.0613,0.4015,0.78,1.027,1.5667,0.95,2.191,2.2874,0.94
k6_rho0.0_p0.3,moderate,reitsma_indep,400,0.0081,0.0569,0.3959,0.843,1.0761,1.5531,0.95,2.142,2.3564,0.96
k6_rho0.0_p0.3,moderate,reitsma_reml,400,0.0479,0.0727,0.407,0.825,1.2142,1.66,0.945,1.882,2.3364,0.935
k6_rho0.0_p0.3,moderate,sep_univariate,400,0.0324,0.0665,0.3972,0.877,1.3032,1.4872,0.935,1.706,2.2841,0.96
k6_rho0.0_p0.3,none,adaptshrink_dta,400,-0.1176,-0.0693,0.4195,0.79,1.1391,1.6353,0.94,2.907,3.3036,0.975
k6_rho0.0_p0.3,none,reitsma,400,-0.1165,-0.0685,0.4197,0.738,1.0166,1.6351,0.935,3.17,3.2086,0.965
k6_rho0.0_p0.3,none,reitsma_indep,400,-0.1257,-0.0719,0.421,0.767,1.0963,1.6363,0.94,3.589,3.9127,0.97
k6_rho0.0_p0.3,none,reitsma_reml,400,-0.0981,-0.0567,0.4144,0.785,1.2218,1.7145,0.955,2.462,3.008,0.95
k6_rho0.0_p0.3,none,sep_univariate,400,-0.1042,-0.0612,0.4142,0.843,1.3406,1.5902,0.935,2.055,2.738,0.96
k6_rho0.0_p0.3,strong,adaptshrink_dta,400,0.1242,0.1655,0.4396,0.79,1.1204,1.4997,0.915,1.78,2.0175,0.915
k6_rho0.0_p0.3,strong,reitsma,400,0.135,0.1675,0.4466,0.71,0.9914,1.5196,0.91,2.224,2.2417,0.925
k6_rho0.0_p0.3,strong,reitsma_indep,400,0.1072,0.1614,0.4336,0.765,1.0334,1.5048,0.915,1.848,1.9436,0.925
k6_rho0.0_p0.3,strong,reitsma_reml,400,0.1533,0.1801,0.4584,0.733,1.1555,1.5987,0.905,2.162,2.5638,0.935
k6_rho0.0_p0.3,strong,sep_univariate,400,0.1317,0.1729,0.4435,0.812,1.2536,1.589,0.925,1.614,2.0797,0.93
k6_rho0.0_p0.5,moderate,adaptshrink_dta,400,0.0479,0.0462,0.4045,0.825,1.0697,1.5669,0.94,2.357,2.6132,0.96
k6_rho0.0_p0.5,moderate,reitsma,400,0.0509,0.0489,0.4088,0.75,0.9595,1.6697,0.95,2.744,2.7404,0.955
k6_rho0.0_p0.5,moderate,reitsma_indep,400,0.042,0.0407,0.4016,0.82,1.0182,1.567,0.94,2.463,2.6139,0.95
k6_rho0.0_p0.5,moderate,reitsma_reml,400,0.0666,0.0658,0.4152,0.787,1.154,1.7138,0.95,2.77,3.3553,0.97
k6_rho0.0_p0.5,moderate,sep_univariate,400,0.0613,0.0583,0.4086,0.858,1.273,1.5342,0.94,2.156,2.8831,0.975
k6_rho0.0_p0.5,none,adaptshrink_dta,400,-0.0759,-0.0843,0.4047,0.823,1.097,1.4211,0.935,2.25,2.5083,0.965
k6_rho0.0_p0.5,none,reitsma,400,-0.0765,-0.0827,0.4039,0.762,0.9625,1.4075,0.945,2.244,2.1781,0.92
k6_rho0.0_p0.5,none,reitsma_indep,400,-0.0804,-0.0886,0.4071,0.805,1.0582,1.4669,0.935,2.612,2.8007,0.955
k6_rho0.0_p0.5,none,reitsma_reml,400,-0.064,-0.0669,0.402,0.807,1.1599,1.4467,0.945,1.941,2.2803,0.92
k6_rho0.0_p0.5,none,sep_univariate,400,-0.0666,-0.0735,0.404,0.863,1.2875,1.4196,0.935,1.842,2.3894,0.935
k6_rho0.0_p0.5,strong,adaptshrink_dta,400,0.1538,0.1582,0.4449,0.77,1.0283,1.8663,0.935,2.354,2.5945,0.965
k6_rho0.0_p0.5,strong,reitsma,400,0.1589,0.1607,0.45,0.693,0.9187,1.7702,0.92,2.982,2.8895,0.97
k6_rho0.0_p0.5,strong,reitsma_indep,400,0.1464,0.1504,0.438,0.77,0.9648,1.8381,0.925,2.469,2.5803,0.965
k6_rho0.0_p0.5,strong,reitsma_reml,400,0.176,0.1776,0.4642,0.715,1.094,1.9552,0.935,2.767,3.1978,0.975
k6_rho0.0_p0.5,strong,sep_univariate,400,0.1676,0.1694,0.4543,0.802,1.2012,1.952,0.935,2.226,2.9025,0.97
