cell,tau,selection,n,ncontrast,reps,nscored,dMCIW0,dMCIW0_lo,dMCIW0_hi,MCIW0_robust,dMCIW,dMCIW_lo,dMCIW_hi,MCIW_robust,mciw0_auto,mciw0_DL,bias_auto,bias_DL,rawcov_auto,rawcov_DL,covunif_auto,covunif_DL,spearman_auto,spearman_DL,top1_auto,top1_DL,secs,d_rawcov
t05_moderate_n5,0.05,moderate,5,4,600,600,0.004769927690055353,-0.0018835173238836626,0.016641864668060845,False,0.01402835375481809,-0.0006233924571612925,0.02058807869785301,False,0.2818535707504619,0.26736922660496054,0.021741269094166158,0.025531993590884434,0.9320833333333334,0.9249999999999999,0.01874999999999999,0.024999999999999967,0.9669999999999999,0.9686666666666666,0.9566666666666667,0.9616666666666667,97.6,0.007083333333333441
t05_moderate_n6,0.05,moderate,6,5,600,600,-0.0003543920427321601,-0.006323140719086758,0.00840603434745384,False,-0.0006338070091127801,-0.006347340236657118,0.009282720103578253,False,0.24539136610512205,0.24329332054008068,0.017463964790288545,0.02214415575139731,0.929,0.9146666666666666,0.020999999999999953,0.03533333333333326,0.9698095238095239,0.9705714285714286,0.935,0.9366666666666666,142.8,0.01433333333333342
t05_moderate_n8,0.05,moderate,8,7,600,600,-0.005509987812082673,-0.010890673001877807,0.0015525092606195822,False,-0.0009107996013779651,-0.00763845505596459,0.0048378798791829675,False,0.21026773115361252,0.21430466853835634,0.016027605649225177,0.023834277105126676,0.9366666666666665,0.9154761904761906,0.01619047619047617,0.03452380952380948,0.9813492063492064,0.9811111111111113,0.9466666666666667,0.94,247.2,0.021190476190475982
t05_moderate_n10,0.05,moderate,10,9,600,600,-0.004397297841969489,-0.0080776893678472,0.0008199124327927286,False,-0.0016083093041968921,-0.006443651831609346,0.003445723412794702,False,0.18813522440502287,0.18940261966821734,0.015003507205542626,0.022481639866203915,0.9200000000000002,0.894814814814815,0.03444444444444439,0.057777777777777733,0.9862222222222221,0.9860202020202018,0.9466666666666667,0.9533333333333334,411.9,0.0251851851851852
t05_moderate_n12,0.05,moderate,12,11,600,600,-0.005245673937803869,-0.009990682529083326,-0.0007103144989274544,True,-0.004424334063204027,-0.009118962373909393,-0.00033905116162185326,True,0.17345891639554264,0.17609026522351448,0.013912109119471829,0.023098416274179443,0.9248484848484847,0.8889393939393938,0.027272727272727237,0.06166666666666664,0.9898135198135198,0.9894988344988347,0.9516666666666667,0.95,781.6,0.03590909090909089
t10_moderate_n5,0.1,moderate,5,4,600,600,0.0010408200510908516,-0.005966878095434803,0.01172076813513906,False,0.014352481090469826,0.0038343067965090935,0.023500375876457383,False,0.30690030178571515,0.3086944524201677,0.026912445046523105,0.031474607000645305,0.9170833333333333,0.9087500000000001,0.03291666666666662,0.04124999999999995,0.9611666666666665,0.9594999999999999,0.945,0.9416666666666667,81.8,0.008333333333333193
t10_moderate_n6,0.1,moderate,6,5,600,600,-0.0016342344423581623,-0.006327836420037454,0.009098630555584249,False,0.004057549890401357,-0.007456346701375377,0.01163124440403256,False,0.278437438325562,0.2734195947319233,0.021750538266760995,0.027282112136481677,0.9146666666666666,0.901,0.035333333333333286,0.048999999999999974,0.9682857142857144,0.9686666666666668,0.9366666666666666,0.935,122.1,0.013666666666666605
t10_moderate_n8,0.1,moderate,8,7,600,600,-0.006240488306000269,-0.014984941240731263,0.0007834054397685415,False,-0.004836153489573364,-0.011400609974392274,0.005239041043902617,False,0.23706561658777803,0.24650139540757593,0.022149351293060688,0.030155784644411304,0.9269047619047619,0.8992857142857142,0.023571428571428545,0.05071428571428566,0.9788888888888889,0.9792460317460318,0.9266666666666666,0.9316666666666666,252.6,0.027619047619047654
t10_moderate_n10,0.1,moderate,10,9,600,600,-0.004492555307328588,-0.009091700356599614,0.0008207123692134463,False,-0.0008542101851850559,-0.005384441818762809,0.005109524795694955,False,0.21664557231687875,0.2201212845103876,0.01956321999561106,0.027864962965315,0.9051851851851852,0.8761111111111111,0.04481481481481478,0.07388888888888884,0.9838989898989897,0.9837373737373738,0.9466666666666667,0.9483333333333334,568.1,0.02907407407407414
t10_moderate_n12,0.1,moderate,12,11,600,600,-0.010037240969583028,-0.01468979401432909,-0.0046281658894490926,True,-0.008563802988555608,-0.013885010345760347,-0.0030913875832656603,True,0.19488578798381415,0.20359060739542786,0.018468074607587495,0.028819343551727605,0.9143939393939392,0.8763636363636365,0.03590909090909087,0.0736363636363636,0.9882051282051284,0.9873193473193473,0.9466666666666667,0.9433333333333334,857.3,0.03803030303030275
t20_moderate_n5,0.2,moderate,5,4,600,600,-0.00602434778121419,-0.01584758774422371,0.008494391644475175,False,0.037642851770393726,0.013127711104495584,0.04458721267855951,False,0.4171967833173615,0.42263366010801734,0.043861532057377056,0.05058117576591651,0.8883333333333333,0.885,0.06166666666666662,0.06499999999999997,0.9484999999999999,0.9448333333333333,0.9216666666666666,0.92,93.4,0.0033333333333332993
t20_moderate_n6,0.2,moderate,6,5,600,600,0.007028235675258898,-0.003994822735629684,0.014778747446665588,False,0.016833179531936804,0.0019911754056223517,0.02864100759053978,False,0.3734268034643225,0.3653534770195843,0.03650845956216758,0.044400824968386564,0.8913333333333334,0.8779999999999999,0.058666666666666624,0.07199999999999998,0.9562857142857143,0.955904761904762,0.93,0.9266666666666666,144.6,0.01333333333333353
t20_moderate_n8,0.2,moderate,8,7,600,600,-0.0058030489629382065,-0.01634740418379997,0.0015213317765078254,False,-0.0011500678158982147,-0.010145723553373977,0.009132589779543438,False,0.32364961035988615,0.33532105917928373,0.0392736239185752,0.049937082854062,0.8859523809523809,0.8576190476190476,0.064047619047619,0.09238095238095234,0.9709920634920635,0.968968253968254,0.8983333333333333,0.9033333333333333,246.6,0.02833333333333332
t20_moderate_n10,0.2,moderate,10,9,600,600,-0.004274857421540212,-0.011601718042836552,0.0032122557112698675,False,0.001239236064587923,-0.005376106062625732,0.011044914968668365,False,0.30383399749940065,0.3055188235925708,0.034899448071812125,0.04595058554451771,0.8688888888888888,0.832037037037037,0.08111111111111106,0.11796296296296292,0.9775151515151514,0.9765858585858584,0.9266666666666666,0.9166666666666666,479.5,0.0368518518518518
t20_moderate_n12,0.2,moderate,12,11,600,600,-0.0203747693985189,-0.02646432499024451,-0.011897266588117832,True,-0.0150788566248366,-0.02171056632340268,-0.006157843807557883,True,0.26989229632675366,0.2895547151995604,0.033256594800220834,0.04777539256937079,0.8748484848484849,0.8206060606060605,0.07515151515151511,0.1293939393939394,0.9830769230769232,0.9810839160839163,0.93,0.9266666666666666,755.1,0.054242424242424425
t30_moderate_n5,0.3,moderate,5,4,600,600,0.002504110254062497,-0.01142814078571836,0.02028318232690607,False,0.03673774882291647,0.013396525411974178,0.05693180497393932,False,0.5674565621063599,0.5495285296610323,0.06962653074543321,0.0777302604784394,0.8558333333333333,0.8466666666666667,0.09416666666666662,0.1033333333333333,0.9299999999999998,0.9274999999999998,0.89,0.885,94.4,0.009166666666666656
t30_moderate_n6,0.3,moderate,6,5,600,600,0.010518108429350748,-0.0033393128585039286,0.022348419735702913,False,0.014922895900986555,-0.0007952035724592977,0.03591569431295849,False,0.49179554974403034,0.4819159610007187,0.058373663120439546,0.06828221249163371,0.8616666666666667,0.8503333333333334,0.08833333333333329,0.09966666666666664,0.9411428571428572,0.9418095238095238,0.8983333333333333,0.8983333333333333,143.6,0.011333333333333306
t30_moderate_n8,0.3,moderate,8,7,600,600,-0.008622723152808487,-0.021722971547601277,0.0014484805469563255,False,0.012272676724336129,-0.001730466444244956,0.025831867145642177,False,0.430437167660385,0.44866982305655284,0.06339189619534448,0.07683509215397587,0.8378571428571429,0.8114285714285714,0.11214285714285709,0.13857142857142854,0.9577380952380954,0.9552380952380953,0.8783333333333333,0.8716666666666667,248.8,0.026428571428571468
t30_moderate_n10,0.3,moderate,10,9,600,600,-0.006525039994037862,-0.018547003187473116,0.000664797695291657,False,0.010469430890959641,-0.00188472818378599,0.021956482661253482,False,0.4047445824123707,0.4077407485816474,0.05668623474505236,0.07139472077225843,0.824074074074074,0.7881481481481482,0.12592592592592589,0.1618518518518518,0.9675555555555555,0.9644444444444443,0.8966666666666666,0.8933333333333333,468.8,0.035925925925925806
t30_moderate_n12,0.3,moderate,12,11,600,600,-0.025633069107381223,-0.03277022808682642,-0.013932967491490193,True,-0.008210552932152504,-0.018881577065546985,0.0017443317304277148,False,0.3575990398518378,0.38512464604795954,0.053949400355913404,0.07344630880653312,0.8395454545454545,0.7586363636363636,0.1104545454545454,0.19136363636363632,0.9754662004662006,0.9731351981351982,0.9016666666666666,0.89,731.0,0.08090909090909093
t05_none_n5,0.05,none,5,4,600,600,0.0016835958405513052,-0.002845201725396776,0.008076915734479533,False,0.008692570169900854,0.0019875448475921995,0.014801340179247637,False,0.1650724752578342,0.16428472615390058,0.00048096213915626814,0.0005586449974469976,0.9595833333333333,0.9566666666666667,0.009583333333333388,0.00666666666666671,0.9753333333333333,0.9778333333333332,0.9583333333333334,0.9666666666666667,116.7,0.0029166666666666785
t05_none_n6,0.05,none,6,5,600,600,0.005731922097203301,0.0015750526811721109,0.009308239113259802,False,0.004589187152473612,0.0009943360284103728,0.010485405517022801,False,0.1650933735703383,0.1614964572019907,0.0012426959532334234,0.0011834000287549897,0.9513333333333334,0.9466666666666667,0.003333333333333366,0.0033333333333332993,0.9823809523809524,0.9831428571428571,0.9566666666666667,0.965,186.8,0.004666666666666708
t05_none_n8,0.05,none,8,7,600,600,0.006931522474160123,0.001747138278185218,0.009555367751802275,False,0.006555328935376609,0.0023452226055389463,0.008823466999518978,False,0.14042739088886616,0.13633368372793495,0.0008479939824264268,0.0009150975969239361,0.9492857142857142,0.9473809523809523,0.007857142857142865,0.005952380952380963,0.9873412698412699,0.9878174603174604,0.9666666666666667,0.9683333333333334,489.3,0.0019047619047618536
t05_none_n10,0.05,none,10,9,600,600,0.003088808756895628,0.0005224500289258745,0.005156880814669644,False,0.003745389030462898,0.0010963931846212584,0.005609512789233072,False,0.12019894831471484,0.11641402259521655,0.0007083975312157755,0.0006307967085337552,0.9527777777777777,0.9481481481481482,0.004629629629629662,0.004814814814814803,0.9909898989898989,0.991171717171717,0.965,0.9716666666666667,930.1,0.004629629629629539
t05_none_n12,0.05,none,12,11,600,600,0.0018879952192493443,0.0001985621468334007,0.003504041609149564,False,0.0019617153857733882,0.00011139787442338987,0.0033945606090374112,False,0.11071642863663898,0.10769807236313228,0.0006832689521346891,0.0006260230871755115,0.9522727272727273,0.9478787878787877,0.0065151515151515346,0.0057575757575757495,0.9926456876456876,0.9927622377622378,0.9516666666666667,0.9516666666666667,1416.1,0.0043939393939396165
t10_none_n5,0.1,none,5,4,600,600,0.002051379657558361,-0.002278448131585591,0.00974845127433943,False,0.010201975554485265,0.00375428838734772,0.018528212230344693,False,0.18124640854017227,0.18107744052308639,0.0013348107228892104,0.0011837543016318217,0.9491666666666667,0.9500000000000001,0.003333333333333327,0.00416666666666668,0.9711666666666665,0.9743333333333332,0.9466666666666667,0.9566666666666667,102.5,-0.0008333333333333526
t10_none_n6,0.1,none,6,5,600,600,0.006956301699476447,0.0016485153402599415,0.01078200344700954,False,0.004115738584798578,0.00027759099912145135,0.01045007478788751,False,0.18013434616569762,0.17349240761063764,0.0014050814184150134,0.0012590290690324486,0.9480000000000001,0.9433333333333334,0.0033333333333333214,0.006666666666666621,0.980095238095238,0.9803809523809524,0.95,0.9633333333333334,141.4,0.004666666666666708
t10_none_n8,0.1,none,8,7,600,600,0.006405685750384915,0.00155064609044109,0.009493084781847256,False,0.004889346624604551,0.0018741195541844356,0.008225232972071287,False,0.15665107031155107,0.1535517096189478,0.0009345759539094932,0.0011437055268464639,0.9411904761904761,0.942142857142857,0.010714285714285707,0.010238095238095221,0.9857936507936508,0.986388888888889,0.9616666666666667,0.9633333333333334,306.2,-0.0009523809523808158
t10_none_n10,0.1,none,10,9,600,600,0.0038001554518168057,4.064600059663916e-05,0.005713148143350087,False,0.0025101554324115094,0.00027977988492257355,0.005460285106624747,False,0.13138131922639903,0.12877601119818913,0.0005023343452029393,0.00045880959375257826,0.949074074074074,0.9474074074074075,0.007222222222222229,0.0070370370370370396,0.9904242424242424,0.9902222222222222,0.965,0.9666666666666667,765.2,0.0016666666666664831
t10_none_n12,0.1,none,12,11,600,600,0.002331010263158323,0.0004759077972246627,0.004394924072502594,False,0.0017336820606350528,-0.00015165371842076994,0.003641141031074004,False,0.12248824753877398,0.12140222337462779,0.001003167455684418,0.0008844701513720014,0.9481818181818181,0.9443939393939395,0.005454545454545459,0.008333333333333314,0.9919580419580419,0.9920979020979023,0.94,0.9483333333333334,1436.2,0.0037878787878786735
t20_none_n5,0.2,none,5,4,600,600,0.007635403683708186,-0.000523286633738209,0.016080388929845004,False,0.013511781019042324,0.003995132421173806,0.022310331493351123,False,0.2331215320367291,0.23490937041730525,0.0029800859050658985,0.0023598431245353633,0.9441666666666666,0.94875,0.0058333333333333015,0.002083333333333298,0.9676666666666666,0.9699999999999999,0.9316666666666666,0.9433333333333334,87.9,-0.004583333333333384
t20_none_n6,0.2,none,6,5,600,600,0.010703323284001559,0.0012401863612444088,0.017288878016854237,False,0.007772399990396167,0.0018122076758494345,0.016248796902606583,False,0.2166002967353075,0.21467060839165614,0.001742191599048443,0.001575174533337597,0.9456666666666667,0.952,0.006999999999999984,0.004666666666666685,0.9735238095238096,0.9752380952380952,0.9366666666666666,0.95,136.0,-0.006333333333333302
t20_none_n8,0.2,none,8,7,600,600,0.00835881615991696,0.004075298612154761,0.013146281451629063,False,0.009630182962125783,0.004500291850234315,0.013830554665349742,False,0.19880485180780222,0.190471032579564,0.0013556911515128416,0.0014968153760589427,0.930952380952381,0.9442857142857143,0.01904761904761901,0.008571428571428563,0.9813095238095239,0.9815873015873016,0.945,0.9416666666666667,356.3,-0.013333333333333308
t20_none_n10,0.2,none,10,9,600,600,0.004121458203758838,0.0010948339791411153,0.008008378864062329,False,0.004350705836300067,0.0018070236847192258,0.008952479642808646,False,0.16998948721857265,0.1638127241732146,0.0011461316742295367,0.0012505956299964475,0.942037037037037,0.9500000000000001,0.013148148148148131,0.005555555555555548,0.9873535353535353,0.9875353535353535,0.9566666666666667,0.9533333333333334,846.6,-0.00796296296296306
t20_none_n12,0.2,none,12,11,600,600,0.003440890670803276,0.00018067602801137979,0.00643763381704719,False,0.0032057087312142574,1.975510151186475e-06,0.0065185173181583405,False,0.15733624386531755,0.15450308645680644,0.001736235568155632,0.0012598275299501285,0.9413636363636364,0.9454545454545454,0.008939393939393903,0.006363636363636339,0.9899533799533801,0.9901398601398603,0.9366666666666666,0.94,1400.5,-0.004090909090909034
t30_none_n5,0.3,none,5,4,600,600,0.007521786507427575,-0.0038699828111365365,0.01978274572415254,False,0.010466684659178216,0.0005558094284743964,0.024716397926154005,False,0.2871963457615464,0.29683726399362004,0.004655301460565271,0.0033559862056123987,0.9441666666666666,0.94875,0.006666666666666654,0.004583333333333328,0.9593333333333331,0.9606666666666667,0.9216666666666666,0.93,87.7,-0.004583333333333384
t30_none_n6,0.3,none,6,5,600,600,0.013132898823248307,0.005156150098885536,0.024998215988371382,False,0.018229326329289697,0.007264079286274414,0.02806966798177372,False,0.2671321124707719,0.2594585347439722,0.0019621269402492333,0.0019185400773397445,0.943,0.9533333333333334,0.011666666666666648,0.005333333333333368,0.9673333333333333,0.9696190476190477,0.93,0.9416666666666667,135.6,-0.010333333333333417
t30_none_n8,0.3,none,8,7,600,600,0.013360990626494151,0.004930788383123766,0.018351438554672153,False,0.015347517104299713,0.008587015193951327,0.021272063238784222,False,0.24945428253889926,0.23828263022274662,0.001590880417371513,0.001744042204950997,0.9295238095238095,0.9485714285714285,0.020476190476190443,0.005238095238095248,0.976468253968254,0.9782539682539683,0.9333333333333333,0.94,358.7,-0.01904761904761898
t30_none_n10,0.3,none,10,9,600,600,0.006896647636329495,0.002491326225944649,0.01195087533460437,False,0.01003936954936746,0.004196158414425217,0.014235261576437334,False,0.21686989716283972,0.2086082226155584,0.002151999589415396,0.002320643983420787,0.9359259259259258,0.9474074074074075,0.0148148148148148,0.007407407407407406,0.9825252525252525,0.9835555555555555,0.9266666666666666,0.9333333333333333,847.2,-0.011481481481481648
t30_none_n12,0.3,none,12,11,600,600,0.002744917696130139,-0.0008063322010419926,0.0075072149976774805,False,0.0029449325591259234,-0.0010153131489310531,0.007485396945585705,False,0.19725906779459687,0.1937308039498584,0.0020247981777407535,0.0014802715213692397,0.9386363636363637,0.9456060606060605,0.011666666666666624,0.005303030303030295,0.9868065268065269,0.9875058275058276,0.9266666666666666,0.935,1371.0,-0.006969696969696737
t05_strong_n5,0.05,strong,5,4,600,595,0.012978152429223067,-0.016167154596910233,0.05271672120401616,False,0.022230336659975647,-0.0038770097889534393,0.041446901498910595,False,0.5252259920317088,0.5169962875075493,0.04251576543801168,0.06804825174913151,0.9008403361344538,0.8483193277310923,0.04915966386554618,0.10168067226890753,0.9331092436974788,0.9321008403361343,0.907563025210084,0.9042016806722689,66.3,0.05252100840336149
t05_strong_n6,0.05,strong,6,5,600,600,-0.02140498713600064,-0.03815291600909518,0.002994450969539236,False,-0.004360355003250049,-0.021903101632921303,0.01732109242743596,False,0.4030325721579427,0.42875287310212185,0.036063511829744634,0.06357807458937026,0.915,0.8473333333333333,0.03499999999999996,0.1026666666666666,0.9523809523809524,0.9486666666666668,0.905,0.9133333333333333,117.1,0.06766666666666676
t05_strong_n8,0.05,strong,8,7,600,600,-0.03214008830749382,-0.05150609047189419,-0.01867164355177204,True,-0.03168456285149451,-0.04597628314318248,-0.015080353891918965,True,0.35578611657232356,0.383810089138889,0.030312372102419643,0.06557226045512556,0.9247619047619047,0.8150000000000001,0.029047619047619037,0.13499999999999995,0.9676190476190476,0.9613492063492064,0.9033333333333333,0.885,196.7,0.10976190476190462
t05_strong_n10,0.05,strong,10,9,600,600,-0.058682192159617175,-0.06730460794191971,-0.043000744303034966,True,-0.04404925291557982,-0.05590822640722928,-0.03271592946292736,True,0.2903471457559305,0.3499512158717611,0.024292455640376437,0.06297404369206067,0.9261111111111112,0.7692592592592593,0.024259259259259217,0.1807407407407407,0.9776969696969697,0.9715151515151514,0.9266666666666666,0.92,281.8,0.1568518518518519
t05_strong_n12,0.05,strong,12,11,600,600,-0.07307046437626247,-0.08579427992170524,-0.06278306810904312,True,-0.06762622174183605,-0.07654581781852564,-0.05839047238422663,True,0.24839694347396443,0.3185684470059322,0.02171007650265688,0.06171846468188377,0.9409090909090909,0.7506060606060605,0.014242424242424208,0.19939393939393935,0.9838228438228439,0.9774125874125875,0.935,0.9166666666666666,353.5,0.19030303030303042
t10_strong_n5,0.1,strong,5,4,600,595,0.018498452293102763,-0.015849149410386836,0.047573026438845104,False,0.030743766320638022,0.0025163522323596948,0.05550155595714474,False,0.5892251457896133,0.577983489716013,0.0562181238938755,0.08139695671765879,0.8747899159663866,0.8151260504201681,0.07521008403361343,0.1348739495798319,0.9245378151260503,0.9235294117647057,0.8857142857142857,0.8941176470588236,80.8,0.0596638655462185
t10_strong_n6,0.1,strong,6,5,600,600,-0.022862798978050658,-0.04056962174196736,-0.0007578349025117704,True,0.011421485033572876,-0.007907243265091913,0.03223905264872403,False,0.45820996318180285,0.5075445883888606,0.04712028619635973,0.07683435306215436,0.89,0.8110000000000002,0.05999999999999996,0.13899999999999996,0.9447619047619048,0.9382857142857144,0.905,0.9083333333333333,99.0,0.07899999999999985
t10_strong_n8,0.1,strong,8,7,600,600,-0.031516689142439436,-0.05364190744735817,-0.019226396752469625,True,-0.02979676258979036,-0.04455455925152075,-0.010160535628540022,True,0.3923628932432699,0.4293357914839571,0.041709514894802076,0.08064047269391914,0.9069047619047621,0.7649999999999999,0.04309523809523803,0.185,0.9611507936507938,0.9542857142857143,0.8933333333333333,0.8733333333333333,156.5,0.1419047619047622
t10_strong_n10,0.1,strong,10,9,600,600,-0.06403493813027628,-0.07906263433934944,-0.048570611840853185,True,-0.052457822474551774,-0.0636840006209381,-0.036536529366417256,True,0.3341027000091822,0.40076256470108457,0.03389138547962759,0.07712946588641877,0.9164814814814815,0.715925925925926,0.033518518518518475,0.23407407407407405,0.9738181818181818,0.9654343434343434,0.9233333333333333,0.9116666666666666,198.4,0.2005555555555555
t10_strong_n12,0.1,strong,12,11,600,600,-0.08967332235774617,-0.10030345587745547,-0.07630810398101362,True,-0.07878663305797973,-0.09058396303253366,-0.06829533516119525,True,0.2874260585237146,0.3717774777469424,0.03149491170805747,0.0764778176659348,0.9310606060606059,0.7006060606060606,0.021060606060606033,0.2493939393939394,0.9809557109557111,0.972843822843823,0.9166666666666666,0.9016666666666666,326.9,0.23045454545454536
t20_strong_n5,0.2,strong,5,4,600,596,-0.005207400700653064,-0.04108663932376948,0.020390367323880408,False,0.04824615124851184,0.0033418668348380535,0.0841318901337446,False,0.7574779098275176,0.7659411715194341,0.09996895385428045,0.13108529233545743,0.828020134228188,0.7298657718120805,0.12197986577181202,0.22013422818791945,0.89748322147651,0.8874161073825503,0.860738255033557,0.8557046979865772,70.3,0.09815436241610753
t20_strong_n6,0.2,strong,6,5,600,600,-0.02866582201515111,-0.053856486542167105,-0.010583694372086524,True,0.045788029989682344,0.01326910258684549,0.06965816405086082,False,0.6161323397370935,0.6652861814310811,0.08623511132724773,0.12492032716189208,0.851,0.7256666666666666,0.09899999999999998,0.22433333333333327,0.9213333333333334,0.9102857142857143,0.8883333333333333,0.87,101.5,0.1253333333333334
t20_strong_n8,0.2,strong,8,7,600,600,-0.06608553626322355,-0.08951757287924253,-0.04433568096073903,True,-0.015307673276008904,-0.040785111880124604,0.01605875332859723,False,0.5546733908870799,0.6105396888392681,0.08060170780848093,0.13077902994495058,0.8619047619047617,0.6530952380952381,0.08809523809523807,0.2969047619047619,0.9398412698412699,0.9295238095238096,0.8583333333333333,0.8416666666666667,149.5,0.20880952380952367
t20_strong_n10,0.2,strong,10,9,600,600,-0.0882862810120526,-0.10171127153144342,-0.06978579547356589,True,-0.04665186858591097,-0.07266365323021858,-0.022798808913966705,True,0.4793823609575514,0.5692938584966324,0.07175485972597051,0.12750338639144265,0.8707407407407408,0.6018518518518519,0.0792592592592592,0.3481481481481481,0.9594343434343434,0.9437575757575758,0.895,0.8733333333333333,209.6,0.26888888888888896
t20_strong_n12,0.2,strong,12,11,600,600,-0.12223366455581214,-0.1363323418613778,-0.1059197269780474,True,-0.1089822086320334,-0.12696087722206614,-0.08999244841773534,True,0.4198046163488792,0.542903434165568,0.06663576147499474,0.1263251662862029,0.8910606060606061,0.5654545454545455,0.058939393939393896,0.3845454545454545,0.96988344988345,0.9549766899766902,0.8833333333333333,0.8566666666666667,336.1,0.32560606060606057
t30_strong_n5,0.3,strong,5,4,600,598,-0.03984130178105605,-0.08801873921588754,-0.008932647341480844,True,0.10303788718839613,0.05445241921653502,0.15753477713497752,False,0.9496075738099103,0.9979713508610923,0.16315611861256937,0.20186655221364433,0.7713210702341137,0.649247491638796,0.17867892976588626,0.30075250836120393,0.8523411371237457,0.837458193979933,0.7859531772575251,0.7909698996655519,71.1,0.12207357859531764
t30_strong_n6,0.3,strong,6,5,600,600,-0.03989209679438732,-0.06733043286341009,-0.011565197558782162,True,0.09404588573012451,0.05222158003793852,0.13555056143217717,False,0.832363571025299,0.8721687360659768,0.13850969003952773,0.18927347588021534,0.7916666666666666,0.6386666666666666,0.15833333333333327,0.3113333333333333,0.8885714285714287,0.8733333333333333,0.8166666666666667,0.8016666666666666,101.1,0.15300000000000002
t30_strong_n8,0.3,strong,8,7,600,600,-0.08041321259517642,-0.11372340570567623,-0.058583991652363554,True,-0.010052277789164843,-0.039565000880829884,0.022277772456562674,False,0.7447505235140557,0.8127219643466496,0.13475900866097215,0.19867002978653872,0.8099999999999999,0.540952380952381,0.13999999999999996,0.40904761904761894,0.9139285714285715,0.8919444444444445,0.8166666666666667,0.7883333333333333,147.6,0.269047619047619
t30_strong_n10,0.3,strong,10,9,600,600,-0.12417210552956626,-0.14441579451642453,-0.10524881203045493,True,-0.07269945191494609,-0.10595893515418539,-0.047318864565147285,True,0.66085996402688,0.7727381758649479,0.12055176892182118,0.1947579919814132,0.829074074074074,0.4927777777777778,0.12092592592592588,0.45722222222222225,0.9402828282828282,0.9127676767676767,0.8566666666666667,0.8166666666666667,203.8,0.33629629629629615
t30_strong_n12,0.3,strong,12,11,600,600,-0.15397803435001156,-0.17111509346962714,-0.13719088721835979,True,-0.14583666642232773,-0.1640419917088115,-0.12547228063121296,True,0.5904911157333838,0.7390803687997977,0.11357963561753749,0.19195135273851358,0.8395454545454547,0.44090909090909086,0.11106060606060603,0.509090909090909,0.9529953379953381,0.927925407925408,0.8416666666666667,0.8166666666666667,260.3,0.39863636363636384
