rep,method,contrast,d_hat,ci_low,ci_high,d_true
0,common_DL,1,-0.6572231526792666,-0.9553845584701693,-0.3590617468883638,-0.47984419726469013
0,common_DL,2,-1.0802370918017714,-1.4688006681270012,-0.6916735154765418,-0.7385648344140212
0,common_DL,3,0.3572720617851326,-0.1498389227117023,0.8643830462819675,0.5430229466666565
0,common_DL,4,-0.4366057346982879,-0.9663194212816302,0.09310795188505439,-0.26100773826068624
0,common_DL,5,-0.7409859359466511,-1.2946376024558197,-0.18733426943748244,-0.5842538586727175
0,comp_specific,1,-0.637353669719902,-0.8563937862121924,-0.4183135532276117,-0.47984419726469013
0,comp_specific,2,-1.0541986666564878,-1.3808869397364603,-0.7275103935765153,-0.7385648344140212
0,comp_specific,3,0.29953916758101873,-0.3374504391879245,0.936528774349962,0.5430229466666565
0,comp_specific,4,-0.49117564707184114,-1.1306797023757165,0.14832840823203408,-0.26100773826068624
0,comp_specific,5,-0.7776995764338257,-1.4158415394579715,-0.13955761340967976,-0.5842538586727175
0,adaptshrink,1,-0.6519329620599137,-0.9375695790622268,-0.36629634505760056,-0.47984419726469013
0,adaptshrink,2,-1.0725327973533898,-1.4514632309666995,-0.69360236374008,-0.7385648344140212
0,adaptshrink,3,0.3326522870913817,-0.21091892419310598,0.8762234983758694,0.5430229466666565
0,adaptshrink,4,-0.4597290240746167,-1.0201223812755125,0.10066433312627909,-0.26100773826068624
0,adaptshrink,5,-0.7595506327045698,-1.3354673330063873,-0.18363393240275216,-0.5842538586727175
1,common_DL,1,0.5264488379117228,0.20597039575595916,0.8469272800674865,0.5801944832908739
1,common_DL,2,-1.2684440682648506,-1.8991147484433424,-0.6377733880863588,-0.6820236309017158
1,common_DL,3,-1.1943607684533923,-1.810285962428653,-0.5784355744781318,-0.8730054407555423
1,common_DL,4,-0.1976270967511763,-0.7462474207986945,0.35099322729634197,0.06937069830772365
1,common_DL,5,-0.8332621890510485,-1.1669092063588926,-0.4996151717432044,-0.7411351604299211
1,comp_specific,1,0.5313270590237504,0.1272230845906731,0.9354310334568278,0.5801944832908739
1,comp_specific,2,-1.2560375520232423,-1.9406888081232119,-0.5713862959232727,-0.6820236309017158
1,comp_specific,3,-1.2259856248812513,-1.9000130332860043,-0.5519582164764982,-0.8730054407555423
1,comp_specific,4,-0.22846110876918918,-0.7537026240793256,0.29678040654094723,0.06937069830772365
1,comp_specific,5,-0.8610333450969656,-1.0879954872901088,-0.6340712029038225,-0.7411351604299211
1,adaptshrink,1,0.5283431587013829,0.18905769192803001,0.8676286254747358,0.5801944832908739
1,adaptshrink,2,-1.265363439377377,-1.9079333723675997,-0.622793506387154,-0.6820236309017158
1,adaptshrink,3,-1.2016687695272532,-1.830080877880054,-0.5732566611744525,-0.8730054407555423
1,adaptshrink,4,-0.20223826797884847,-0.7481980079611326,0.3437214720034356,0.06937069830772365
1,adaptshrink,5,-0.8373907156985624,-1.154599736196389,-0.520181695200736,-0.7411351604299211
2,common_DL,1,-0.20270869281033832,-0.6953872351454199,0.28996984952474325,-0.4201300159973277
2,common_DL,2,0.4932478083554812,-0.10151367317994242,1.0880092898909048,0.1463502418983874
2,common_DL,3,-0.7124566348287924,-1.2645422319744983,-0.16037103768308658,-1.0942927927080424
2,common_DL,4,0.4739476663093716,-0.05841983676267626,1.0063151693814194,0.11190861734140273
2,common_DL,5,0.2458225015919634,-0.04140762991466845,0.5330526330985952,0.08932205811847337
2,comp_specific,1,-0.2017773730174235,-0.6993767636532733,0.2958220176184263,-0.4201300159973277
2,comp_specific,2,0.49631226147044527,-0.14126227641050704,1.1338867993513975,0.1463502418983874
2,comp_specific,3,-0.713747158406606,-1.2742428245279884,-0.1532514922852235,-1.0942927927080424
2,comp_specific,4,0.47279284509361563,-0.06656575152121225,1.0121514417084434,0.11190861734140273
2,comp_specific,5,0.24555258385636825,-0.04238919459352242,0.5334943623062589,0.08932205811847337
2,adaptshrink,1,-0.20289234380645005,-0.6965606760916243,0.2907759884787242,-0.4201300159973277
2,adaptshrink,2,0.492643515532133,-0.11093859692803759,1.0962256279923035,0.1463502418983874
2,adaptshrink,3,-0.7122021508777585,-1.2659828830533932,-0.1584214187021239,-1.0942927927080424
2,adaptshrink,4,0.47417539052206825,-0.059600068638580916,1.0079508496827174,0.11190861734140273
2,adaptshrink,5,0.2458757278429109,-0.04149711879388157,0.5332485744797033,0.08932205811847337
3,common_DL,1,0.2445088088623366,0.013555306527338967,0.4754623111973343,0.35983085946123233
3,common_DL,2,-0.7954337916568628,-1.387463671328543,-0.20340391198518248,-0.1429309700145114
3,common_DL,3,-0.24054966690474633,-0.9604388145743137,0.479339480764821,0.04743562128196021
3,common_DL,4,-0.9838085490762641,-1.7179560704838415,-0.24966102766868692,-0.33213724614276924
3,common_DL,5,0.15298475769974923,-0.5417693160075447,0.8477388314070431,0.5060265149205233
3,comp_specific,1,0.2445088088623366,0.013555306527338967,0.4754623111973343,0.35983085946123233
3,comp_specific,2,-0.7954337916568628,-1.387463671328543,-0.20340391198518248,-0.1429309700145114
3,comp_specific,3,-0.24054966690474633,-0.9604388145743137,0.479339480764821,0.04743562128196021
3,comp_specific,4,-0.9838085490762641,-1.7179560704838415,-0.24966102766868692,-0.33213724614276924
3,comp_specific,5,0.15298475769974923,-0.5417693160075447,0.8477388314070431,0.5060265149205233
3,adaptshrink,1,0.2445088088623366,0.013555306527338967,0.4754623111973343,0.35983085946123233
3,adaptshrink,2,-0.7954337916568628,-1.387463671328543,-0.20340391198518248,-0.1429309700145114
3,adaptshrink,3,-0.24054966690474633,-0.9604388145743137,0.479339480764821,0.04743562128196021
3,adaptshrink,4,-0.9838085490762641,-1.7179560704838415,-0.24966102766868692,-0.33213724614276924
3,adaptshrink,5,0.15298475769974923,-0.5417693160075447,0.8477388314070431,0.5060265149205233
4,common_DL,1,0.4400462053676535,-0.12936006908188913,1.0094524798171962,0.5443074354430172
4,common_DL,2,0.8762424375609204,-0.015312692268736772,1.7677975673905775,0.6134991567750318
4,common_DL,3,1.2116570441574992,0.2838115123839132,2.1395025759310853,0.9314723552257497
4,common_DL,4,-0.3302820643645551,-1.2465234156893796,0.5859592869602693,-0.4167850688379317
4,common_DL,5,0.6825924147750981,-0.12725150289319676,1.492436332443393,0.4866371039641779
4,comp_specific,1,0.4400462053676535,-0.12936006908188913,1.0094524798171962,0.5443074354430172
4,comp_specific,2,0.8762424375609204,-0.015312692268736772,1.7677975673905775,0.6134991567750318
4,comp_specific,3,1.2116570441574992,0.2838115123839132,2.1395025759310853,0.9314723552257497
4,comp_specific,4,-0.3302820643645551,-1.2465234156893796,0.5859592869602693,-0.4167850688379317
4,comp_specific,5,0.6825924147750981,-0.12725150289319676,1.492436332443393,0.4866371039641779
4,adaptshrink,1,0.4400462053676535,-0.12936006908188913,1.0094524798171962,0.5443074354430172
4,adaptshrink,2,0.8762424375609204,-0.015312692268736772,1.7677975673905775,0.6134991567750318
4,adaptshrink,3,1.2116570441574992,0.2838115123839132,2.1395025759310853,0.9314723552257497
4,adaptshrink,4,-0.3302820643645551,-1.2465234156893796,0.5859592869602693,-0.4167850688379317
4,adaptshrink,5,0.6825924147750981,-0.12725150289319676,1.492436332443393,0.4866371039641779
5,common_DL,1,0.34315819604207753,-0.3710014553106862,1.0573178473948412,0.17391034012864204
5,common_DL,2,0.8552639719454682,0.10418655120517328,1.606341392685763,0.9266580898718197
5,common_DL,3,-0.13961028652199298,-0.8586877286667218,0.5794671556227358,0.0313357697358537
5,common_DL,4,-0.8822149576719149,-1.412565405851033,-0.3518645094927967,-0.4446972084050579
5,common_DL,5,0.1383085075503685,-0.28725321941945625,0.5638702345201932,0.39487490732424774
5,comp_specific,1,0.33457844376897095,-0.38435004221244595,1.0535069297503878,0.17391034012864204
5,comp_specific,2,0.8394546272713477,0.07308570755405108,1.6058235469886442,0.9266580898718197
5,comp_specific,3,-0.15746483115884347,-0.8968350914169018,0.5819054290992148,0.0313357697358537
5,comp_specific,4,-0.9051491353686114,-1.4796953187963884,-0.33060295194083456,-0.4446972084050579
5,comp_specific,5,0.1416959259077848,-0.30776703177779186,0.5911588835933614,0.39487490732424774
5,adaptshrink,1,0.3412066799013943,-0.37394680429107263,1.0563601640938614,0.17391034012864204
5,adaptshrink,2,0.8516680416291751,0.09738672084436206,1.605949362413988,0.9266580898718197
5,adaptshrink,3,-0.14367140984283278,-0.8670136370866917,0.5796708174010261,0.0313357697358537
5,adaptshrink,4,-0.8874314740145437,-1.4272660783665323,-0.347596869662555,-0.4446972084050579
5,adaptshrink,5,0.13911235587313775,-0.2913922460666579,0.5696169578129334,0.39487490732424774
6,common_DL,1,0.6931722553672046,-0.1375151954021383,1.5238597061365475,0.564440361681198
6,common_DL,2,0.32079257926347376,-0.6414063228348483,1.282991481361796,0.3004313848801251
6,common_DL,3,-0.5182880928402727,-1.6084977030503467,0.5719215173698013,-0.5473974106517984
6,common_DL,4,-0.7706390853543674,-1.793751186878644,0.25247301616990914,-0.4211684950212706
6,common_DL,5,-0.2614035286372507,-1.0059607796539485,0.4831537223794472,0.1733708251596889
6,comp_specific,1,0.634188017310965,-0.22039208424860213,1.488768118870532,0.564440361681198
6,comp_specific,2,0.18800440363838106,-0.6977784931794055,1.0737873004561678,0.3004313848801251
6,comp_specific,3,-0.7105247697805465,-1.8481444705895895,0.4270949310284967,-0.5473974106517984
6,comp_specific,4,-1.0502490782767055,-2.3400673643640357,0.23956920781062463,-0.4211684950212706
6,comp_specific,5,-0.6040397348785382,-1.8884586591825896,0.6803791894255131,0.1733708251596889
6,adaptshrink,1,0.6832345502456336,-0.15373909000915276,1.52020819050042,0.564440361681198
6,adaptshrink,2,0.2888011018776703,-0.6667816633491248,1.2443838671044654,0.3004313848801251
6,adaptshrink,3,-0.5602954947418223,-1.6737300444432397,0.5531390549595953,-0.5473974106517984
6,adaptshrink,4,-0.8273672038123571,-1.9366283233846606,0.2818939157599464,-0.4211684950212706
6,adaptshrink,5,-0.32875034699768224,-1.2573103706950584,0.5998096766996939,0.1733708251596889
7,common_DL,1,-0.2152116284686218,-0.9575596753120237,0.52713641837478,0.36518502637760414
7,common_DL,2,-0.6226202614255277,-1.3785413008745424,0.13330077802348683,-0.10690761899032998
7,common_DL,3,-1.1473216014731606,-1.8540646688497335,-0.44057853409658776,-0.7563018041910213
7,common_DL,4,-0.809651814526338,-1.458585952977907,-0.16071767607476906,-0.08660512988709035
7,common_DL,5,0.3293085952705646,-0.11585553145533284,0.774472721996462,0.6521998512854692
7,comp_specific,1,-0.23805635277432768,-0.9977157897723978,0.5216030842237425,0.36518502637760414
7,comp_specific,2,-0.6606975458313231,-1.4629782667551412,0.14158317509249485,-0.10690761899032998
7,comp_specific,3,-1.1916437463492937,-1.9645352039913855,-0.41875228870720194,-0.7563018041910213
7,comp_specific,4,-0.8040353142068865,-1.4185708402707147,-0.18949978814305835,-0.08660512988709035
7,comp_specific,5,0.33507926821088974,-0.11194449815279495,0.7821030345745744,0.6521998512854692
7,adaptshrink,1,-0.22489937338149305,-0.9712090647932736,0.5214103180302876,0.36518502637760414
7,adaptshrink,2,-0.6387676665489985,-1.4054494876660093,0.12791415456801225,-0.10690761899032998
7,adaptshrink,3,-1.1661172598407297,-1.8883949788121646,-0.4438395408692949,-0.7563018041910213
7,adaptshrink,4,-0.8048639437414351,-1.4481075604333973,-0.16162032704947293,-0.08660512988709035
7,adaptshrink,5,0.33175576016839287,-0.11383083596323867,0.7773423563000244,0.6521998512854692
8,common_DL,1,-0.4871451861500136,-0.6998728207171848,-0.2744175515828424,-0.3633146394749202
8,common_DL,2,-0.09912529743646126,-0.4122178547600737,0.2139672598871512,-0.08401229943868303
8,common_DL,3,0.5815320723033922,0.24887871983226656,0.9141854247745178,0.6118077525981749
8,common_DL,4,-0.2855322756908206,-0.5977213648451679,0.026656813463526663,-0.06051798030871396
8,common_DL,5,-0.11957467290972283,-0.31518937054526974,0.07604002472582407,-0.1402721278174807
8,comp_specific,1,-0.4871451861500136,-0.6998728207171848,-0.2744175515828424,-0.3633146394749202
8,comp_specific,2,-0.09912529743646126,-0.4122178547600737,0.2139672598871512,-0.08401229943868303
8,comp_specific,3,0.5815320723033922,0.24887871983226656,0.9141854247745178,0.6118077525981749
8,comp_specific,4,-0.2855322756908206,-0.5977213648451679,0.026656813463526663,-0.06051798030871396
8,comp_specific,5,-0.11957467290972283,-0.31518937054526974,0.07604002472582407,-0.1402721278174807
8,adaptshrink,1,-0.4871451861500136,-0.6998728207171848,-0.2744175515828424,-0.3633146394749202
8,adaptshrink,2,-0.09912529743646126,-0.4122178547600737,0.2139672598871512,-0.08401229943868303
8,adaptshrink,3,0.5815320723033922,0.24887871983226656,0.9141854247745178,0.6118077525981749
8,adaptshrink,4,-0.2855322756908206,-0.5977213648451679,0.026656813463526663,-0.06051798030871396
8,adaptshrink,5,-0.11957467290972283,-0.31518937054526974,0.07604002472582407,-0.1402721278174807
9,common_DL,1,-0.1308948026623102,-0.3228240017377181,0.06103439641309763,-0.29474075893597723
9,common_DL,2,0.5581049429528634,-0.050830532455196975,1.1670404183609238,-0.10562453266761414
9,common_DL,3,0.48554881737167455,-0.16441140733516424,1.1355090420785134,-0.018968853343254374
9,common_DL,4,-0.039056417037187735,-0.6795510763058595,0.601438242231484,-0.23855725193492164
9,common_DL,5,-0.005979882056903529,-0.4404498823067239,0.4284901181929168,-0.07247438473338479
9,comp_specific,1,-0.1308948026623102,-0.3228240017377181,0.06103439641309763,-0.29474075893597723
9,comp_specific,2,0.5581049429528634,-0.050830532455196975,1.1670404183609238,-0.10562453266761414
9,comp_specific,3,0.48554881737167455,-0.16441140733516424,1.1355090420785134,-0.018968853343254374
9,comp_specific,4,-0.039056417037187735,-0.6795510763058595,0.601438242231484,-0.23855725193492164
9,comp_specific,5,-0.005979882056903529,-0.4404498823067239,0.4284901181929168,-0.07247438473338479
9,adaptshrink,1,-0.1308948026623102,-0.3228240017377181,0.06103439641309763,-0.29474075893597723
9,adaptshrink,2,0.5581049429528634,-0.050830532455196975,1.1670404183609238,-0.10562453266761414
9,adaptshrink,3,0.48554881737167455,-0.16441140733516424,1.1355090420785134,-0.018968853343254374
9,adaptshrink,4,-0.039056417037187735,-0.6795510763058595,0.601438242231484,-0.23855725193492164
9,adaptshrink,5,-0.005979882056903529,-0.4404498823067239,0.4284901181929168,-0.07247438473338479
10,common_DL,1,-0.6934766946622948,-1.0281811195087351,-0.35877226981585447,-0.6049610943783909
10,common_DL,2,-1.3267700639764146,-1.82240291105973,-0.8311372168930993,-0.8873026808771347
10,common_DL,3,-0.4564621618551871,-1.07602892198783,0.16310459827745577,-0.35125727370108956
10,common_DL,4,-0.710586834716817,-1.2367451362290678,-0.18442853320456631,-0.892340326678168
10,common_DL,5,-0.25202828386214104,-0.7033312376849942,0.19927466996071208,-0.20828106367554508
10,comp_specific,1,-0.6934766946622948,-1.0281811195087351,-0.35877226981585447,-0.6049610943783909
10,comp_specific,2,-1.3267700639764146,-1.82240291105973,-0.8311372168930993,-0.8873026808771347
10,comp_specific,3,-0.4564621618551871,-1.07602892198783,0.16310459827745577,-0.35125727370108956
10,comp_specific,4,-0.710586834716817,-1.2367451362290678,-0.18442853320456631,-0.892340326678168
10,comp_specific,5,-0.25202828386214104,-0.7033312376849942,0.19927466996071208,-0.20828106367554508
10,adaptshrink,1,-0.6934766946622948,-1.0281811195087351,-0.35877226981585447,-0.6049610943783909
10,adaptshrink,2,-1.3267700639764146,-1.82240291105973,-0.8311372168930993,-0.8873026808771347
10,adaptshrink,3,-0.4564621618551871,-1.07602892198783,0.16310459827745577,-0.35125727370108956
10,adaptshrink,4,-0.710586834716817,-1.2367451362290678,-0.18442853320456631,-0.892340326678168
10,adaptshrink,5,-0.25202828386214104,-0.7033312376849942,0.19927466996071208,-0.20828106367554508
11,common_DL,1,0.327809894174073,-0.0960462533110315,0.7516660416591776,0.05881198004323777
11,common_DL,2,0.2829982891084781,-0.22590223344750643,0.7918988116644625,-0.29850027977910204
11,common_DL,3,-0.2833887958086089,-0.8770496860227988,0.310272094405581,-0.776528922548844
11,common_DL,4,0.27685345081466717,-0.32867389659393387,0.8823807982232682,0.11860883709702957
11,common_DL,5,-0.0051230737551931915,-0.6214887867491978,0.6112426392388115,-0.11020901429929322
11,comp_specific,1,0.34525591021122104,-0.0650725933264561,0.7555844137488982,0.05881198004323777
11,comp_specific,2,0.23538364618331253,-0.3056359243204785,0.7764032166871035,-0.29850027977910204
11,comp_specific,3,-0.32304599263714107,-0.9334887962080071,0.28739681093372493,-0.776528922548844
11,comp_specific,4,0.24469696534745877,-0.3723872154431226,0.8617811461380401,0.11860883709702957
11,comp_specific,5,-0.03298589667561341,-0.6578977790956655,0.5919259857444386,-0.11020901429929322
11,adaptshrink,1,0.33158330264443814,-0.08981949927181154,0.7529861045606878,0.05881198004323777
11,adaptshrink,2,0.27142493247200394,-0.2446204619097797,0.7874703268537876,-0.29850027977910204
11,adaptshrink,3,-0.2930334245015741,-0.890439035566073,0.30437218656292475,-0.776528922548844
11,adaptshrink,4,0.2690593531440756,-0.33902143688531583,0.877140143173467,0.11860883709702957
11,adaptshrink,5,-0.011876472332957771,-0.6301266404536847,0.6063736957877692,-0.11020901429929322
12,common_DL,1,-0.527665388257302,-0.8697697748447442,-0.18556100166985995,-0.4677013266562775
12,common_DL,2,-0.0015782241911127398,-0.401153666115838,0.3979972177336125,0.025467446514330163
12,common_DL,3,0.16751844840644747,-0.4257808480563312,0.7608177448692262,0.015177928503603619
12,common_DL,4,0.12045731575634885,-0.33734418717968173,0.5782588186923794,0.2094918326508982
12,common_DL,5,-0.1524708725266227,-0.5343441515702958,0.22940240651705043,-0.204324325323238
12,comp_specific,1,-0.527665388257302,-0.8697697748447442,-0.18556100166985995,-0.4677013266562775
12,comp_specific,2,-0.0015782241911127398,-0.401153666115838,0.3979972177336125,0.025467446514330163
12,comp_specific,3,0.16751844840644747,-0.4257808480563312,0.7608177448692262,0.015177928503603619
12,comp_specific,4,0.12045731575634885,-0.33734418717968173,0.5782588186923794,0.2094918326508982
12,comp_specific,5,-0.1524708725266227,-0.5343441515702958,0.22940240651705043,-0.204324325323238
12,adaptshrink,1,-0.527665388257302,-0.8697697748447442,-0.18556100166985995,-0.4677013266562775
12,adaptshrink,2,-0.0015782241911127398,-0.401153666115838,0.3979972177336125,0.025467446514330163
12,adaptshrink,3,0.16751844840644747,-0.4257808480563312,0.7608177448692262,0.015177928503603619
12,adaptshrink,4,0.12045731575634885,-0.33734418717968173,0.5782588186923794,0.2094918326508982
12,adaptshrink,5,-0.1524708725266227,-0.5343441515702958,0.22940240651705043,-0.204324325323238
13,common_DL,1,0.8676069256098187,0.5191001109333884,1.216113740286249,0.7546894886575789
13,common_DL,2,-0.8258689815761637,-1.426765575164538,-0.2249723879877894,-0.78156599766749
13,common_DL,3,0.6206947916715991,0.0846260315307813,1.1567635518124169,0.5280321048949826
13,common_DL,4,0.28826314216044535,-0.2159634198528625,0.7924897041737532,0.0037787943018747503
13,common_DL,5,0.5162307555755103,0.054096850303179345,0.9783646608478413,0.20638641127605584
13,comp_specific,1,0.8676069256098187,0.5191001109333884,1.216113740286249,0.7546894886575789
13,comp_specific,2,-0.8258689815761637,-1.426765575164538,-0.2249723879877894,-0.78156599766749
13,comp_specific,3,0.6206947916715991,0.0846260315307813,1.1567635518124169,0.5280321048949826
13,comp_specific,4,0.28826314216044535,-0.2159634198528625,0.7924897041737532,0.0037787943018747503
13,comp_specific,5,0.5162307555755103,0.054096850303179345,0.9783646608478413,0.20638641127605584
13,adaptshrink,1,0.8676069256098187,0.5191001109333884,1.216113740286249,0.7546894886575789
13,adaptshrink,2,-0.8258689815761637,-1.426765575164538,-0.2249723879877894,-0.78156599766749
13,adaptshrink,3,0.6206947916715991,0.0846260315307813,1.1567635518124169,0.5280321048949826
13,adaptshrink,4,0.28826314216044535,-0.2159634198528625,0.7924897041737532,0.0037787943018747503
13,adaptshrink,5,0.5162307555755103,0.054096850303179345,0.9783646608478413,0.20638641127605584
14,common_DL,1,-0.6132370696675219,-1.1069437066282317,-0.11953043270681196,-0.6801096864000615
14,common_DL,2,-0.6494673412543631,-1.2733813187501153,-0.02555336375861106,-0.9338575200161268
14,common_DL,3,0.3696764243906169,-0.29009578419335247,1.0294486329745862,-0.046673996732019316
14,common_DL,4,0.9362882405134035,0.27588557237141886,1.5966909086553882,0.46056030459503083
14,common_DL,5,0.4184793570330715,-0.22668652509039944,1.0636452391565423,0.1415752235243085
14,comp_specific,1,-0.6151989886958942,-1.1115344334920185,-0.11886354389976972,-0.6801096864000615
14,comp_specific,2,-0.6532510141670249,-1.2848748731664252,-0.02162715516762459,-0.9338575200161268
14,comp_specific,3,0.3774737312831383,-0.3127498708053802,1.0676973333716568,-0.046673996732019316
14,comp_specific,4,0.9410737329128438,0.2690496167562878,1.6130978490694,0.46056030459503083
14,comp_specific,5,0.4227767490263652,-0.23199502626518032,1.0775485243179106,0.1415752235243085
14,adaptshrink,1,-0.614095414988963,-1.1083379349904243,-0.11985289498750185,-0.6801096864000615
14,adaptshrink,2,-0.6511227092361598,-1.276612724901669,-0.025632693570650678,-0.9338575200161268
14,adaptshrink,3,0.37308776899468116,-0.29299164218675217,1.0391671801761144,-0.046673996732019316
14,adaptshrink,4,0.9383819074550352,0.2755987027546263,1.6011651121554442,0.46056030459503083
14,adaptshrink,5,0.42035947861735024,-0.22677197995239085,1.0674909371870913,0.1415752235243085
15,common_DL,1,1.4014258719164991,0.7099616574057238,2.0928900864272744,1.0303780766770976
15,common_DL,2,0.24288487058491554,-0.4729791597020733,0.9587489008719043,-0.531638048759795
15,common_DL,3,1.15852519731778,0.43726773464309465,1.8797826599924652,0.10496741004913795
15,common_DL,4,0.610711447081137,-0.09537654078397628,1.3167994349462502,0.13303158947645494
15,common_DL,5,0.8102483518646948,0.39541854278074656,1.225078160948643,0.6818184405966577
15,comp_specific,1,1.4014258719164991,0.7099616574057238,2.0928900864272744,1.0303780766770976
15,comp_specific,2,0.24288487058491554,-0.4729791597020733,0.9587489008719043,-0.531638048759795
15,comp_specific,3,1.15852519731778,0.43726773464309465,1.8797826599924652,0.10496741004913795
15,comp_specific,4,0.610711447081137,-0.09537654078397628,1.3167994349462502,0.13303158947645494
15,comp_specific,5,0.8102483518646948,0.39541854278074656,1.225078160948643,0.6818184405966577
15,adaptshrink,1,1.4014258719164991,0.7099616574057238,2.0928900864272744,1.0303780766770976
15,adaptshrink,2,0.24288487058491554,-0.4729791597020733,0.9587489008719043,-0.531638048759795
15,adaptshrink,3,1.15852519731778,0.43726773464309465,1.8797826599924652,0.10496741004913795
15,adaptshrink,4,0.610711447081137,-0.09537654078397628,1.3167994349462502,0.13303158947645494
15,adaptshrink,5,0.8102483518646948,0.39541854278074656,1.225078160948643,0.6818184405966577
16,common_DL,1,0.2118275444171751,-0.06469807714791581,0.488353165982266,0.29198122961284534
16,common_DL,2,-0.3141551342021214,-0.8118825340880302,0.18357226568378748,-0.11954751466390598
16,common_DL,3,-0.38389014063663107,-0.8542847499561864,0.08650446868292427,-0.15953529305229
16,common_DL,4,-0.4657748918358037,-0.9209900462543243,-0.010559737417283055,-0.03783012055642233
16,common_DL,5,-0.41954942577371734,-0.8465813890704337,0.007482537522999044,-0.20541656478080744
16,comp_specific,1,0.21216835595467465,-0.06459780116637165,0.48893451307572094,0.29198122961284534
16,comp_specific,2,-0.3126625485957021,-0.812947635776756,0.18762253858535183,-0.11954751466390598
16,comp_specific,3,-0.3803600249317937,-0.8656945442386192,0.10497449437503176,-0.15953529305229
16,comp_specific,4,-0.46689624427770604,-0.9236911530421346,-0.010101335513277576,-0.03783012055642233
16,comp_specific,5,-0.42048946929153336,-0.8487053158225707,0.007726377239503979,-0.20541656478080744
16,adaptshrink,1,0.21200926097986428,-0.06456534269427533,0.4885838646540039,0.29198122961284534
16,adaptshrink,2,-0.3133593057278037,-0.8116084311992481,0.18488981974364072,-0.11954751466390598
16,adaptshrink,3,-0.38200792591912347,-0.8554820268856611,0.09146617504741422,-0.15953529305229
16,adaptshrink,4,-0.46637278330626475,-0.9219099680050855,-0.01083559860744393,-0.03783012055642233
16,adaptshrink,5,-0.42005064553314553,-0.8473238745450109,0.007222583478719846,-0.20541656478080744
17,common_DL,1,-0.5284496562740005,-1.1602815657759462,0.10338225322794514,-0.07692291939701591
17,common_DL,2,-0.00814552770305732,-0.7319224346207979,0.7156313792146832,0.11131353138487934
17,common_DL,3,-0.20227731331896548,-0.9246907585827127,0.5201361319447817,-0.24154364349409602
17,common_DL,4,-0.4371369790810485,-1.1293390236351242,0.25506506547302715,-0.1706013986762024
17,common_DL,5,0.39713017609268597,0.07131281205843076,0.7229475401269412,0.4818167301393455
17,comp_specific,1,-0.5284496562740005,-1.1602815657759462,0.10338225322794514,-0.07692291939701591
17,comp_specific,2,-0.00814552770305732,-0.7319224346207979,0.7156313792146832,0.11131353138487934
17,comp_specific,3,-0.20227731331896548,-0.9246907585827127,0.5201361319447817,-0.24154364349409602
17,comp_specific,4,-0.4371369790810485,-1.1293390236351242,0.25506506547302715,-0.1706013986762024
17,comp_specific,5,0.39713017609268597,0.07131281205843076,0.7229475401269412,0.4818167301393455
17,adaptshrink,1,-0.5284496562740005,-1.1602815657759462,0.10338225322794514,-0.07692291939701591
17,adaptshrink,2,-0.00814552770305732,-0.7319224346207979,0.7156313792146832,0.11131353138487934
17,adaptshrink,3,-0.20227731331896548,-0.9246907585827127,0.5201361319447817,-0.24154364349409602
17,adaptshrink,4,-0.4371369790810485,-1.1293390236351242,0.25506506547302715,-0.1706013986762024
17,adaptshrink,5,0.39713017609268597,0.07131281205843076,0.7229475401269412,0.4818167301393455
18,common_DL,1,0.00034884430050485804,-0.6173971930568468,0.6180948816578565,-0.5785179730230433
18,common_DL,2,0.9138055763960415,0.24900639918860468,1.5786047536034784,-0.006247899981201868
18,common_DL,3,0.28874656672786814,-0.3638294345788342,0.9413225680345705,-0.15881193883270803
18,common_DL,4,-0.1394890437308075,-0.496579778222952,0.217601690761337,-0.5554754445459174
18,common_DL,5,0.8297657122941711,0.5797915874471831,1.079739837141159,0.7400277823502867
18,comp_specific,1,0.00034884430050485804,-0.6173971930568468,0.6180948816578565,-0.5785179730230433
18,comp_specific,2,0.9138055763960415,0.24900639918860468,1.5786047536034784,-0.006247899981201868
18,comp_specific,3,0.28874656672786814,-0.3638294345788342,0.9413225680345705,-0.15881193883270803
18,comp_specific,4,-0.1394890437308075,-0.496579778222952,0.217601690761337,-0.5554754445459174
18,comp_specific,5,0.8297657122941711,0.5797915874471831,1.079739837141159,0.7400277823502867
18,adaptshrink,1,0.00034884430050485804,-0.6173971930568468,0.6180948816578565,-0.5785179730230433
18,adaptshrink,2,0.9138055763960415,0.24900639918860468,1.5786047536034784,-0.006247899981201868
18,adaptshrink,3,0.28874656672786814,-0.3638294345788342,0.9413225680345705,-0.15881193883270803
18,adaptshrink,4,-0.1394890437308075,-0.496579778222952,0.217601690761337,-0.5554754445459174
18,adaptshrink,5,0.8297657122941711,0.5797915874471831,1.079739837141159,0.7400277823502867
19,common_DL,1,0.13216810915252825,-0.6133005657431523,0.8776367840482087,0.034307774636550735
19,common_DL,2,-0.23005428128214211,-1.0683881297261315,0.6082795671618473,-0.12233769564924328
19,common_DL,3,0.5947836436556929,-0.3167582466675073,1.506325533978893,0.35413639845283984
19,common_DL,4,-0.23816914333513683,-1.1300678899970047,0.653729603326731,0.03925657520623595
19,common_DL,5,-1.0901493766981725,-1.9180917458520028,-0.2622070075443421,-0.6670427402003417
19,comp_specific,1,0.1440005588291593,-0.614525051226472,0.9025261688847906,0.034307774636550735
19,comp_specific,2,-0.288069600975992,-1.261613381148876,0.6854741791968919,-0.12233769564924328
19,comp_specific,3,0.5504201080491151,-0.39068673061805304,1.4915269467162833,0.35413639845283984
19,comp_specific,4,-0.2600548378937333,-1.188853135561015,0.6687434597735484,0.03925657520623595
19,comp_specific,5,-1.1063245856621553,-1.9561399696092656,-0.256509201715045,-0.6670427402003417
19,adaptshrink,1,0.13892474236049962,-0.6096308146940663,0.8874802994150655,0.034307774636550735
19,adaptshrink,2,-0.2548575770952101,-1.1288916063503818,0.6191764521599616,-0.12233769564924328
19,adaptshrink,3,0.5777758678095752,-0.34380032185735643,1.499352057476507,0.35413639845283984
19,adaptshrink,4,-0.2506664380353381,-1.1513668699571764,0.6500339938865003,0.03925657520623595
19,adaptshrink,5,-1.0993858371961014,-1.9325166772596991,-0.2662549971325038,-0.6670427402003417
20,common_DL,1,-0.42837675960253563,-0.7508143109669032,-0.1059392082381681,-0.2505975046042369
20,common_DL,2,0.3972579602220149,0.024224862031583694,0.7702910584124462,-0.1971847252961453
20,common_DL,3,0.7618616827839633,0.2745989072418664,1.2491244583260601,0.15655629858067557
20,common_DL,4,0.7993702609698238,0.2201388054255512,1.3786017165140962,0.0009089082194503262
20,common_DL,5,-0.17281687517859265,-0.5961149696359491,0.25048121927876377,-0.7034886544151367
20,comp_specific,1,-0.4202535082287632,-0.7440677908130939,-0.09643922564443236,-0.2505975046042369
20,comp_specific,2,0.408528649045405,0.03320687392594052,0.7838504241648694,-0.1971847252961453
20,comp_specific,3,0.6865895819511928,0.126394071085703,1.2467850928166826,0.15655629858067557
20,comp_specific,4,0.7455001203255317,0.13342409967763436,1.357576140973429,0.0009089082194503262
20,comp_specific,5,-0.1880265084585477,-0.61499298502552,0.23893996810842458,-0.7034886544151367
20,adaptshrink,1,-0.42636228804515175,-0.7490842822193781,-0.10364029387092544,-0.2505975046042369
20,adaptshrink,2,0.40005295954213355,0.026546655086588877,0.7735592639976783,-0.1971847252961453
20,adaptshrink,3,0.7431950800635598,0.24002324277481624,1.2463669173523035,0.15655629858067557
20,adaptshrink,4,0.7860110946548937,0.1998545085828629,1.3721676807269245,0.0009089082194503262
20,adaptshrink,5,-0.17658868676374645,-0.6006460126470503,0.24746863911955735,-0.7034886544151367
21,common_DL,1,1.0276775829914635,0.7715490084775312,1.2838061575053958,0.9487943183945045
21,common_DL,2,-1.5214045214499021,-2.1627667618602247,-0.8800422810395796,-0.7656451491908117
21,common_DL,3,0.14770465975797004,-0.5238414905508104,0.8192508100667506,0.8199968150902254
21,common_DL,4,-1.226183860637684,-1.9256195634278381,-0.5267481578475299,-0.4018303623876088
21,common_DL,5,-0.9323543401195813,-1.6138972713872426,-0.2508114088519201,-0.16893472556754266
21,comp_specific,1,1.0276775829914635,0.7715490084775312,1.2838061575053958,0.9487943183945045
21,comp_specific,2,-1.5214045214499021,-2.1627667618602247,-0.8800422810395796,-0.7656451491908117
21,comp_specific,3,0.14770465975797004,-0.5238414905508104,0.8192508100667506,0.8199968150902254
21,comp_specific,4,-1.226183860637684,-1.9256195634278381,-0.5267481578475299,-0.4018303623876088
21,comp_specific,5,-0.9323543401195813,-1.6138972713872426,-0.2508114088519201,-0.16893472556754266
21,adaptshrink,1,1.0276775829914635,0.7715490084775312,1.2838061575053958,0.9487943183945045
21,adaptshrink,2,-1.5214045214499021,-2.1627667618602247,-0.8800422810395796,-0.7656451491908117
21,adaptshrink,3,0.14770465975797004,-0.5238414905508104,0.8192508100667506,0.8199968150902254
21,adaptshrink,4,-1.226183860637684,-1.9256195634278381,-0.5267481578475299,-0.4018303623876088
21,adaptshrink,5,-0.9323543401195813,-1.6138972713872426,-0.2508114088519201,-0.16893472556754266
22,common_DL,1,-0.5757661219114008,-1.1353779638040473,-0.016154280018754186,-0.49759970696476524
22,common_DL,2,0.368896044849231,-0.42634587509917854,1.1641379647976406,0.47422263942938453
22,common_DL,3,-0.7314070526573258,-1.613371000926031,0.15055689561137942,-0.5148040976913673
22,common_DL,4,-0.44682423839954777,-1.2572658049600027,0.3636173281609072,-0.04718815264907217
22,common_DL,5,-0.5093838987110106,-1.1452958233055786,0.12652802588355727,-0.2658361362517546
22,comp_specific,1,-0.5869294029754291,-1.1433363901184408,-0.030522415832417327,-0.49759970696476524
22,comp_specific,2,0.4081014863426834,-0.32757774928182193,1.1437807219671887,0.47422263942938453
22,comp_specific,3,-0.7205168865725007,-1.5654218501166073,0.12438807697160592,-0.5148040976913673
22,comp_specific,4,-0.41731644443575344,-1.2121908610218801,0.37755797215037334,-0.04718815264907217
22,comp_specific,5,-0.4943040078291616,-1.1250633060946882,0.13645529043636506,-0.2658361362517546
22,adaptshrink,1,-0.5779020253999128,-1.1369192194414257,-0.01888483135839969,-0.49759970696476524
22,adaptshrink,2,0.37618634958179853,-0.4077481078250641,1.1601208069886613,0.47422263942938453
22,adaptshrink,3,-0.7295343930755512,-1.6042368095123067,0.14516802336120416,-0.5148040976913673
22,adaptshrink,4,-0.44117842515664263,-1.2487475294903967,0.3663906791771113,-0.04718815264907217
22,adaptshrink,5,-0.506498618715266,-1.1414554233356629,0.1284581859051308,-0.2658361362517546
23,common_DL,1,-0.3863613693861783,-0.932549191288272,0.15982645251591537,-0.2617191073092074
23,common_DL,2,0.11722508999736286,-0.5810352718448897,0.8154854518396155,0.3432698615628335
23,common_DL,3,-1.140612824039897,-1.8559320354798654,-0.4252936125999286,-0.7054065516628146
23,common_DL,4,0.01472548540130486,-0.6742135905146638,0.7036645613172734,0.2984134588105116
23,common_DL,5,-0.4367619931823903,-0.9703506829063859,0.09682669654160536,-0.24389618175821107
23,comp_specific,1,-0.405941466674833,-0.819707297630635,0.007824364280969054,-0.2617191073092074
23,comp_specific,2,0.07377726052944611,-0.5938812696355046,0.7414357906943968,0.3432698615628335
23,comp_specific,3,-1.1880273354990587,-1.925847331322423,-0.4502073396756946,-0.7054065516628146
23,comp_specific,4,0.013967997436087565,-0.6245004375459556,0.6524364324181308,0.2984134588105116
23,comp_specific,5,-0.4596329727817536,-0.8183235653728596,-0.10094238019064766,-0.24389618175821107
23,adaptshrink,1,-0.39287139299329144,-0.9185996839705306,0.13285689798394773,-0.2617191073092074
23,adaptshrink,2,0.10555002989729828,-0.589972217562144,0.8010722773567407,0.3432698615628335
23,adaptshrink,3,-1.1519267075851594,-1.8726309864670703,-0.43122242870324845,-0.7054065516628146
23,adaptshrink,4,0.020630077104899613,-0.6629586339664488,0.7042187881762481,0.2984134588105116
23,adaptshrink,5,-0.43564281596305054,-0.9448927896395177,0.07360715771341664,-0.24389618175821107
24,common_DL,1,0.4522062463493363,-0.11940165846167722,1.0238141511603498,0.18093888763589716
24,common_DL,2,0.566054427467775,-0.17437936436457013,1.3064882193001202,-0.2018966081818033
24,common_DL,3,0.7902418002403068,0.053197063229240116,1.5272865372513733,-0.13633029486733336
24,common_DL,4,1.3223972214469197,0.5990425773856474,2.0457518655081923,0.1376832353510963
24,common_DL,5,0.6564056410337513,0.10065343841689578,1.2121578436506069,-0.0026965484705932814
24,comp_specific,1,0.4522062463493363,-0.11940165846167722,1.0238141511603498,0.18093888763589716
24,comp_specific,2,0.566054427467775,-0.17437936436457013,1.3064882193001202,-0.2018966081818033
24,comp_specific,3,0.7902418002403068,0.053197063229240116,1.5272865372513733,-0.13633029486733336
24,comp_specific,4,1.3223972214469197,0.5990425773856474,2.0457518655081923,0.1376832353510963
24,comp_specific,5,0.6564056410337513,0.10065343841689578,1.2121578436506069,-0.0026965484705932814
24,adaptshrink,1,0.4522062463493363,-0.11940165846167722,1.0238141511603498,0.18093888763589716
24,adaptshrink,2,0.566054427467775,-0.17437936436457013,1.3064882193001202,-0.2018966081818033
24,adaptshrink,3,0.7902418002403068,0.053197063229240116,1.5272865372513733,-0.13633029486733336
24,adaptshrink,4,1.3223972214469197,0.5990425773856474,2.0457518655081923,0.1376832353510963
24,adaptshrink,5,0.6564056410337513,0.10065343841689578,1.2121578436506069,-0.0026965484705932814
25,common_DL,1,0.3368300613586626,-0.2268172968712467,0.9004774195885719,-0.09135266404305191
25,common_DL,2,0.514463904505954,-0.16008861981686573,1.189016428828774,0.09381295416067877
25,common_DL,3,-0.2629866210812445,-1.0464810895508068,0.5205078473883177,-0.8379809684117253
25,common_DL,4,0.30257263247895244,-0.478828559920181,1.083973824878086,0.06698423313000737
25,common_DL,5,-0.3845547149994429,-1.070492781608748,0.3013833516098621,-0.7846230561898428
25,comp_specific,1,0.3626395425275581,-0.1319576606638158,0.857236745718932,-0.09135266404305191
25,comp_specific,2,0.5682446366912811,-0.00414202081206505,1.1406312941946273,0.09381295416067877
25,comp_specific,3,-0.19204133870179046,-0.9738935581966452,0.5898108807930642,-0.8379809684117253
25,comp_specific,4,0.26763636983391953,-0.5434031206724141,1.078675860340253,0.06698423313000737
25,comp_specific,5,-0.4044984461708763,-1.1015578008718094,0.29256090853005673,-0.7846230561898428
25,adaptshrink,1,0.34435087119378305,-0.20729243088692384,0.8959941732744899,-0.09135266404305191
25,adaptshrink,2,0.5287374655460704,-0.13075589187034142,1.188230822962482,0.09381295416067877
25,adaptshrink,3,-0.24246367348885248,-1.030229983038773,0.545302636061068,-0.8379809684117253
25,adaptshrink,4,0.2898527995971496,-0.498311012845174,1.0780166120394732,0.06698423313000737
25,adaptshrink,5,-0.3918159647249141,-1.0802708001612862,0.296638870711458,-0.7846230561898428
26,common_DL,1,0.5923058797311985,0.3962559246132413,0.7883558348491557,0.5585328986397193
26,common_DL,2,0.6969256211136663,0.2643568565841969,1.1294943856431356,0.5387824417724625
26,common_DL,3,0.23294873160179558,-0.1775567026718895,0.6434541658754807,-0.14874136540047878
26,common_DL,4,-0.16086418851617743,-0.5373343800433514,0.21560600301099656,0.030791407834471658
26,common_DL,5,-0.4555050815331052,-0.7394246639991338,-0.17158549906707665,-0.31592877104748573
26,comp_specific,1,0.5923058797311985,0.3962559246132413,0.7883558348491557,0.5585328986397193
26,comp_specific,2,0.6969256211136663,0.2643568565841969,1.1294943856431356,0.5387824417724625
26,comp_specific,3,0.23294873160179558,-0.1775567026718895,0.6434541658754807,-0.14874136540047878
26,comp_specific,4,-0.16086418851617743,-0.5373343800433514,0.21560600301099656,0.030791407834471658
26,comp_specific,5,-0.4555050815331052,-0.7394246639991338,-0.17158549906707665,-0.31592877104748573
26,adaptshrink,1,0.5923058797311985,0.3962559246132413,0.7883558348491557,0.5585328986397193
26,adaptshrink,2,0.6969256211136663,0.2643568565841969,1.1294943856431356,0.5387824417724625
26,adaptshrink,3,0.23294873160179558,-0.1775567026718895,0.6434541658754807,-0.14874136540047878
26,adaptshrink,4,-0.16086418851617743,-0.5373343800433514,0.21560600301099656,0.030791407834471658
26,adaptshrink,5,-0.4555050815331052,-0.7394246639991338,-0.17158549906707665,-0.31592877104748573
27,common_DL,1,-0.8243803496740225,-1.3073828677948378,-0.3413778315532073,-0.5460027620890013
27,common_DL,2,-0.12123799647465427,-0.7575972656983059,0.5151212727489973,-0.1306520464007151
27,common_DL,3,-0.054453316912051186,-0.7712055217717932,0.6622988879476908,-0.1579828629679677
27,common_DL,4,-0.47139199811688615,-1.123920407901747,0.1811364116679749,-0.26925477893539695
27,common_DL,5,-0.48261759247982333,-1.0628557836074006,0.09762059864775391,-0.2571240051920101
27,comp_specific,1,-0.8513328382100138,-1.3844599023283806,-0.31820577409164696,-0.5460027620890013
27,comp_specific,2,-0.14588130209472072,-0.8143011979348951,0.5225385937454536,-0.1306520464007151
27,comp_specific,3,-0.03811803592878665,-0.7502322778724437,0.6739962060148705,-0.1579828629679677
27,comp_specific,4,-0.44762291928769604,-1.1368890360035229,0.2416431974281309,-0.26925477893539695
27,comp_specific,5,-0.4862269668219164,-1.0681032599675393,0.09564932632370654,-0.2571240051920101
27,adaptshrink,1,-0.830071150911943,-1.3239426717481366,-0.3361996300757492,-0.5460027620890013
27,adaptshrink,2,-0.12608056724799774,-0.7693287844865155,0.51716764999052,-0.1306520464007151
27,adaptshrink,3,-0.05199429157768426,-0.7682930838061992,0.6643045006508308,-0.1579828629679677
27,adaptshrink,4,-0.46620563522148917,-1.1267209378494751,0.1943096674064967,-0.26925477893539695
27,adaptshrink,5,-0.48394181226882327,-1.0645439459060677,0.09666032136842118,-0.2571240051920101
28,common_DL,1,0.139579841162499,-0.5359127753814159,0.8150724577064139,0.47377493580927627
28,common_DL,2,1.3093635790481075,0.6226619107115049,1.9960652473847103,0.7855065136177628
28,common_DL,3,1.2069082985276163,0.5413155142851902,1.8725010827700423,0.8052312797786673
28,common_DL,4,1.2412293120408453,0.6256426638023975,1.856815960279293,0.6236270226550826
28,common_DL,5,0.09719136276630413,-0.1075696888106106,0.30195241434321884,-0.32300516524121475
28,comp_specific,1,0.139579841162499,-0.5359127753814159,0.8150724577064139,0.47377493580927627
28,comp_specific,2,1.3093635790481075,0.6226619107115049,1.9960652473847103,0.7855065136177628
28,comp_specific,3,1.2069082985276163,0.5413155142851902,1.8725010827700423,0.8052312797786673
28,comp_specific,4,1.2412293120408453,0.6256426638023975,1.856815960279293,0.6236270226550826
28,comp_specific,5,0.09719136276630413,-0.1075696888106106,0.30195241434321884,-0.32300516524121475
28,adaptshrink,1,0.139579841162499,-0.5359127753814159,0.8150724577064139,0.47377493580927627
28,adaptshrink,2,1.3093635790481075,0.6226619107115049,1.9960652473847103,0.7855065136177628
28,adaptshrink,3,1.2069082985276163,0.5413155142851902,1.8725010827700423,0.8052312797786673
28,adaptshrink,4,1.2412293120408453,0.6256426638023975,1.856815960279293,0.6236270226550826
28,adaptshrink,5,0.09719136276630413,-0.1075696888106106,0.30195241434321884,-0.32300516524121475
29,common_DL,1,-0.07387088393800564,-1.0620716091503821,0.9143298412743709,-0.04681563230397406
29,common_DL,2,-0.5448704435728043,-1.5980501100914184,0.5083092229458096,0.05834119486576496
29,common_DL,3,-0.04944475031413756,-1.0564768015656483,0.9575873009373732,0.357832813168854
29,common_DL,4,-0.27053909244348073,-1.1546837559228964,0.6136055710359349,-0.06349195815737271
29,common_DL,5,-0.5330179966489111,-1.2252827374481836,0.15924674415036133,-0.12196407762683854
29,comp_specific,1,-0.03669345523250461,-1.0498589153030053,0.976472004837996,-0.04681563230397406
29,comp_specific,2,-0.4116600505858968,-1.4451098313850979,0.6217897302133044,0.05834119486576496
29,comp_specific,3,0.1129492541823234,-1.0194275196526794,1.2453260280173262,0.357832813168854
29,comp_specific,4,-0.028298878575274716,-1.1578509767747411,1.1012532196241918,-0.06349195815737271
29,comp_specific,5,-0.2676987420392603,-1.3697974912622972,0.8344000071837767,-0.12196407762683854
29,adaptshrink,1,-0.05206427273962194,-1.0462510897289552,0.9421225442497112,-0.04681563230397406
29,adaptshrink,2,-0.5043038958324428,-1.5603738604442987,0.551766068779413,0.05834119486576496
29,adaptshrink,3,0.008239594210791207,-1.035704473669847,1.0521836620914293,0.357832813168854
29,adaptshrink,4,-0.19433325656806966,-1.1595005808948158,0.7708340677586765,-0.06349195815737271
29,adaptshrink,5,-0.447534924378465,-1.276634879050147,0.381565030293217,-0.12196407762683854
30,common_DL,1,-0.17733044238610124,-0.598934757518724,0.24427387274652163,-0.11820165860956089
30,common_DL,2,0.3321045112880674,-0.3651488444006026,1.0293578669767374,0.3076904378060527
30,common_DL,3,0.7548550332374719,-0.07932345948298347,1.5890335259579274,0.7520934873458782
30,common_DL,4,0.6044247213672251,-0.24209485248805407,1.4509442952225045,0.30517274475439526
30,common_DL,5,-0.3666700285902765,-1.0275407985813891,0.29420074140083613,-0.12216148320384708
30,comp_specific,1,-0.06861452319033318,-0.25133821912742416,0.11410917274675778,-0.11820165860956089
30,comp_specific,2,0.39977889718514714,-0.21476839750611842,1.0143261918764126,0.3076904378060527
30,comp_specific,3,0.7682966082663424,-0.00975316554942518,1.54634638208211,0.7520934873458782
30,comp_specific,4,0.7391025904942046,-0.04410002929275114,1.5223052102811603,0.30517274475439526
30,comp_specific,5,-0.31536817035411924,-0.9648119529141702,0.33407561220593174,-0.12216148320384708
30,adaptshrink,1,-0.16036709224525042,-0.5480069893098551,0.22727280481935436,-0.11820165860956089
30,adaptshrink,2,0.3426300837027142,-0.33943843078633085,1.0246985981917591,0.3076904378060527
30,adaptshrink,3,0.7568736432222352,-0.0669364428980368,1.5806837293425071,0.7520934873458782
30,adaptshrink,4,0.6255503011492569,-0.2107710667235544,1.4618716690220683,0.30517274475439526
30,adaptshrink,5,-0.3586228155911421,-1.0176068353335468,0.3003612041512626,-0.12216148320384708
31,common_DL,1,0.2566653497496243,-0.11758383537115996,0.6309145348704086,0.10211999454568085
31,common_DL,2,0.26270714665465766,-0.22779531002525616,0.7532096033345714,0.22642995414851724
31,common_DL,3,-0.2125320109484659,-0.7114591592588124,0.28639513736188066,-0.24067561494309214
31,common_DL,4,0.47286458372811224,0.08434150607033325,0.8613876613858913,0.7052141741868178
31,common_DL,5,-0.6126920376836132,-0.8898308676038076,-0.33555320776341896,-0.3930987241886425
31,comp_specific,1,0.26121713866085317,-0.09229365961411012,0.6147279369358165,0.10211999454568085
31,comp_specific,2,0.257446470663376,-0.22776305993168539,0.7426560012584373,0.22642995414851724
31,comp_specific,3,-0.1790695026983489,-0.6712162674461422,0.3130772620494443,-0.24067561494309214
31,comp_specific,4,0.49362399198925994,0.05446233625257779,0.9327856477259421,0.7052141741868178
31,comp_specific,5,-0.5566844647374085,-0.9674519809338206,-0.14591694854099646,-0.3930987241886425
31,adaptshrink,1,0.2581042189377062,-0.11226115674499743,0.6284695946204097,0.10211999454568085
31,adaptshrink,2,0.2632930392397286,-0.22650599884497424,0.7530920773244314,0.22642995414851724
31,adaptshrink,3,-0.20556375251367087,-0.7045761419238574,0.29344863689651574,-0.24067561494309214
31,adaptshrink,4,0.47872858882962765,0.07768188788798447,0.8797752897712708,0.7052141741868178
31,adaptshrink,5,-0.6010021549363573,-0.9141577483828011,-0.2878465614899136,-0.3930987241886425
32,common_DL,1,0.1000382648392758,-0.0955024656149984,0.29557899529355003,0.204533991797251
32,common_DL,2,-0.909897480501411,-1.3373906703148268,-0.4824042906879952,-0.8678772055650223
32,common_DL,3,0.06294634172065627,-0.36629775525544794,0.4921904386967605,0.12006059723910449
32,common_DL,4,0.7418894416608403,0.37298635454152734,1.1107925287801532,0.573259310812863
32,common_DL,5,-0.2204116403148857,-0.44951620810653425,0.00869292747676284,-0.11685060830767137
32,comp_specific,1,0.11180087389508103,-0.06619572678118735,0.2897974745713494,0.204533991797251
32,comp_specific,2,-0.8724787919542345,-1.3320698924044654,-0.4128876915040037,-0.8678772055650223
32,comp_specific,3,0.022079638193096496,-0.4390946975493,0.48325397393549296,0.12006059723910449
32,comp_specific,4,0.7167466718759139,0.33967376725577303,1.0938195764960548,0.573259310812863
32,comp_specific,5,-0.22560216353826973,-0.4575547163411958,0.006350389264656392,-0.11685060830767137
32,adaptshrink,1,0.10177184571985859,-0.0906055096400935,0.2941492010798107,0.204533991797251
32,adaptshrink,2,-0.9069631451542174,-1.3433682639026732,-0.47055802640576155,-0.8678772055650223
32,adaptshrink,3,0.05932448615808822,-0.3790064795136269,0.49765545182980336,0.12006059723910449
32,adaptshrink,4,0.7395580198996345,0.3679843977799226,1.1111316420193464,0.573259310812863
32,adaptshrink,5,-0.2205834778607485,-0.4503626683038958,0.009195712582398846,-0.11685060830767137
33,common_DL,1,1.2750546749910647,0.15698899293523128,2.3931203570468984,0.7994777588068614
33,common_DL,2,-1.0716490408871393,-2.4389822299869808,0.2956841482127024,-0.987468851772764
33,common_DL,3,0.209180691069221,-1.186262297906131,1.6046236800445732,0.2591366598292834
33,common_DL,4,-0.8215796146835616,-2.1726333091441434,0.5294740797770204,-0.44949603142403494
33,common_DL,5,0.8163516654370034,-0.2831865638687524,1.9158898947427594,0.6224634009952067
33,comp_specific,1,1.2711220748768168,0.14794662081140464,2.394297528942229,0.7994777588068614
33,comp_specific,2,-1.0794729755822492,-2.463282772474879,0.304336821310381,-0.987468851772764
33,comp_specific,3,0.11784802044907444,-1.294177629245912,1.5298736701440607,0.2591366598292834
33,comp_specific,4,-0.814246094012382,-2.179958752667096,0.5514665646423317,-0.44949603142403494
33,comp_specific,5,0.8201141851685331,-0.28418078381411604,1.9244091541511823,0.6224634009952067
33,adaptshrink,1,1.2753042957250518,0.15616630619086802,2.3944422852592355,0.7994777588068614
33,adaptshrink,2,-1.0711524187377965,-2.4419534632495017,0.2996486257739086,-0.987468851772764
33,adaptshrink,3,0.19278824124104388,-1.2086744585567368,1.5942509410388244,0.2591366598292834
33,adaptshrink,4,-0.8220451079347114,-2.1761826460567275,0.5320924301873046,-0.44949603142403494
33,adaptshrink,5,0.816112840509541,-0.2844235149865362,1.9166491960056182,0.6224634009952067
34,common_DL,1,-0.02125177417419244,-0.7761142186640946,0.7336106703157097,0.31995032098574727
34,common_DL,2,1.1208757870017716,0.1838699551225481,2.057881618880995,1.1392947024830014
34,common_DL,3,-0.03917328358893868,-0.9371606271152058,0.8588140599373284,-0.25036538080929943
34,common_DL,4,0.29270921488973467,-0.41129470577830674,0.9967131355577761,0.19032011649986713
34,common_DL,5,0.18434254879702822,-0.35944363272296603,0.7281287303170225,0.23157273787760985
34,comp_specific,1,-0.01767125506950651,-0.7706588666845667,0.7353163565455537,0.31995032098574727
34,comp_specific,2,1.1298440121934554,0.20235034728840473,2.057337677098506,1.1392947024830014
34,comp_specific,3,-0.02786709061437348,-0.9100198254513534,0.8542856442226063,-0.25036538080929943
34,comp_specific,4,0.30730180641894,-0.36252298540105765,0.9771265982389377,0.19032011649986713
34,comp_specific,5,0.14245141020138036,-0.463250998439617,0.7481538188423777,0.23157273787760985
34,adaptshrink,1,-0.020611571536503726,-0.7751273641314593,0.7339042210584519,0.31995032098574727
34,adaptshrink,2,1.122479320247996,0.1872267506644817,2.0577318898315102,1.1392947024830014
34,adaptshrink,3,-0.03715171790169919,-0.9322294405131595,0.857926004709761,-0.25036538080929943
34,adaptshrink,4,0.2953183939820875,-0.402485751104505,0.99312253906868,0.19032011649986713
34,adaptshrink,5,0.17583381363946426,-0.38130597351616013,0.7329736007950887,0.23157273787760985
35,common_DL,1,-0.1403064403586684,-0.4265952722522011,0.1459823915348643,0.06285165935066817
35,common_DL,2,-0.510137285481475,-1.0844850897953418,0.0642105188323917,-0.2944609326911332
35,common_DL,3,0.09438793360206876,-0.4775603058680423,0.6663361730721798,0.24425487065263643
35,common_DL,4,-0.2919165348032827,-0.8534109583975733,0.26957788879100786,-0.45835261869410715
35,common_DL,5,0.2555483041080407,-0.19235875209672137,0.7034553603128028,-0.027247814502533385
35,comp_specific,1,-0.1384003816508007,-0.4256541386804181,0.1488533753788167,0.06285165935066817
35,comp_specific,2,-0.4967772822707185,-1.0943262892927943,0.10077172475135743,-0.2944609326911332
35,comp_specific,3,0.11046723901499694,-0.4949325660180464,0.7158670440480404,0.24425487065263643
35,comp_specific,4,-0.2743161551350798,-0.8763659089082106,0.32773359863805107,-0.45835261869410715
35,comp_specific,5,0.27900409530196835,-0.25431476753717,0.8123229581411067,-0.027247814502533385
35,adaptshrink,1,-0.14007613446618866,-0.42654753407061236,0.14639526513823503,0.06285165935066817
35,adaptshrink,2,-0.5085230185912282,-1.0873258603474392,0.07027982316498282,-0.2944609326911332
35,adaptshrink,3,0.09633076923891754,-0.48208626074681854,0.6747477992246536,0.24425487065263643
35,adaptshrink,4,-0.289789910302827,-0.8591684774103014,0.27958865680464745,-0.45835261869410715
35,adaptshrink,5,0.2583824282105307,-0.20686585372412608,0.7236307101451875,-0.027247814502533385
36,common_DL,1,-0.038208083743184684,-0.36252875911141513,0.28611259162504576,-0.10704371375561861
36,common_DL,2,0.028957746090812697,-0.4042232390633244,0.4621387312449498,-0.13316427353800592
36,common_DL,3,-0.4123750729476952,-0.9229750084758463,0.09822486258045587,-0.47990737548791895
36,common_DL,4,0.458641325132878,-0.06386447569888026,0.9811471259646363,0.5005555914647669
36,common_DL,5,0.7471129356944646,0.4038622256342036,1.0903636457547257,0.7992690927484128
36,comp_specific,1,-0.03769875248431165,-0.36565263447132296,0.29025512950269966,-0.10704371375561861
36,comp_specific,2,0.042524029287645704,-0.3890933881129052,0.47414144668819663,-0.13316427353800592
36,comp_specific,3,-0.3832015107015512,-0.9016371455266864,0.13523412412358404,-0.47990737548791895
36,comp_specific,4,0.5065897733560827,-0.02710412742238455,1.04028367413455,0.5005555914647669
36,comp_specific,5,0.7971382445691535,0.23995816804679626,1.3543183210915108,0.7992690927484128
36,adaptshrink,1,-0.03864780061883838,-0.36384095449478043,0.2865453532571037,-0.10704371375561861
36,adaptshrink,2,0.03049128094409509,-0.4031339325753588,0.46411649446354897,-0.13316427353800592
36,adaptshrink,3,-0.4086468548889311,-0.9234691799757646,0.10617547019790247,-0.47990737548791895
36,adaptshrink,4,0.4651744535621955,-0.06410125998464294,0.994450167109034,0.5005555914647669
36,adaptshrink,5,0.7518530646545247,0.34259468899539647,1.161111440313653,0.7992690927484128
37,common_DL,1,0.05374079266909754,-0.4866383093813031,0.5941198947194981,0.015100766447015848
37,common_DL,2,-1.1363792469159162,-1.7510305358637313,-0.5217279579681011,-0.802906866786545
37,common_DL,3,-0.12603578427622672,-0.7180317906048574,0.46596022205240395,-0.07318816318653738
37,common_DL,4,-0.5427482207915328,-1.0408107581346884,-0.044685683448377256,-0.06429615968635397
37,common_DL,5,-0.1559145495828684,-0.6027456821490031,0.2909165829832663,0.2955450670731816
37,comp_specific,1,0.05374079266909754,-0.4866383093813031,0.5941198947194981,0.015100766447015848
37,comp_specific,2,-1.1363792469159162,-1.7510305358637313,-0.5217279579681011,-0.802906866786545
37,comp_specific,3,-0.12603578427622672,-0.7180317906048574,0.46596022205240395,-0.07318816318653738
37,comp_specific,4,-0.5427482207915328,-1.0408107581346884,-0.044685683448377256,-0.06429615968635397
37,comp_specific,5,-0.1559145495828684,-0.6027456821490031,0.2909165829832663,0.2955450670731816
37,adaptshrink,1,0.05374079266909754,-0.4866383093813031,0.5941198947194981,0.015100766447015848
37,adaptshrink,2,-1.1363792469159162,-1.7510305358637313,-0.5217279579681011,-0.802906866786545
37,adaptshrink,3,-0.12603578427622672,-0.7180317906048574,0.46596022205240395,-0.07318816318653738
37,adaptshrink,4,-0.5427482207915328,-1.0408107581346884,-0.044685683448377256,-0.06429615968635397
37,adaptshrink,5,-0.1559145495828684,-0.6027456821490031,0.2909165829832663,0.2955450670731816
38,common_DL,1,-0.19465092422287023,-0.42594904814026546,0.036647199694524984,-0.14890600170151527
38,common_DL,2,0.8366863162255832,0.39202084825836936,1.281351784192797,0.8809093497170317
38,common_DL,3,-0.09682557033178496,-0.5606802079009027,0.36702906723733275,0.24953171473409405
38,common_DL,4,0.7031213983430178,0.3619663524500303,1.0442764442360053,0.6325126461758416
38,common_DL,5,0.3457456944778513,0.05695076173468255,0.6345406272210201,0.22670426637941182
38,comp_specific,1,-0.19465092422287023,-0.42594904814026546,0.036647199694524984,-0.14890600170151527
38,comp_specific,2,0.8366863162255832,0.39202084825836936,1.281351784192797,0.8809093497170317
38,comp_specific,3,-0.09682557033178496,-0.5606802079009027,0.36702906723733275,0.24953171473409405
38,comp_specific,4,0.7031213983430178,0.3619663524500303,1.0442764442360053,0.6325126461758416
38,comp_specific,5,0.3457456944778513,0.05695076173468255,0.6345406272210201,0.22670426637941182
38,adaptshrink,1,-0.19465092422287023,-0.42594904814026546,0.036647199694524984,-0.14890600170151527
38,adaptshrink,2,0.8366863162255832,0.39202084825836936,1.281351784192797,0.8809093497170317
38,adaptshrink,3,-0.09682557033178496,-0.5606802079009027,0.36702906723733275,0.24953171473409405
38,adaptshrink,4,0.7031213983430178,0.3619663524500303,1.0442764442360053,0.6325126461758416
38,adaptshrink,5,0.3457456944778513,0.05695076173468255,0.6345406272210201,0.22670426637941182
39,common_DL,1,-0.4625796415810527,-1.393500295140068,0.4683410119779624,-0.3590126211389054
39,common_DL,2,-1.3469386030852049,-2.3924004584717613,-0.3014767476986484,-0.9741506844748008
39,common_DL,3,-0.3202701712474641,-1.3869757730134313,0.7464354305185033,-0.1932417884718039
39,common_DL,4,-0.9619345742123244,-1.9120285778470898,-0.01184057057755905,-0.9876628582854924
39,common_DL,5,0.5514938612960738,-0.1696735286594545,1.272661251251602,0.4005194782536863
39,comp_specific,1,-0.4774081816941755,-1.3802560643970017,0.42543970100865075,-0.3590126211389054
39,comp_specific,2,-1.426264665772233,-2.413484738748258,-0.4390445927962082,-0.9741506844748008
39,comp_specific,3,-0.3037101283197654,-1.2854131521678274,0.6779928955282967,-0.1932417884718039
39,comp_specific,4,-0.889743066981999,-1.8371248949042323,0.057638760940234124,-0.9876628582854924
39,comp_specific,5,0.6715172819639386,-0.23066837491194214,1.5737029388398192,0.4005194782536863
39,adaptshrink,1,-0.46297862668216566,-1.3893553520502842,0.4633980986859528,-0.3590126211389054
39,adaptshrink,2,-1.3594736604516686,-2.3994395752271607,-0.31950774567617657,-0.9741506844748008
39,adaptshrink,3,-0.31744525837894433,-1.3686092681155655,0.733718751357677,-0.1932417884718039
39,adaptshrink,4,-0.9466364289395356,-1.8993725928186627,0.0060997349395913725,-0.9876628582854924
39,adaptshrink,5,0.5768531733078169,-0.19592035109310146,1.3496266977087354,0.4005194782536863
